order_id,order_date,region,category,revenue_amount
ORD-000001,2026-04-01,North,Hardware,751.44
ORD-000002,2026-04-01,North,Accessories,37.74
ORD-000003,2026-04-01,North,Hardware,337.13
ORD-000004,2026-04-01,North,Services,369.51
ORD-000005,2026-04-01,North,Hardware,913.22
ORD-000006,2026-04-01,North,Hardware,211.34
ORD-000007,2026-04-01,North,Hardware,365.07
ORD-000008,2026-04-01,North,Accessories,38.96
ORD-000009,2026-04-01,North,Services,458.09
ORD-000010,2026-04-01,North,Software,86.49
ORD-000011,2026-04-01,North,Services,498.14
ORD-000012,2026-04-01,North,Hardware,209.15
ORD-000013,2026-04-01,North,Software,259.87
ORD-000014,2026-04-01,North,Software,119.10
ORD-000015,2026-04-01,North,Hardware,464.84
ORD-000016,2026-04-01,North,Software,80.61
ORD-000017,2026-04-01,North,Accessories,24.46
ORD-000018,2026-04-01,North,Hardware,215.30
ORD-000019,2026-04-01,North,Hardware,225.48
ORD-000020,2026-04-01,North,Accessories,71.08
ORD-000021,2026-04-01,North,Services,651.71
ORD-000022,2026-04-01,North,Accessories,14.85
ORD-000023,2026-04-01,North,Hardware,181.30
ORD-000024,2026-04-01,North,Software,122.99
ORD-000025,2026-04-01,North,Services,874.46
ORD-000026,2026-04-01,North,Hardware,358.97
ORD-000027,2026-04-01,North,Hardware,210.43
ORD-000028,2026-04-01,North,Services,588.43
ORD-000029,2026-04-01,North,Software,123.30
ORD-000030,2026-04-01,North,Software,154.09
ORD-000031,2026-04-01,North,Accessories,43.78
ORD-000032,2026-04-01,North,Hardware,295.10
ORD-000033,2026-04-01,North,Hardware,594.18
ORD-000034,2026-04-01,North,Hardware,259.36
ORD-000035,2026-04-01,North,Software,169.79
ORD-000036,2026-04-01,North,Hardware,369.37
ORD-000037,2026-04-01,North,Hardware,314.25
ORD-000038,2026-04-01,North,Software,372.65
ORD-000039,2026-04-01,North,Accessories,23.30
ORD-000040,2026-04-01,North,Accessories,59.29
ORD-000041,2026-04-01,North,Accessories,227.86
ORD-000042,2026-04-01,North,Accessories,19.56
ORD-000043,2026-04-01,North,Accessories,33.85
ORD-000044,2026-04-01,North,Accessories,50.27
ORD-000045,2026-04-01,Central,Hardware,720.69
ORD-000046,2026-04-01,Central,Software,84.85
ORD-000047,2026-04-01,Central,Software,310.50
ORD-000048,2026-04-01,Central,Services,333.58
ORD-000049,2026-04-01,Central,Software,198.35
ORD-000050,2026-04-01,Central,Hardware,173.06
ORD-000051,2026-04-01,Central,Software,137.52
ORD-000052,2026-04-01,Central,Services,411.17
ORD-000053,2026-04-01,Central,Hardware,464.08
ORD-000054,2026-04-01,Central,Software,440.40
ORD-000055,2026-04-01,Central,Hardware,191.16
ORD-000056,2026-04-01,Central,Hardware,194.43
ORD-000057,2026-04-01,Central,Accessories,16.40
ORD-000058,2026-04-01,Central,Accessories,26.41
ORD-000059,2026-04-01,Central,Software,75.86
ORD-000060,2026-04-01,Central,Accessories,136.80
ORD-000061,2026-04-01,Central,Hardware,785.67
ORD-000062,2026-04-01,Central,Accessories,43.22
ORD-000063,2026-04-01,Central,Accessories,94.18
ORD-000064,2026-04-01,Central,Accessories,30.02
ORD-000065,2026-04-01,Central,Hardware,705.47
ORD-000066,2026-04-01,Central,Software,99.24
ORD-000067,2026-04-01,Central,Services,368.90
ORD-000068,2026-04-01,Central,Services,756.60
ORD-000069,2026-04-01,Central,Services,477.41
ORD-000070,2026-04-01,Central,Hardware,233.16
ORD-000071,2026-04-01,Central,Software,115.22
ORD-000072,2026-04-01,Central,Software,240.18
ORD-000073,2026-04-01,Central,Accessories,13.06
ORD-000074,2026-04-01,Central,Hardware,261.11
ORD-000075,2026-04-01,Central,Hardware,115.10
ORD-000076,2026-04-01,Central,Accessories,43.15
ORD-000077,2026-04-01,Central,Accessories,65.25
ORD-000078,2026-04-01,Central,Services,671.49
ORD-000079,2026-04-01,Central,Hardware,171.77
ORD-000080,2026-04-01,Central,Accessories,32.35
ORD-000081,2026-04-01,Central,Accessories,190.36
ORD-000082,2026-04-01,South,Software,121.38
ORD-000083,2026-04-01,South,Hardware,139.69
ORD-000084,2026-04-01,South,Accessories,20.26
ORD-000085,2026-04-01,South,Hardware,246.83
ORD-000086,2026-04-01,South,Hardware,528.21
ORD-000087,2026-04-01,South,Hardware,155.81
ORD-000088,2026-04-01,South,Accessories,20.77
ORD-000089,2026-04-01,South,Hardware,1456.82
ORD-000090,2026-04-01,South,Accessories,117.10
ORD-000091,2026-04-01,South,Software,72.48
ORD-000092,2026-04-01,South,Hardware,354.10
ORD-000093,2026-04-01,South,Accessories,35.06
ORD-000094,2026-04-01,South,Software,117.30
ORD-000095,2026-04-01,South,Accessories,27.77
ORD-000096,2026-04-01,South,Hardware,917.34
ORD-000097,2026-04-01,South,Accessories,61.08
ORD-000098,2026-04-01,South,Software,181.82
ORD-000099,2026-04-01,South,Hardware,188.54
ORD-000100,2026-04-01,South,Hardware,675.78
ORD-000101,2026-04-01,South,Services,540.92
ORD-000102,2026-04-01,South,Software,131.21
ORD-000103,2026-04-01,South,Services,737.11
ORD-000104,2026-04-01,South,Services,713.77
ORD-000105,2026-04-01,South,,27.05
ORD-000106,2026-04-01,South,Hardware,184.47
ORD-000107,2026-04-01,South,Services,711.39
ORD-000108,2026-04-01,South,Software,58.89
ORD-000109,2026-04-02,North,Software,73.66
ORD-000110,2026-04-02,North,Accessories,36.77
ORD-000111,2026-04-02,North,Hardware,212.56
ORD-000112,2026-04-02,North,Hardware,794.60
ORD-000113,2026-04-02,North,Hardware,362.16
ORD-000114,2026-04-02,North,Hardware,312.68
ORD-000115,2026-04-02,North,Accessories,50.77
ORD-000116,2026-04-02,North,Accessories,26.51
ORD-000117,2026-04-02,North,Accessories,22.47
ORD-000118,2026-04-02,North,Software,235.97
ORD-000119,2026-04-02,North,Software,245.98
ORD-000120,2026-04-02,North,Accessories,28.70
ORD-000121,2026-04-02,North,Accessories,33.03
ORD-000122,2026-04-02,North,Accessories,49.96
ORD-000123,2026-04-02,North,Hardware,248.22
ORD-000124,2026-04-02,North,Software,90.87
ORD-000125,2026-04-02,North,Accessories,69.68
ORD-000126,2026-04-02,North,Hardware,341.12
ORD-000127,2026-04-02,North,Hardware,382.92
ORD-000128,2026-04-02,North,Accessories,37.78
ORD-000129,2026-04-02,North,Hardware,262.27
ORD-000130,2026-04-02,North,Services,482.84
ORD-000131,2026-04-02,North,Hardware,168.62
ORD-000132,2026-04-02,North,Hardware,254.03
ORD-000133,2026-04-02,North,Services,1398.46
ORD-000134,2026-04-02,North,Software,103.26
ORD-000135,2026-04-02,North,Software,289.61
ORD-000136,2026-04-02,North,Software,189.02
ORD-000137,2026-04-02,North,Services,482.09
ORD-000138,2026-04-02,North,Software,119.75
ORD-000139,2026-04-02,North,Hardware,593.39
ORD-000140,2026-04-02,North,Accessories,34.94
ORD-000141,2026-04-02,North,Software,113.51
ORD-000142,2026-04-02,North,Services,247.21
ORD-000143,2026-04-02,North,Services,377.65
ORD-000144,2026-04-02,North,Software,52.59
ORD-000145,2026-04-02,North,Hardware,177.88
ORD-000146,2026-04-02,North,Software,370.25
ORD-000147,2026-04-02,North,Software,141.44
ORD-000148,2026-04-02,North,Software,90.22
ORD-000149,2026-04-02,North,Services,419.41
ORD-000150,2026-04-02,Central,Hardware,254.03
ORD-000151,2026-04-02,Central,Hardware,223.45
ORD-000152,2026-04-02,Central,Software,105.33
ORD-000153,2026-04-02,Central,Accessories,13.81
ORD-000154,2026-04-02,Central,Hardware,252.14
ORD-000155,2026-04-02,Central,Hardware,295.43
ORD-000156,2026-04-02,Central,Accessories,34.97
ORD-000157,2026-04-02,Central,Hardware,260.26
ORD-000158,2026-04-02,Central,Software,237.21
ORD-000159,2026-04-02,Central,Hardware,589.73
ORD-000160,2026-04-02,Central,Services,378.93
ORD-000161,2026-04-02,Central,Hardware,232.99
ORD-000162,2026-04-02,Central,Software,128.76
ORD-000163,2026-04-02,Central,Accessories,36.19
ORD-000164,2026-04-02,Central,Software,161.33
ORD-000165,2026-04-02,Central,Accessories,108.76
ORD-000166,2026-04-02,Central,Software,153.14
ORD-000167,2026-04-02,Central,Software,115.19
ORD-000168,2026-04-02,Central,Hardware,194.53
ORD-000169,2026-04-02,Central,Accessories,43.39
ORD-000170,2026-04-02,Central,Hardware,212.87
ORD-000171,2026-04-02,Central,Accessories,41.45
ORD-000172,2026-04-02,Central,Services,513.76
ORD-000173,2026-04-02,Central,Services,731.42
ORD-000174,2026-04-02,Central,Hardware,354.69
ORD-000175,2026-04-02,Central,Services,882.03
ORD-000176,2026-04-02,Central,Accessories,65.69
ORD-000177,2026-04-02,Central,,65.36
ORD-000178,2026-04-02,Central,Software,105.55
ORD-000179,2026-04-02,Central,Hardware,292.17
ORD-000180,2026-04-02,Central,Hardware,215.83
ORD-000181,2026-04-02,Central,Software,141.12
ORD-000182,2026-04-02,Central,Software,62.13
ORD-000183,2026-04-02,Central,Services,233.51
ORD-000184,2026-04-02,Central,Services,309.35
ORD-000185,2026-04-02,South,Accessories,75.68
ORD-000186,2026-04-02,South,Services,875.10
ORD-000187,2026-04-02,South,Hardware,166.88
ORD-000188,2026-04-02,South,Accessories,55.13
ORD-000189,2026-04-02,South,Hardware,501.38
ORD-000190,2026-04-02,South,Software,195.84
ORD-000191,2026-04-02,South,Software,128.26
ORD-000192,2026-04-02,South,Accessories,31.39
ORD-000193,2026-04-02,South,Hardware,429.68
ORD-000194,2026-04-02,South,Software,99.78
ORD-000195,2026-04-02,South,Hardware,167.08
ORD-000196,2026-04-02,South,Software,73.05
ORD-000197,2026-04-02,South,Hardware,296.34
ORD-000198,2026-04-02,South,Services,659.92
ORD-000199,2026-04-02,South,Software,211.19
ORD-000200,2026-04-02,South,Hardware,416.29
ORD-000201,2026-04-02,South,Services,211.53
ORD-000202,2026-04-02,South,Software,98.23
ORD-000203,2026-04-02,South,Accessories,16.54
ORD-000204,2026-04-02,South,Software,418.67
ORD-000205,2026-04-02,South,Software,150.44
ORD-000206,2026-04-02,South,Services,368.90
ORD-000207,2026-04-02,South,Accessories,33.64
ORD-000208,2026-04-02,South,Hardware,714.72
ORD-000209,2026-04-02,South,Software,165.30
ORD-000210,2026-04-02,South,,273.60
ORD-000211,2026-04-02,South,Hardware,289.86
ORD-000212,2026-04-03,North,Software,56.66
ORD-000213,2026-04-03,North,Accessories,36.57
ORD-000214,2026-04-03,North,Software,284.13
ORD-000215,2026-04-03,North,Services,363.07
ORD-000216,2026-04-03,North,Software,256.54
ORD-000217,2026-04-03,North,Hardware,275.63
ORD-000218,2026-04-03,North,Accessories,58.39
ORD-000219,2026-04-03,North,,267.46
ORD-000220,2026-04-03,North,Services,238.28
ORD-000221,2026-04-03,North,Software,97.60
ORD-000222,2026-04-03,North,Hardware,420.27
ORD-000223,2026-04-03,North,Software,123.10
ORD-000224,2026-04-03,North,Hardware,308.55
ORD-000225,2026-04-03,North,Hardware,417.29
ORD-000226,2026-04-03,North,Services,255.94
ORD-000227,2026-04-03,North,Accessories,117.93
ORD-000228,2026-04-03,North,Hardware,949.79
ORD-000229,2026-04-03,North,Hardware,317.40
ORD-000230,2026-04-03,North,Software,275.53
ORD-000231,2026-04-03,North,Software,231.04
ORD-000232,2026-04-03,North,Services,403.74
ORD-000233,2026-04-03,North,Hardware,371.10
ORD-000234,2026-04-03,North,Software,122.60
ORD-000235,2026-04-03,North,Hardware,613.89
ORD-000236,2026-04-03,North,Software,86.63
ORD-000237,2026-04-03,North,Software,105.17
ORD-000238,2026-04-03,North,Hardware,268.53
ORD-000239,2026-04-03,North,Software,113.37
ORD-000240,2026-04-03,North,Software,372.84
ORD-000241,2026-04-03,North,Software,158.93
ORD-000242,2026-04-03,North,Software,78.47
ORD-000243,2026-04-03,North,Software,107.85
ORD-000244,2026-04-03,North,Services,626.15
ORD-000245,2026-04-03,North,Hardware,593.70
ORD-000246,2026-04-03,North,Hardware,1087.05
ORD-000247,2026-04-03,North,Hardware,189.05
ORD-000248,2026-04-03,North,Hardware,517.80
ORD-000249,2026-04-03,North,Hardware,276.60
ORD-000250,2026-04-03,North,Hardware,310.11
ORD-000251,2026-04-03,Central,Software,434.01
ORD-000252,2026-04-03,Central,Services,577.21
ORD-000253,2026-04-03,Central,Software,171.21
ORD-000254,2026-04-03,Central,Software,149.59
ORD-000255,2026-04-03,Central,Software,167.00
ORD-000256,2026-04-03,Central,Software,127.63
ORD-000257,2026-04-03,Central,Hardware,258.55
ORD-000258,2026-04-03,Central,Hardware,434.39
ORD-000259,2026-04-03,Central,Accessories,55.69
ORD-000260,2026-04-03,Central,Accessories,46.33
ORD-000261,2026-04-03,Central,Accessories,25.55
ORD-000262,2026-04-03,Central,Accessories,27.96
ORD-000263,2026-04-03,Central,Hardware,245.55
ORD-000264,2026-04-03,Central,Software,180.56
ORD-000265,2026-04-03,Central,Accessories,51.51
ORD-000266,2026-04-03,Central,Accessories,36.19
ORD-000267,2026-04-03,Central,Services,903.12
ORD-000268,2026-04-03,Central,Accessories,81.99
ORD-000269,2026-04-03,Central,Services,374.97
ORD-000270,2026-04-03,Central,Software,113.65
ORD-000271,2026-04-03,Central,Services,332.18
ORD-000272,2026-04-03,Central,Accessories,56.62
ORD-000273,2026-04-03,Central,Accessories,51.39
ORD-000274,2026-04-03,Central,Services,172.44
ORD-000275,2026-04-03,Central,Hardware,308.82
ORD-000276,2026-04-03,Central,Hardware,239.25
ORD-000277,2026-04-03,Central,Software,76.12
ORD-000278,2026-04-03,Central,Hardware,322.93
ORD-000279,2026-04-03,Central,,24.11
ORD-000280,2026-04-03,Central,Services,249.72
ORD-000281,2026-04-03,Central,Accessories,13.64
ORD-000282,2026-04-03,Central,Services,231.03
ORD-000283,2026-04-03,Central,Software,323.30
ORD-000284,2026-04-03,Central,Services,571.13
ORD-000285,2026-04-03,Central,Software,117.23
ORD-000286,2026-04-03,Central,Software,126.54
ORD-000287,2026-04-03,Central,Services,572.75
ORD-000288,2026-04-03,Central,Hardware,467.48
ORD-000289,2026-04-03,Central,Accessories,15.52
ORD-000290,2026-04-03,Central,Software,114.65
ORD-000291,2026-04-03,Central,Hardware,592.08
ORD-000292,2026-04-03,Central,Hardware,389.39
ORD-000293,2026-04-03,Central,Accessories,57.01
ORD-000294,2026-04-03,Central,Software,85.28
ORD-000295,2026-04-03,Central,Hardware,126.25
ORD-000296,2026-04-03,Central,Software,221.76
ORD-000297,2026-04-03,Central,Software,112.93
ORD-000298,2026-04-03,Central,Hardware,482.87
ORD-000299,2026-04-03,Central,Hardware,176.02
ORD-000300,2026-04-03,Central,Software,78.86
ORD-000301,2026-04-03,Central,Accessories,36.91
ORD-000302,2026-04-03,Central,Accessories,17.26
ORD-000303,2026-04-03,Central,Software,88.54
ORD-000304,2026-04-03,Central,Hardware,419.97
ORD-000305,2026-04-03,Central,Software,162.06
ORD-000306,2026-04-03,Central,Hardware,371.82
ORD-000307,2026-04-03,South,Services,998.13
ORD-000308,2026-04-03,South,Services,443.85
ORD-000309,2026-04-03,South,Software,303.31
ORD-000310,2026-04-03,South,Accessories,42.49
ORD-000311,2026-04-03,South,Services,774.28
ORD-000312,2026-04-03,South,Accessories,73.23
ORD-000313,2026-04-03,South,Hardware,322.54
ORD-000314,2026-04-03,South,Services,702.41
ORD-000315,2026-04-03,South,Software,263.15
ORD-000316,2026-04-03,South,Software,131.70
ORD-000317,2026-04-03,South,Software,91.05
ORD-000318,2026-04-03,South,Accessories,41.17
ORD-000319,2026-04-03,South,Hardware,291.27
ORD-000320,2026-04-03,South,Software,107.69
ORD-000321,2026-04-03,South,Hardware,274.62
ORD-000322,2026-04-03,South,Software,231.10
ORD-000323,2026-04-03,South,Software,124.54
ORD-000324,2026-04-03,South,Services,396.79
ORD-000325,2026-04-03,South,Hardware,390.26
ORD-000326,2026-04-03,South,Accessories,65.23
ORD-000327,2026-04-03,South,Hardware,279.11
ORD-000328,2026-04-03,South,Services,278.91
ORD-000329,2026-04-03,South,Accessories,91.75
ORD-000330,2026-04-03,South,Accessories,65.73
ORD-000331,2026-04-03,South,Hardware,407.07
ORD-000332,2026-04-04,North,Hardware,379.04
ORD-000333,2026-04-04,North,Accessories,19.89
ORD-000334,2026-04-04,North,Services,697.01
ORD-000335,2026-04-04,North,Software,217.85
ORD-000336,2026-04-04,North,Accessories,17.88
ORD-000337,2026-04-04,North,Services,685.07
ORD-000338,2026-04-04,North,Services,951.38
ORD-000339,2026-04-04,North,Hardware,271.92
ORD-000340,2026-04-04,North,Software,170.89
ORD-000341,2026-04-04,North,Accessories,31.14
ORD-000342,2026-04-04,North,Accessories,86.70
ORD-000343,2026-04-04,North,Services,514.66
ORD-000344,2026-04-04,North,Hardware,456.71
ORD-000345,2026-04-04,North,Hardware,948.41
ORD-000346,2026-04-04,North,Hardware,323.26
ORD-000347,2026-04-04,North,Accessories,83.36
ORD-000348,2026-04-04,North,Software,188.38
ORD-000349,2026-04-04,North,Software,173.04
ORD-000350,2026-04-04,North,Accessories,20.56
ORD-000351,2026-04-04,North,Accessories,35.56
ORD-000352,2026-04-04,North,Software,292.89
ORD-000353,2026-04-04,North,Software,252.47
ORD-000354,2026-04-04,North,Software,185.48
ORD-000355,2026-04-04,North,Hardware,139.85
ORD-000356,2026-04-04,North,Accessories,62.61
ORD-000357,2026-04-04,North,Accessories,51.56
ORD-000358,2026-04-04,North,Software,88.36
ORD-000359,2026-04-04,North,Accessories,61.15
ORD-000360,2026-04-04,North,Hardware,270.64
ORD-000361,2026-04-04,North,Services,309.49
ORD-000362,2026-04-04,North,Services,228.08
ORD-000363,2026-04-04,North,Hardware,410.86
ORD-000364,2026-04-04,North,Hardware,450.88
ORD-000365,2026-04-04,North,Software,52.39
ORD-000366,2026-04-04,North,Services,675.97
ORD-000367,2026-04-04,North,Services,1011.01
ORD-000368,2026-04-04,North,Hardware,790.30
ORD-000369,2026-04-04,North,Software,40.62
ORD-000370,2026-04-04,North,Software,156.63
ORD-000371,2026-04-04,North,Accessories,32.90
ORD-000372,2026-04-04,North,Hardware,252.68
ORD-000373,2026-04-04,North,Hardware,167.24
ORD-000374,2026-04-04,North,Software,131.97
ORD-000375,2026-04-04,North,Hardware,340.63
ORD-000376,2026-04-04,North,Hardware,380.57
ORD-000377,2026-04-04,North,Software,229.75
ORD-000378,2026-04-04,North,Services,326.43
ORD-000379,2026-04-04,Central,Accessories,95.20
ORD-000380,2026-04-04,Central,Software,230.17
ORD-000381,2026-04-04,Central,Services,373.91
ORD-000382,2026-04-04,Central,Accessories,32.08
ORD-000383,2026-04-04,Central,Hardware,524.11
ORD-000384,2026-04-04,Central,Accessories,44.40
ORD-000385,2026-04-04,Central,Software,120.62
ORD-000386,2026-04-04,Central,Services,720.42
ORD-000387,2026-04-04,Central,Services,641.11
ORD-000388,2026-04-04,Central,Software,105.03
ORD-000389,2026-04-04,Central,Services,265.66
ORD-000390,2026-04-04,Central,Software,89.91
ORD-000391,2026-04-04,Central,Accessories,33.62
ORD-000392,2026-04-04,Central,Services,271.15
ORD-000393,2026-04-04,Central,Accessories,34.22
ORD-000394,2026-04-04,Central,Accessories,37.26
ORD-000395,2026-04-04,Central,Hardware,585.20
ORD-000396,2026-04-04,Central,Software,170.34
ORD-000397,2026-04-04,Central,Hardware,427.35
ORD-000398,2026-04-04,Central,Hardware,135.99
ORD-000399,2026-04-04,Central,Software,107.36
ORD-000400,2026-04-04,Central,Services,446.92
ORD-000401,2026-04-04,Central,Services,397.40
ORD-000402,2026-04-04,Central,Services,558.04
ORD-000403,2026-04-04,Central,Software,274.05
ORD-000404,2026-04-04,Central,Services,748.52
ORD-000405,2026-04-04,Central,Software,160.88
ORD-000406,2026-04-04,Central,Hardware,172.99
ORD-000407,2026-04-04,Central,Software,140.23
ORD-000408,2026-04-04,Central,Software,307.50
ORD-000409,2026-04-04,Central,Software,87.14
ORD-000410,2026-04-04,Central,Hardware,269.91
ORD-000411,2026-04-04,Central,Software,92.55
ORD-000412,2026-04-04,South,Services,1055.23
ORD-000413,2026-04-04,South,Services,531.40
ORD-000414,2026-04-04,South,Software,105.21
ORD-000415,2026-04-04,South,Software,208.43
ORD-000416,2026-04-04,South,Hardware,631.59
ORD-000417,2026-04-04,South,Accessories,126.71
ORD-000418,2026-04-04,South,Accessories,20.69
ORD-000419,2026-04-04,South,Software,148.69
ORD-000420,2026-04-04,South,,170.29
ORD-000421,2026-04-04,South,Accessories,14.14
ORD-000422,2026-04-04,South,Hardware,530.94
ORD-000423,2026-04-04,South,Accessories,62.65
ORD-000424,2026-04-04,South,Services,445.59
ORD-000425,2026-04-04,South,Accessories,40.96
ORD-000426,2026-04-04,South,Software,178.60
ORD-000427,2026-04-04,South,Hardware,436.30
ORD-000428,2026-04-04,South,Hardware,305.06
ORD-000429,2026-04-04,South,Software,90.89
ORD-000430,2026-04-04,South,Accessories,36.52
ORD-000431,2026-04-04,South,Accessories,41.03
ORD-000432,2026-04-04,South,Software,67.45
ORD-000433,2026-04-04,South,Accessories,26.94
ORD-000434,2026-04-04,South,Accessories,21.12
ORD-000435,2026-04-05,North,Hardware,519.30
ORD-000436,2026-04-05,North,Accessories,41.69
ORD-000437,2026-04-05,North,Accessories,25.28
ORD-000438,2026-04-05,North,Software,94.13
ORD-000439,2026-04-05,North,Software,145.82
ORD-000440,2026-04-05,North,Accessories,36.73
ORD-000441,2026-04-05,North,Accessories,16.53
ORD-000442,2026-04-05,North,Accessories,27.41
ORD-000443,2026-04-05,North,Services,547.83
ORD-000444,2026-04-05,North,Software,228.32
ORD-000445,2026-04-05,North,Hardware,507.66
ORD-000446,2026-04-05,North,Hardware,852.46
ORD-000447,2026-04-05,North,Accessories,50.52
ORD-000448,2026-04-05,North,Software,194.65
ORD-000449,2026-04-05,North,Accessories,100.34
ORD-000450,2026-04-05,North,Services,325.62
ORD-000451,2026-04-05,North,Accessories,50.69
ORD-000452,2026-04-05,North,Software,211.16
ORD-000453,2026-04-05,North,Hardware,195.23
ORD-000454,2026-04-05,North,Software,312.94
ORD-000455,2026-04-05,North,Hardware,429.30
ORD-000456,2026-04-05,North,Software,326.10
ORD-000457,2026-04-05,North,Services,418.61
ORD-000458,2026-04-05,North,Software,102.63
ORD-000459,2026-04-05,North,Software,202.79
ORD-000460,2026-04-05,North,Services,914.96
ORD-000461,2026-04-05,North,Services,1079.12
ORD-000462,2026-04-05,North,,130.18
ORD-000463,2026-04-05,North,Accessories,73.47
ORD-000464,2026-04-05,North,Hardware,250.60
ORD-000465,2026-04-05,North,Accessories,35.43
ORD-000466,2026-04-05,North,Software,237.36
ORD-000467,2026-04-05,North,Accessories,106.21
ORD-000468,2026-04-05,North,Services,1233.40
ORD-000469,2026-04-05,North,Hardware,439.24
ORD-000470,2026-04-05,North,Accessories,35.07
ORD-000471,2026-04-05,North,Hardware,413.61
ORD-000472,2026-04-05,North,Hardware,286.80
ORD-000473,2026-04-05,North,Hardware,166.64
ORD-000474,2026-04-05,North,Accessories,38.17
ORD-000475,2026-04-05,North,Services,628.99
ORD-000476,2026-04-05,North,Software,126.88
ORD-000477,2026-04-05,North,Hardware,273.95
ORD-000478,2026-04-05,North,Services,231.33
ORD-000479,2026-04-05,North,Hardware,386.18
ORD-000480,2026-04-05,North,Software,296.40
ORD-000481,2026-04-05,Central,Software,111.53
ORD-000482,2026-04-05,Central,Accessories,36.02
ORD-000483,2026-04-05,Central,Software,107.38
ORD-000484,2026-04-05,Central,Accessories,26.35
ORD-000485,2026-04-05,Central,Software,102.52
ORD-000486,2026-04-05,Central,Software,156.65
ORD-000487,2026-04-05,Central,Services,1062.56
ORD-000488,2026-04-05,Central,Software,70.87
ORD-000489,2026-04-05,Central,Hardware,377.67
ORD-000490,2026-04-05,Central,Software,207.29
ORD-000491,2026-04-05,Central,Services,668.90
ORD-000492,2026-04-05,Central,Accessories,32.30
ORD-000493,2026-04-05,Central,Hardware,445.34
ORD-000494,2026-04-05,Central,Accessories,76.55
ORD-000495,2026-04-05,Central,Hardware,417.30
ORD-000496,2026-04-05,Central,Software,157.03
ORD-000497,2026-04-05,Central,Accessories,39.40
ORD-000498,2026-04-05,Central,Services,478.28
ORD-000499,2026-04-05,Central,Accessories,38.51
ORD-000500,2026-04-05,Central,Hardware,243.58
ORD-000501,2026-04-05,Central,Accessories,43.94
ORD-000502,2026-04-05,Central,Software,210.21
ORD-000503,2026-04-05,Central,Hardware,564.91
ORD-000504,2026-04-05,Central,Software,381.25
ORD-000505,2026-04-05,Central,Services,502.18
ORD-000506,2026-04-05,Central,Software,143.87
ORD-000507,2026-04-05,Central,Accessories,21.62
ORD-000508,2026-04-05,Central,Services,454.38
ORD-000509,2026-04-05,Central,Hardware,290.18
ORD-000510,2026-04-05,Central,Accessories,57.74
ORD-000511,2026-04-05,South,Services,255.26
ORD-000512,2026-04-05,South,Accessories,42.17
ORD-000513,2026-04-05,South,Software,49.22
ORD-000514,2026-04-05,South,Software,122.09
ORD-000515,2026-04-05,South,Software,217.23
ORD-000516,2026-04-05,South,Accessories,35.19
ORD-000517,2026-04-05,South,Accessories,47.41
ORD-000518,2026-04-05,South,Services,379.51
ORD-000519,2026-04-05,South,Services,854.78
ORD-000520,2026-04-05,South,Hardware,311.17
ORD-000521,2026-04-05,South,Accessories,81.01
ORD-000522,2026-04-05,South,Software,167.69
ORD-000523,2026-04-05,South,Services,1161.13
ORD-000524,2026-04-05,South,Accessories,27.84
ORD-000525,2026-04-06,North,Hardware,452.54
ORD-000526,2026-04-06,North,Software,178.38
ORD-000527,2026-04-06,North,Hardware,393.35
ORD-000528,2026-04-06,North,Hardware,475.00
ORD-000529,2026-04-06,North,Hardware,428.28
ORD-000530,2026-04-06,North,Hardware,667.18
ORD-000531,2026-04-06,North,Services,493.55
ORD-000532,2026-04-06,North,Software,115.57
ORD-000533,2026-04-06,North,Hardware,241.79
ORD-000534,2026-04-06,North,Services,823.85
ORD-000535,2026-04-06,North,Hardware,201.30
ORD-000536,2026-04-06,North,Hardware,229.73
ORD-000537,2026-04-06,North,Services,635.76
ORD-000538,2026-04-06,North,Services,387.54
ORD-000539,2026-04-06,North,Accessories,35.36
ORD-000540,2026-04-06,North,Hardware,156.07
ORD-000541,2026-04-06,North,Services,1619.79
ORD-000542,2026-04-06,North,Hardware,472.24
ORD-000543,2026-04-06,North,Software,135.66
ORD-000544,2026-04-06,North,Software,181.49
ORD-000545,2026-04-06,North,Hardware,364.57
ORD-000546,2026-04-06,North,Hardware,416.33
ORD-000547,2026-04-06,North,Hardware,247.36
ORD-000548,2026-04-06,North,Hardware,646.42
ORD-000549,2026-04-06,North,Hardware,825.90
ORD-000550,2026-04-06,North,Software,285.50
ORD-000551,2026-04-06,North,Services,649.62
ORD-000552,2026-04-06,North,Services,250.45
ORD-000553,2026-04-06,North,Software,391.31
ORD-000554,2026-04-06,North,Accessories,45.86
ORD-000555,2026-04-06,North,Software,250.26
ORD-000556,2026-04-06,North,Services,349.26
ORD-000557,2026-04-06,North,Hardware,491.10
ORD-000558,2026-04-06,North,Software,122.65
ORD-000559,2026-04-06,North,Hardware,404.61
ORD-000560,2026-04-06,North,Accessories,21.81
ORD-000561,2026-04-06,North,Accessories,43.34
ORD-000562,2026-04-06,North,Hardware,314.21
ORD-000563,2026-04-06,North,Hardware,95.59
ORD-000564,2026-04-06,North,Hardware,216.93
ORD-000565,2026-04-06,North,Accessories,27.11
ORD-000566,2026-04-06,North,Software,197.47
ORD-000567,2026-04-06,North,Services,512.36
ORD-000568,2026-04-06,North,Hardware,267.51
ORD-000569,2026-04-06,North,Hardware,1712.66
ORD-000570,2026-04-06,North,Hardware,520.74
ORD-000571,2026-04-06,North,Services,1684.62
ORD-000572,2026-04-06,North,Hardware,254.21
ORD-000573,2026-04-06,Central,Accessories,22.82
ORD-000574,2026-04-06,Central,Services,560.73
ORD-000575,2026-04-06,Central,Hardware,522.04
ORD-000576,2026-04-06,Central,Services,658.83
ORD-000577,2026-04-06,Central,Software,179.95
ORD-000578,2026-04-06,Central,Hardware,177.39
ORD-000579,2026-04-06,Central,Accessories,62.19
ORD-000580,2026-04-06,Central,Services,540.46
ORD-000581,2026-04-06,Central,Hardware,371.76
ORD-000582,2026-04-06,Central,Accessories,19.88
ORD-000583,2026-04-06,Central,Hardware,228.69
ORD-000584,2026-04-06,Central,Accessories,70.36
ORD-000585,2026-04-06,Central,Services,543.19
ORD-000586,2026-04-06,Central,Software,219.17
ORD-000587,2026-04-06,Central,Accessories,68.20
ORD-000588,2026-04-06,Central,Software,195.92
ORD-000589,2026-04-06,Central,Hardware,452.85
ORD-000590,2026-04-06,Central,Software,150.09
ORD-000591,2026-04-06,Central,Software,224.82
ORD-000592,2026-04-06,Central,Software,122.32
ORD-000593,2026-04-06,Central,Services,626.78
ORD-000594,2026-04-06,Central,Hardware,362.80
ORD-000595,2026-04-06,Central,Hardware,848.00
ORD-000596,2026-04-06,Central,Accessories,24.21
ORD-000597,2026-04-06,Central,Hardware,401.95
ORD-000598,2026-04-06,Central,Accessories,25.69
ORD-000599,2026-04-06,Central,Software,107.55
ORD-000600,2026-04-06,Central,Accessories,40.69
ORD-000601,2026-04-06,Central,Services,952.83
ORD-000602,2026-04-06,Central,Software,183.02
ORD-000603,2026-04-06,Central,Software,144.39
ORD-000604,2026-04-06,Central,Services,821.55
ORD-000605,2026-04-06,Central,Accessories,29.78
ORD-000606,2026-04-06,Central,Services,293.49
ORD-000607,2026-04-06,Central,Hardware,473.71
ORD-000608,2026-04-06,Central,Software,119.05
ORD-000609,2026-04-06,Central,Hardware,100.78
ORD-000610,2026-04-06,Central,Accessories,99.91
ORD-000611,2026-04-06,Central,Accessories,79.34
ORD-000612,2026-04-06,Central,Software,171.76
ORD-000613,2026-04-06,Central,Accessories,24.13
ORD-000614,2026-04-06,Central,Software,267.79
ORD-000615,2026-04-06,Central,Software,171.17
ORD-000616,2026-04-06,Central,Software,254.67
ORD-000617,2026-04-06,South,Services,682.07
ORD-000618,2026-04-06,South,Services,605.51
ORD-000619,2026-04-06,South,Accessories,15.87
ORD-000620,2026-04-06,South,Accessories,42.38
ORD-000621,2026-04-06,South,Accessories,38.63
ORD-000622,2026-04-06,South,Services,826.32
ORD-000623,2026-04-06,South,Accessories,29.83
ORD-000624,2026-04-06,South,Hardware,297.60
ORD-000625,2026-04-06,South,Software,258.96
ORD-000626,2026-04-06,South,Services,387.79
ORD-000627,2026-04-06,South,Accessories,43.76
ORD-000628,2026-04-06,South,Accessories,166.62
ORD-000629,2026-04-06,South,Services,561.48
ORD-000630,2026-04-06,South,Accessories,68.90
ORD-000631,2026-04-06,South,Hardware,118.44
ORD-000632,2026-04-06,South,Accessories,137.59
ORD-000633,2026-04-06,South,Software,57.85
ORD-000634,2026-04-06,South,Software,93.78
ORD-000635,2026-04-06,South,Hardware,115.98
ORD-000636,2026-04-06,South,Software,100.33
ORD-000637,2026-04-06,South,Software,83.17
ORD-000638,2026-04-06,South,Accessories,32.27
ORD-000639,2026-04-06,South,Software,264.76
ORD-000640,2026-04-06,South,Accessories,28.80
ORD-000641,2026-04-06,South,Services,394.93
ORD-000642,2026-04-06,South,Services,742.34
ORD-000643,2026-04-06,South,Software,134.01
ORD-000644,2026-04-06,South,Hardware,394.92
ORD-000645,2026-04-06,South,Hardware,105.96
ORD-000646,2026-04-07,North,Hardware,202.95
ORD-000647,2026-04-07,North,Hardware,315.70
ORD-000648,2026-04-07,North,Hardware,459.56
ORD-000649,2026-04-07,North,Services,836.96
ORD-000650,2026-04-07,North,Accessories,65.55
ORD-000651,2026-04-07,North,Accessories,29.25
ORD-000652,2026-04-07,North,Software,135.82
ORD-000653,2026-04-07,North,Hardware,310.20
ORD-000654,2026-04-07,North,Accessories,65.32
ORD-000655,2026-04-07,North,Software,45.61
ORD-000656,2026-04-07,North,Accessories,41.87
ORD-000657,2026-04-07,North,Software,196.96
ORD-000658,2026-04-07,North,Software,303.75
ORD-000659,2026-04-07,North,Accessories,31.29
ORD-000660,2026-04-07,North,Hardware,109.05
ORD-000661,2026-04-07,North,Hardware,461.46
ORD-000662,2026-04-07,North,Hardware,197.07
ORD-000663,2026-04-07,North,Services,1037.07
ORD-000664,2026-04-07,North,Accessories,28.78
ORD-000665,2026-04-07,North,Accessories,18.72
ORD-000666,2026-04-07,North,Services,470.08
ORD-000667,2026-04-07,North,Hardware,279.88
ORD-000668,2026-04-07,North,Accessories,19.95
ORD-000669,2026-04-07,North,Software,294.69
ORD-000670,2026-04-07,North,Services,398.70
ORD-000671,2026-04-07,North,Hardware,574.54
ORD-000672,2026-04-07,North,Services,628.08
ORD-000673,2026-04-07,North,Hardware,432.47
ORD-000674,2026-04-07,North,Services,174.44
ORD-000675,2026-04-07,North,Accessories,109.84
ORD-000676,2026-04-07,North,Hardware,238.18
ORD-000677,2026-04-07,North,Software,92.24
ORD-000678,2026-04-07,North,Hardware,209.58
ORD-000679,2026-04-07,North,Hardware,115.14
ORD-000680,2026-04-07,North,Hardware,625.58
ORD-000681,2026-04-07,North,Accessories,20.96
ORD-000682,2026-04-07,North,Software,181.23
ORD-000683,2026-04-07,North,Hardware,165.70
ORD-000684,2026-04-07,North,Services,500.75
ORD-000685,2026-04-07,North,Services,605.42
ORD-000686,2026-04-07,Central,Accessories,49.44
ORD-000687,2026-04-07,Central,Accessories,25.16
ORD-000688,2026-04-07,Central,Software,56.36
ORD-000689,2026-04-07,Central,Software,127.88
ORD-000690,2026-04-07,Central,Accessories,36.10
ORD-000691,2026-04-07,Central,Software,276.65
ORD-000692,2026-04-07,Central,Software,400.78
ORD-000693,2026-04-07,Central,Accessories,86.54
ORD-000694,2026-04-07,Central,Hardware,636.00
ORD-000695,2026-04-07,Central,Services,212.52
ORD-000696,2026-04-07,Central,Services,806.79
ORD-000697,2026-04-07,Central,Software,190.02
ORD-000698,2026-04-07,Central,Hardware,489.42
ORD-000699,2026-04-07,Central,Software,87.49
ORD-000700,2026-04-07,Central,Software,100.32
ORD-000701,2026-04-07,Central,Software,64.09
ORD-000702,2026-04-07,Central,Hardware,327.56
ORD-000703,2026-04-07,Central,Software,150.49
ORD-000704,2026-04-07,Central,Software,121.36
ORD-000705,2026-04-07,Central,Hardware,427.55
ORD-000706,2026-04-07,Central,Services,207.25
ORD-000707,2026-04-07,Central,Services,615.31
ORD-000708,2026-04-07,Central,Services,214.13
ORD-000709,2026-04-07,Central,Software,301.18
ORD-000710,2026-04-07,Central,Software,212.56
ORD-000711,2026-04-07,Central,Software,116.41
ORD-000712,2026-04-07,Central,Accessories,67.83
ORD-000713,2026-04-07,Central,Software,62.25
ORD-000714,2026-04-07,Central,Hardware,200.58
ORD-000715,2026-04-07,Central,Hardware,244.64
ORD-000716,2026-04-07,Central,Hardware,141.25
ORD-000717,2026-04-07,Central,Services,390.08
ORD-000718,2026-04-07,Central,Software,189.93
ORD-000719,2026-04-07,Central,Hardware,507.55
ORD-000720,2026-04-07,Central,Software,100.80
ORD-000721,2026-04-07,Central,Services,375.37
ORD-000722,2026-04-07,Central,Hardware,167.33
ORD-000723,2026-04-07,Central,Services,646.63
ORD-000724,2026-04-07,Central,Hardware,194.09
ORD-000725,2026-04-07,Central,Services,858.35
ORD-000726,2026-04-07,Central,Hardware,348.82
ORD-000727,2026-04-07,Central,Accessories,32.21
ORD-000728,2026-04-07,South,Accessories,43.54
ORD-000729,2026-04-07,South,Services,200.53
ORD-000730,2026-04-07,South,Software,155.04
ORD-000731,2026-04-07,South,Accessories,101.86
ORD-000732,2026-04-07,South,Accessories,44.79
ORD-000733,2026-04-07,South,Hardware,107.59
ORD-000734,2026-04-07,South,Software,88.28
ORD-000735,2026-04-07,South,Services,1203.38
ORD-000736,2026-04-07,South,Services,188.20
ORD-000737,2026-04-07,South,Software,91.73
ORD-000738,2026-04-07,South,Accessories,28.97
ORD-000739,2026-04-07,South,Accessories,27.96
ORD-000740,2026-04-07,South,Software,60.34
ORD-000741,2026-04-07,South,Hardware,253.74
ORD-000742,2026-04-07,South,Hardware,452.75
ORD-000743,2026-04-07,South,Services,278.14
ORD-000744,2026-04-07,South,Accessories,35.61
ORD-000745,2026-04-07,South,Accessories,14.66
ORD-000746,2026-04-07,South,Hardware,295.20
ORD-000747,2026-04-07,South,Software,180.16
ORD-000748,2026-04-07,South,Services,376.69
ORD-000749,2026-04-07,South,Hardware,221.25
ORD-000750,2026-04-07,South,Hardware,295.57
ORD-000751,2026-04-08,North,Accessories,67.87
ORD-000752,2026-04-08,North,Hardware,276.17
ORD-000753,2026-04-08,North,Accessories,34.54
ORD-000754,2026-04-08,North,Accessories,17.29
ORD-000755,2026-04-08,North,Accessories,21.30
ORD-000756,2026-04-08,North,Services,767.02
ORD-000757,2026-04-08,North,Software,184.62
ORD-000758,2026-04-08,North,Hardware,447.68
ORD-000759,2026-04-08,North,Software,141.57
ORD-000760,2026-04-08,North,Hardware,234.14
ORD-000761,2026-04-08,North,Hardware,191.58
ORD-000762,2026-04-08,North,Software,169.79
ORD-000763,2026-04-08,North,Hardware,300.43
ORD-000764,2026-04-08,North,Accessories,30.41
ORD-000765,2026-04-08,North,Services,1200.35
ORD-000766,2026-04-08,North,Software,607.38
ORD-000767,2026-04-08,North,Software,287.72
ORD-000768,2026-04-08,North,Accessories,31.16
ORD-000769,2026-04-08,North,Hardware,259.16
ORD-000770,2026-04-08,North,,549.88
ORD-000771,2026-04-08,North,,141.66
ORD-000772,2026-04-08,North,Hardware,535.34
ORD-000773,2026-04-08,North,Hardware,195.71
ORD-000774,2026-04-08,North,Hardware,49.08
ORD-000775,2026-04-08,North,Hardware,280.38
ORD-000776,2026-04-08,North,Services,889.40
ORD-000777,2026-04-08,North,Accessories,41.10
ORD-000778,2026-04-08,North,Services,188.09
ORD-000779,2026-04-08,North,Services,513.28
ORD-000780,2026-04-08,North,Software,59.36
ORD-000781,2026-04-08,North,Hardware,396.13
ORD-000782,2026-04-08,North,Hardware,1120.28
ORD-000783,2026-04-08,North,Accessories,58.12
ORD-000784,2026-04-08,North,Services,246.96
ORD-000785,2026-04-08,North,Accessories,29.50
ORD-000786,2026-04-08,North,Hardware,122.14
ORD-000787,2026-04-08,North,Software,365.11
ORD-000788,2026-04-08,North,Services,545.06
ORD-000789,2026-04-08,North,Hardware,731.04
ORD-000790,2026-04-08,North,Hardware,649.81
ORD-000791,2026-04-08,North,Hardware,179.38
ORD-000792,2026-04-08,North,Hardware,579.03
ORD-000793,2026-04-08,North,Software,120.54
ORD-000794,2026-04-08,North,Accessories,33.16
ORD-000795,2026-04-08,North,Hardware,563.05
ORD-000796,2026-04-08,North,Software,60.65
ORD-000797,2026-04-08,North,Software,691.82
ORD-000798,2026-04-08,North,Hardware,175.43
ORD-000799,2026-04-08,North,Accessories,58.82
ORD-000800,2026-04-08,North,Hardware,192.17
ORD-000801,2026-04-08,North,Services,595.40
ORD-000802,2026-04-08,North,Accessories,22.12
ORD-000803,2026-04-08,North,Services,518.91
ORD-000804,2026-04-08,North,Accessories,65.87
ORD-000805,2026-04-08,Central,Accessories,26.63
ORD-000806,2026-04-08,Central,Services,734.20
ORD-000807,2026-04-08,Central,Accessories,34.28
ORD-000808,2026-04-08,Central,Software,39.75
ORD-000809,2026-04-08,Central,Software,394.46
ORD-000810,2026-04-08,Central,Services,475.25
ORD-000811,2026-04-08,Central,Accessories,24.88
ORD-000812,2026-04-08,Central,Services,814.46
ORD-000813,2026-04-08,Central,Services,278.10
ORD-000814,2026-04-08,Central,Hardware,232.44
ORD-000815,2026-04-08,Central,Accessories,47.65
ORD-000816,2026-04-08,Central,Hardware,561.01
ORD-000817,2026-04-08,Central,Software,147.90
ORD-000818,2026-04-08,Central,Hardware,319.51
ORD-000819,2026-04-08,Central,Hardware,491.05
ORD-000820,2026-04-08,Central,Accessories,26.88
ORD-000821,2026-04-08,Central,Services,1053.07
ORD-000822,2026-04-08,Central,Hardware,267.36
ORD-000823,2026-04-08,Central,Software,80.94
ORD-000824,2026-04-08,Central,Software,159.86
ORD-000825,2026-04-08,Central,Hardware,288.02
ORD-000826,2026-04-08,Central,Services,666.99
ORD-000827,2026-04-08,Central,Accessories,43.82
ORD-000828,2026-04-08,Central,Services,549.47
ORD-000829,2026-04-08,Central,Hardware,319.55
ORD-000830,2026-04-08,Central,Software,109.75
ORD-000831,2026-04-08,Central,Services,1149.72
ORD-000832,2026-04-08,Central,Hardware,325.26
ORD-000833,2026-04-08,Central,Hardware,473.63
ORD-000834,2026-04-08,Central,Software,156.34
ORD-000835,2026-04-08,Central,,462.68
ORD-000836,2026-04-08,Central,Software,217.31
ORD-000837,2026-04-08,Central,Accessories,59.88
ORD-000838,2026-04-08,Central,Accessories,102.59
ORD-000839,2026-04-08,Central,Hardware,161.39
ORD-000840,2026-04-08,Central,Services,771.39
ORD-000841,2026-04-08,Central,Services,146.21
ORD-000842,2026-04-08,Central,Hardware,264.92
ORD-000843,2026-04-08,Central,Hardware,237.19
ORD-000844,2026-04-08,Central,Services,170.30
ORD-000845,2026-04-08,Central,Software,273.06
ORD-000846,2026-04-08,Central,Accessories,72.16
ORD-000847,2026-04-08,Central,Software,57.52
ORD-000848,2026-04-08,Central,Software,225.16
ORD-000849,2026-04-08,South,Software,86.82
ORD-000850,2026-04-08,South,Hardware,550.16
ORD-000851,2026-04-08,South,Software,336.86
ORD-000852,2026-04-08,South,Hardware,261.47
ORD-000853,2026-04-08,South,Accessories,39.49
ORD-000854,2026-04-08,South,Services,602.30
ORD-000855,2026-04-08,South,Software,114.31
ORD-000856,2026-04-08,South,Software,162.80
ORD-000857,2026-04-08,South,Hardware,137.40
ORD-000858,2026-04-08,South,Software,210.23
ORD-000859,2026-04-08,South,Hardware,337.03
ORD-000860,2026-04-08,South,Accessories,52.43
ORD-000861,2026-04-08,South,Accessories,14.05
ORD-000862,2026-04-08,South,Services,1013.87
ORD-000863,2026-04-08,South,Hardware,334.50
ORD-000864,2026-04-08,South,Hardware,211.10
ORD-000865,2026-04-08,South,Services,722.70
ORD-000866,2026-04-08,South,Hardware,220.38
ORD-000867,2026-04-08,South,Hardware,314.84
ORD-000868,2026-04-08,South,Software,192.88
ORD-000869,2026-04-08,South,Accessories,29.43
ORD-000870,2026-04-08,South,Accessories,32.48
ORD-000871,2026-04-08,South,Services,1126.33
ORD-000872,2026-04-08,South,Software,125.58
ORD-000873,2026-04-08,South,Software,263.77
ORD-000874,2026-04-08,South,Software,155.36
ORD-000875,2026-04-08,South,Accessories,227.97
ORD-000876,2026-04-08,South,Software,126.81
ORD-000877,2026-04-08,South,Hardware,237.59
ORD-000878,2026-04-08,South,Accessories,37.69
ORD-000879,2026-04-08,South,Services,555.91
ORD-000880,2026-04-08,South,Software,90.13
ORD-000881,2026-04-08,South,Software,42.85
ORD-000882,2026-04-08,South,Accessories,81.19
ORD-000883,2026-04-09,North,Services,599.26
ORD-000884,2026-04-09,North,Hardware,188.81
ORD-000885,2026-04-09,North,Accessories,17.23
ORD-000886,2026-04-09,North,Software,236.80
ORD-000887,2026-04-09,North,Hardware,270.46
ORD-000888,2026-04-09,North,Software,159.49
ORD-000889,2026-04-09,North,Hardware,256.49
ORD-000890,2026-04-09,North,Software,171.10
ORD-000891,2026-04-09,North,Accessories,115.97
ORD-000892,2026-04-09,North,Services,499.44
ORD-000893,2026-04-09,North,Accessories,19.31
ORD-000894,2026-04-09,North,Services,349.61
ORD-000895,2026-04-09,North,,26.63
ORD-000896,2026-04-09,North,Hardware,1602.93
ORD-000897,2026-04-09,North,Hardware,197.51
ORD-000898,2026-04-09,North,Hardware,333.84
ORD-000899,2026-04-09,North,Software,182.28
ORD-000900,2026-04-09,North,Software,202.10
ORD-000901,2026-04-09,North,Services,527.66
ORD-000902,2026-04-09,North,Services,365.64
ORD-000903,2026-04-09,North,Software,147.47
ORD-000904,2026-04-09,North,Accessories,57.71
ORD-000905,2026-04-09,North,Hardware,629.45
ORD-000906,2026-04-09,North,Accessories,34.19
ORD-000907,2026-04-09,North,Accessories,25.64
ORD-000908,2026-04-09,North,Hardware,566.85
ORD-000909,2026-04-09,North,Hardware,416.95
ORD-000910,2026-04-09,North,Software,100.64
ORD-000911,2026-04-09,North,Accessories,31.91
ORD-000912,2026-04-09,North,Accessories,16.90
ORD-000913,2026-04-09,North,Hardware,656.35
ORD-000914,2026-04-09,North,Hardware,228.64
ORD-000915,2026-04-09,North,Services,532.49
ORD-000916,2026-04-09,North,Hardware,599.45
ORD-000917,2026-04-09,North,Hardware,601.63
ORD-000918,2026-04-09,North,Services,672.31
ORD-000919,2026-04-09,North,Hardware,672.39
ORD-000920,2026-04-09,North,Accessories,52.06
ORD-000921,2026-04-09,North,Accessories,52.82
ORD-000922,2026-04-09,North,Software,138.43
ORD-000923,2026-04-09,North,Hardware,616.39
ORD-000924,2026-04-09,North,Services,1448.16
ORD-000925,2026-04-09,Central,Software,78.74
ORD-000926,2026-04-09,Central,Hardware,697.06
ORD-000927,2026-04-09,Central,Services,306.09
ORD-000928,2026-04-09,Central,Hardware,547.90
ORD-000929,2026-04-09,Central,Accessories,55.99
ORD-000930,2026-04-09,Central,Accessories,44.98
ORD-000931,2026-04-09,Central,Accessories,64.37
ORD-000932,2026-04-09,Central,Hardware,296.25
ORD-000933,2026-04-09,Central,Services,891.03
ORD-000934,2026-04-09,Central,Hardware,92.11
ORD-000935,2026-04-09,Central,Hardware,603.84
ORD-000936,2026-04-09,Central,Hardware,367.88
ORD-000937,2026-04-09,Central,Hardware,396.28
ORD-000938,2026-04-09,Central,Hardware,448.56
ORD-000939,2026-04-09,Central,Hardware,343.23
ORD-000940,2026-04-09,Central,Services,459.32
ORD-000941,2026-04-09,Central,Software,185.12
ORD-000942,2026-04-09,Central,Accessories,38.36
ORD-000943,2026-04-09,Central,Software,196.38
ORD-000944,2026-04-09,Central,Hardware,416.81
ORD-000945,2026-04-09,Central,Services,381.70
ORD-000946,2026-04-09,Central,Software,68.63
ORD-000947,2026-04-09,Central,Accessories,24.70
ORD-000948,2026-04-09,Central,Software,58.49
ORD-000949,2026-04-09,Central,Hardware,635.58
ORD-000950,2026-04-09,Central,Software,89.38
ORD-000951,2026-04-09,Central,Hardware,422.10
ORD-000952,2026-04-09,Central,Software,140.43
ORD-000953,2026-04-09,Central,Accessories,18.32
ORD-000954,2026-04-09,Central,Software,79.36
ORD-000955,2026-04-09,Central,Software,151.09
ORD-000956,2026-04-09,Central,Hardware,103.33
ORD-000957,2026-04-09,Central,Software,335.11
ORD-000958,2026-04-09,Central,Accessories,56.82
ORD-000959,2026-04-09,South,Software,37.40
ORD-000960,2026-04-09,South,Services,668.65
ORD-000961,2026-04-09,South,Software,144.05
ORD-000962,2026-04-09,South,Hardware,258.92
ORD-000963,2026-04-09,South,Accessories,70.48
ORD-000964,2026-04-09,South,Accessories,51.80
ORD-000965,2026-04-09,South,Software,137.80
ORD-000966,2026-04-09,South,Accessories,40.94
ORD-000967,2026-04-09,South,Services,474.99
ORD-000968,2026-04-09,South,Hardware,264.69
ORD-000969,2026-04-09,South,Hardware,488.50
ORD-000970,2026-04-09,South,Software,105.59
ORD-000971,2026-04-09,South,Services,484.07
ORD-000972,2026-04-09,South,Services,378.48
ORD-000973,2026-04-09,South,Hardware,492.48
ORD-000974,2026-04-09,South,Services,472.07
ORD-000975,2026-04-09,South,Accessories,28.14
ORD-000976,2026-04-09,South,Hardware,83.35
ORD-000977,2026-04-09,South,Services,149.80
ORD-000978,2026-04-09,South,Software,303.65
ORD-000979,2026-04-09,South,Hardware,395.89
ORD-000980,2026-04-09,South,Hardware,734.92
ORD-000981,2026-04-09,South,Accessories,36.27
ORD-000982,2026-04-09,South,Accessories,40.23
ORD-000983,2026-04-09,South,Software,48.51
ORD-000984,2026-04-09,South,Software,233.84
ORD-000985,2026-04-09,South,Services,467.16
ORD-000986,2026-04-09,South,Hardware,927.92
ORD-000987,2026-04-09,South,Hardware,841.00
ORD-000988,2026-04-09,South,Accessories,43.68
ORD-000989,2026-04-09,South,Hardware,361.34
ORD-000990,2026-04-09,South,Accessories,17.19
ORD-000991,2026-04-10,North,Accessories,20.97
ORD-000992,2026-04-10,North,Software,154.55
ORD-000993,2026-04-10,North,Accessories,36.52
ORD-000994,2026-04-10,North,Services,414.85
ORD-000995,2026-04-10,North,Hardware,150.87
ORD-000996,2026-04-10,North,Software,265.34
ORD-000997,2026-04-10,North,Software,85.71
ORD-000998,2026-04-10,North,Accessories,29.21
ORD-000999,2026-04-10,North,Software,202.16
ORD-001000,2026-04-10,North,Services,791.39
ORD-001001,2026-04-10,North,Accessories,20.67
ORD-001002,2026-04-10,North,Hardware,104.21
ORD-001003,2026-04-10,North,Hardware,290.24
ORD-001004,2026-04-10,North,Accessories,61.97
ORD-001005,2026-04-10,North,Accessories,58.20
ORD-001006,2026-04-10,North,Hardware,248.36
ORD-001007,2026-04-10,North,Software,97.09
ORD-001008,2026-04-10,North,Accessories,38.13
ORD-001009,2026-04-10,North,Accessories,75.03
ORD-001010,2026-04-10,North,Software,145.13
ORD-001011,2026-04-10,North,Software,75.55
ORD-001012,2026-04-10,North,Hardware,716.16
ORD-001013,2026-04-10,North,Software,102.81
ORD-001014,2026-04-10,North,,41.15
ORD-001015,2026-04-10,North,Hardware,219.50
ORD-001016,2026-04-10,North,Services,435.39
ORD-001017,2026-04-10,North,Software,136.10
ORD-001018,2026-04-10,North,Software,169.87
ORD-001019,2026-04-10,North,Software,65.24
ORD-001020,2026-04-10,North,Services,409.95
ORD-001021,2026-04-10,North,Accessories,14.76
ORD-001022,2026-04-10,North,Software,63.15
ORD-001023,2026-04-10,North,Accessories,55.19
ORD-001024,2026-04-10,North,Software,140.23
ORD-001025,2026-04-10,North,Accessories,23.71
ORD-001026,2026-04-10,North,Hardware,531.80
ORD-001027,2026-04-10,North,,200.06
ORD-001028,2026-04-10,North,Accessories,19.13
ORD-001029,2026-04-10,North,Software,151.62
ORD-001030,2026-04-10,North,Hardware,327.17
ORD-001031,2026-04-10,North,Services,449.94
ORD-001032,2026-04-10,North,Software,115.70
ORD-001033,2026-04-10,North,Accessories,28.25
ORD-001034,2026-04-10,North,Accessories,38.48
ORD-001035,2026-04-10,North,Hardware,503.89
ORD-001036,2026-04-10,North,Accessories,45.74
ORD-001037,2026-04-10,North,Accessories,36.56
ORD-001038,2026-04-10,North,Software,48.03
ORD-001039,2026-04-10,North,Hardware,276.54
ORD-001040,2026-04-10,North,Accessories,18.92
ORD-001041,2026-04-10,North,Services,379.70
ORD-001042,2026-04-10,North,Accessories,39.75
ORD-001043,2026-04-10,North,Accessories,90.59
ORD-001044,2026-04-10,Central,Services,830.26
ORD-001045,2026-04-10,Central,Accessories,110.07
ORD-001046,2026-04-10,Central,Accessories,15.84
ORD-001047,2026-04-10,Central,Accessories,47.78
ORD-001048,2026-04-10,Central,Hardware,615.93
ORD-001049,2026-04-10,Central,Hardware,352.44
ORD-001050,2026-04-10,Central,Hardware,153.83
ORD-001051,2026-04-10,Central,Accessories,59.53
ORD-001052,2026-04-10,Central,Accessories,89.16
ORD-001053,2026-04-10,Central,Hardware,300.20
ORD-001054,2026-04-10,Central,Services,405.16
ORD-001055,2026-04-10,Central,Accessories,71.43
ORD-001056,2026-04-10,Central,Hardware,322.14
ORD-001057,2026-04-10,Central,Software,147.18
ORD-001058,2026-04-10,Central,Accessories,36.99
ORD-001059,2026-04-10,Central,Accessories,18.60
ORD-001060,2026-04-10,Central,Hardware,512.08
ORD-001061,2026-04-10,Central,Hardware,293.95
ORD-001062,2026-04-10,Central,Hardware,541.27
ORD-001063,2026-04-10,Central,Hardware,420.81
ORD-001064,2026-04-10,Central,Services,1434.20
ORD-001065,2026-04-10,Central,Hardware,406.67
ORD-001066,2026-04-10,Central,Software,176.28
ORD-001067,2026-04-10,Central,Accessories,42.64
ORD-001068,2026-04-10,Central,Accessories,56.59
ORD-001069,2026-04-10,Central,Accessories,24.25
ORD-001070,2026-04-10,Central,Accessories,38.79
ORD-001071,2026-04-10,Central,Services,583.68
ORD-001072,2026-04-10,Central,Services,489.12
ORD-001073,2026-04-10,Central,Accessories,11.69
ORD-001074,2026-04-10,Central,Accessories,112.47
ORD-001075,2026-04-10,Central,Accessories,58.27
ORD-001076,2026-04-10,Central,Accessories,31.13
ORD-001077,2026-04-10,Central,Services,213.61
ORD-001078,2026-04-10,Central,Software,190.40
ORD-001079,2026-04-10,Central,Software,113.01
ORD-001080,2026-04-10,Central,Software,282.36
ORD-001081,2026-04-10,Central,Hardware,277.29
ORD-001082,2026-04-10,Central,Services,319.96
ORD-001083,2026-04-10,Central,Services,400.60
ORD-001084,2026-04-10,Central,Hardware,562.32
ORD-001085,2026-04-10,Central,Software,87.25
ORD-001086,2026-04-10,South,Accessories,26.86
ORD-001087,2026-04-10,South,Hardware,232.14
ORD-001088,2026-04-10,South,Accessories,41.23
ORD-001089,2026-04-10,South,Services,507.07
ORD-001090,2026-04-10,South,Software,236.80
ORD-001091,2026-04-10,South,Services,474.42
ORD-001092,2026-04-10,South,Hardware,427.47
ORD-001093,2026-04-10,South,Accessories,21.15
ORD-001094,2026-04-10,South,Services,370.95
ORD-001095,2026-04-10,South,Software,300.60
ORD-001096,2026-04-10,South,Services,335.84
ORD-001097,2026-04-10,South,Software,465.72
ORD-001098,2026-04-10,South,Software,107.51
ORD-001099,2026-04-10,South,Services,629.23
ORD-001100,2026-04-10,South,Hardware,620.75
ORD-001101,2026-04-10,South,Accessories,166.47
ORD-001102,2026-04-10,South,Software,183.26
ORD-001103,2026-04-10,South,Services,210.52
ORD-001104,2026-04-10,South,Hardware,130.01
ORD-001105,2026-04-10,South,Accessories,39.68
ORD-001106,2026-04-10,South,Software,74.01
ORD-001107,2026-04-10,South,Services,908.05
ORD-001108,2026-04-10,South,Accessories,42.88
ORD-001109,2026-04-10,South,Services,315.43
ORD-001110,2026-04-10,South,Accessories,39.34
ORD-001111,2026-04-10,South,Hardware,537.15
ORD-001112,2026-04-10,South,Software,60.67
ORD-001113,2026-04-10,South,Hardware,223.03
ORD-001114,2026-04-10,South,Accessories,33.15
ORD-001115,2026-04-11,North,Hardware,334.94
ORD-001116,2026-04-11,North,Software,253.14
ORD-001117,2026-04-11,North,,62.47
ORD-001118,2026-04-11,North,Hardware,180.52
ORD-001119,2026-04-11,North,Hardware,536.05
ORD-001120,2026-04-11,North,Services,673.01
ORD-001121,2026-04-11,North,Services,972.95
ORD-001122,2026-04-11,North,Services,255.62
ORD-001123,2026-04-11,North,Hardware,139.93
ORD-001124,2026-04-11,North,Services,363.07
ORD-001125,2026-04-11,North,Accessories,54.37
ORD-001126,2026-04-11,North,Accessories,133.34
ORD-001127,2026-04-11,North,Hardware,352.53
ORD-001128,2026-04-11,North,Services,645.50
ORD-001129,2026-04-11,North,Services,567.98
ORD-001130,2026-04-11,North,Hardware,318.12
ORD-001131,2026-04-11,North,Hardware,436.78
ORD-001132,2026-04-11,North,Software,95.29
ORD-001133,2026-04-11,North,Hardware,583.65
ORD-001134,2026-04-11,North,Hardware,479.76
ORD-001135,2026-04-11,North,Services,320.72
ORD-001136,2026-04-11,North,Hardware,322.06
ORD-001137,2026-04-11,North,Services,230.65
ORD-001138,2026-04-11,North,Services,433.60
ORD-001139,2026-04-11,North,Software,244.46
ORD-001140,2026-04-11,North,Software,187.56
ORD-001141,2026-04-11,North,Accessories,79.24
ORD-001142,2026-04-11,North,Accessories,24.27
ORD-001143,2026-04-11,North,Accessories,37.55
ORD-001144,2026-04-11,North,Accessories,69.36
ORD-001145,2026-04-11,North,Accessories,68.79
ORD-001146,2026-04-11,North,Software,310.62
ORD-001147,2026-04-11,North,Accessories,19.54
ORD-001148,2026-04-11,North,Hardware,581.15
ORD-001149,2026-04-11,North,Software,135.60
ORD-001150,2026-04-11,North,Accessories,28.33
ORD-001151,2026-04-11,North,Services,706.78
ORD-001152,2026-04-11,North,Software,104.07
ORD-001153,2026-04-11,North,Accessories,14.66
ORD-001154,2026-04-11,Central,Hardware,525.15
ORD-001155,2026-04-11,Central,Hardware,205.07
ORD-001156,2026-04-11,Central,Accessories,53.98
ORD-001157,2026-04-11,Central,Hardware,231.35
ORD-001158,2026-04-11,Central,Accessories,19.62
ORD-001159,2026-04-11,Central,Software,148.03
ORD-001160,2026-04-11,Central,Services,416.30
ORD-001161,2026-04-11,Central,Accessories,36.50
ORD-001162,2026-04-11,Central,Hardware,284.78
ORD-001163,2026-04-11,Central,Services,634.87
ORD-001164,2026-04-11,Central,Hardware,396.95
ORD-001165,2026-04-11,Central,Software,250.18
ORD-001166,2026-04-11,Central,Accessories,18.24
ORD-001167,2026-04-11,Central,Software,123.78
ORD-001168,2026-04-11,Central,Services,247.91
ORD-001169,2026-04-11,Central,Hardware,419.93
ORD-001170,2026-04-11,Central,Services,782.00
ORD-001171,2026-04-11,Central,Hardware,218.08
ORD-001172,2026-04-11,Central,Services,521.51
ORD-001173,2026-04-11,Central,Services,648.28
ORD-001174,2026-04-11,Central,Services,307.57
ORD-001175,2026-04-11,Central,Services,862.30
ORD-001176,2026-04-11,Central,Accessories,76.75
ORD-001177,2026-04-11,Central,Accessories,29.25
ORD-001178,2026-04-11,Central,Services,581.28
ORD-001179,2026-04-11,Central,Services,848.53
ORD-001180,2026-04-11,Central,Services,434.23
ORD-001181,2026-04-11,Central,Services,1469.18
ORD-001182,2026-04-11,Central,Hardware,132.21
ORD-001183,2026-04-11,Central,Services,302.70
ORD-001184,2026-04-11,Central,Accessories,16.19
ORD-001185,2026-04-11,Central,Software,131.65
ORD-001186,2026-04-11,Central,Hardware,201.29
ORD-001187,2026-04-11,Central,Software,87.41
ORD-001188,2026-04-11,Central,Software,141.54
ORD-001189,2026-04-11,Central,Hardware,416.13
ORD-001190,2026-04-11,South,Services,1044.17
ORD-001191,2026-04-11,South,Software,90.14
ORD-001192,2026-04-11,South,Hardware,401.59
ORD-001193,2026-04-11,South,Services,498.79
ORD-001194,2026-04-11,South,Hardware,120.72
ORD-001195,2026-04-11,South,Hardware,334.38
ORD-001196,2026-04-11,South,Software,177.72
ORD-001197,2026-04-11,South,Services,511.84
ORD-001198,2026-04-11,South,Services,545.72
ORD-001199,2026-04-11,South,Accessories,93.97
ORD-001200,2026-04-11,South,Accessories,41.92
ORD-001201,2026-04-11,South,Accessories,34.37
ORD-001202,2026-04-11,South,Software,105.00
ORD-001203,2026-04-11,South,Software,126.33
ORD-001204,2026-04-11,South,Software,346.20
ORD-001205,2026-04-11,South,Accessories,19.31
ORD-001206,2026-04-11,South,Services,684.51
ORD-001207,2026-04-11,South,Services,770.15
ORD-001208,2026-04-11,South,Services,268.18
ORD-001209,2026-04-11,South,Hardware,407.91
ORD-001210,2026-04-11,South,Accessories,36.53
ORD-001211,2026-04-11,South,Services,401.63
ORD-001212,2026-04-12,North,Hardware,168.16
ORD-001213,2026-04-12,North,Accessories,25.56
ORD-001214,2026-04-12,North,Accessories,12.74
ORD-001215,2026-04-12,North,Hardware,391.28
ORD-001216,2026-04-12,North,Services,607.00
ORD-001217,2026-04-12,North,Accessories,25.93
ORD-001218,2026-04-12,North,Services,873.63
ORD-001219,2026-04-12,North,Services,602.77
ORD-001220,2026-04-12,North,Software,231.13
ORD-001221,2026-04-12,North,Hardware,169.93
ORD-001222,2026-04-12,North,Hardware,282.83
ORD-001223,2026-04-12,North,Hardware,436.53
ORD-001224,2026-04-12,North,Hardware,259.81
ORD-001225,2026-04-12,North,Hardware,258.22
ORD-001226,2026-04-12,North,Services,482.01
ORD-001227,2026-04-12,North,Software,223.41
ORD-001228,2026-04-12,North,Hardware,392.37
ORD-001229,2026-04-12,North,Accessories,42.64
ORD-001230,2026-04-12,North,Software,204.43
ORD-001231,2026-04-12,North,Software,113.59
ORD-001232,2026-04-12,North,Hardware,359.30
ORD-001233,2026-04-12,North,Hardware,961.31
ORD-001234,2026-04-12,North,Accessories,17.19
ORD-001235,2026-04-12,North,Software,96.30
ORD-001236,2026-04-12,North,Accessories,62.17
ORD-001237,2026-04-12,North,Accessories,42.09
ORD-001238,2026-04-12,North,Hardware,226.57
ORD-001239,2026-04-12,North,,821.61
ORD-001240,2026-04-12,North,Hardware,375.25
ORD-001241,2026-04-12,North,Software,174.18
ORD-001242,2026-04-12,North,Hardware,350.92
ORD-001243,2026-04-12,North,Accessories,27.33
ORD-001244,2026-04-12,North,Software,239.44
ORD-001245,2026-04-12,North,Accessories,43.56
ORD-001246,2026-04-12,North,Accessories,65.94
ORD-001247,2026-04-12,Central,Hardware,141.59
ORD-001248,2026-04-12,Central,Services,529.47
ORD-001249,2026-04-12,Central,Software,83.48
ORD-001250,2026-04-12,Central,Hardware,363.68
ORD-001251,2026-04-12,Central,Hardware,116.41
ORD-001252,2026-04-12,Central,Accessories,47.99
ORD-001253,2026-04-12,Central,Accessories,59.70
ORD-001254,2026-04-12,Central,Hardware,322.49
ORD-001255,2026-04-12,Central,Services,241.87
ORD-001256,2026-04-12,Central,Accessories,37.28
ORD-001257,2026-04-12,Central,Software,536.15
ORD-001258,2026-04-12,Central,Software,358.75
ORD-001259,2026-04-12,Central,Software,78.57
ORD-001260,2026-04-12,Central,Software,107.90
ORD-001261,2026-04-12,Central,Accessories,89.59
ORD-001262,2026-04-12,Central,Accessories,16.94
ORD-001263,2026-04-12,Central,Software,248.02
ORD-001264,2026-04-12,Central,Accessories,20.25
ORD-001265,2026-04-12,Central,Hardware,231.56
ORD-001266,2026-04-12,Central,Services,465.55
ORD-001267,2026-04-12,Central,Software,149.58
ORD-001268,2026-04-12,Central,Software,150.90
ORD-001269,2026-04-12,Central,Services,817.93
ORD-001270,2026-04-12,Central,Software,94.79
ORD-001271,2026-04-12,Central,Hardware,183.80
ORD-001272,2026-04-12,Central,Accessories,57.20
ORD-001273,2026-04-12,Central,Hardware,382.76
ORD-001274,2026-04-12,Central,,55.09
ORD-001275,2026-04-12,Central,Services,580.68
ORD-001276,2026-04-12,Central,Hardware,525.79
ORD-001277,2026-04-12,Central,Hardware,292.01
ORD-001278,2026-04-12,Central,Software,323.92
ORD-001279,2026-04-12,South,Accessories,41.76
ORD-001280,2026-04-12,South,Hardware,463.06
ORD-001281,2026-04-12,South,Services,388.18
ORD-001282,2026-04-12,South,Software,134.85
ORD-001283,2026-04-12,South,,171.13
ORD-001284,2026-04-12,South,Software,112.10
ORD-001285,2026-04-12,South,Hardware,366.65
ORD-001286,2026-04-12,South,Hardware,309.55
ORD-001287,2026-04-12,South,Hardware,228.78
ORD-001288,2026-04-12,South,Services,610.19
ORD-001289,2026-04-12,South,Services,769.81
ORD-001290,2026-04-12,South,Hardware,210.23
ORD-001291,2026-04-12,South,Accessories,33.14
ORD-001292,2026-04-12,South,Accessories,18.09
ORD-001293,2026-04-12,South,Accessories,21.42
ORD-001294,2026-04-12,South,Accessories,49.97
ORD-001295,2026-04-12,South,Accessories,41.25
ORD-001296,2026-04-12,South,Hardware,204.03
ORD-001297,2026-04-12,South,Services,614.24
ORD-001298,2026-04-12,South,Services,248.78
ORD-001299,2026-04-13,North,Accessories,27.52
ORD-001300,2026-04-13,North,,297.34
ORD-001301,2026-04-13,North,Accessories,122.74
ORD-001302,2026-04-13,North,Services,320.05
ORD-001303,2026-04-13,North,Hardware,607.05
ORD-001304,2026-04-13,North,Accessories,43.95
ORD-001305,2026-04-13,North,Services,529.39
ORD-001306,2026-04-13,North,Software,575.80
ORD-001307,2026-04-13,North,Services,479.99
ORD-001308,2026-04-13,North,Hardware,349.79
ORD-001309,2026-04-13,North,Software,373.83
ORD-001310,2026-04-13,North,Software,69.22
ORD-001311,2026-04-13,North,Software,109.65
ORD-001312,2026-04-13,North,Accessories,59.28
ORD-001313,2026-04-13,North,Services,539.32
ORD-001314,2026-04-13,North,Hardware,161.42
ORD-001315,2026-04-13,North,Services,1112.85
ORD-001316,2026-04-13,North,Hardware,219.39
ORD-001317,2026-04-13,North,Software,90.56
ORD-001318,2026-04-13,North,Services,640.47
ORD-001319,2026-04-13,North,Hardware,295.72
ORD-001320,2026-04-13,North,Services,404.28
ORD-001321,2026-04-13,North,Hardware,216.57
ORD-001322,2026-04-13,North,Software,56.37
ORD-001323,2026-04-13,North,Accessories,24.62
ORD-001324,2026-04-13,North,Software,83.41
ORD-001325,2026-04-13,North,Software,74.61
ORD-001326,2026-04-13,North,Hardware,186.66
ORD-001327,2026-04-13,North,Hardware,199.96
ORD-001328,2026-04-13,North,Services,408.35
ORD-001329,2026-04-13,North,Software,113.47
ORD-001330,2026-04-13,North,Hardware,178.49
ORD-001331,2026-04-13,North,Accessories,26.02
ORD-001332,2026-04-13,North,Services,572.72
ORD-001333,2026-04-13,North,Accessories,19.50
ORD-001334,2026-04-13,North,Services,809.54
ORD-001335,2026-04-13,North,Software,153.45
ORD-001336,2026-04-13,North,Services,535.40
ORD-001337,2026-04-13,North,Hardware,385.99
ORD-001338,2026-04-13,North,Hardware,584.37
ORD-001339,2026-04-13,North,Accessories,30.12
ORD-001340,2026-04-13,North,Software,168.37
ORD-001341,2026-04-13,North,Software,86.49
ORD-001342,2026-04-13,North,Software,174.78
ORD-001343,2026-04-13,North,Software,77.45
ORD-001344,2026-04-13,North,Hardware,593.92
ORD-001345,2026-04-13,North,Accessories,16.57
ORD-001346,2026-04-13,North,Hardware,589.77
ORD-001347,2026-04-13,North,Software,98.79
ORD-001348,2026-04-13,Central,Hardware,534.55
ORD-001349,2026-04-13,Central,Services,279.16
ORD-001350,2026-04-13,Central,Hardware,535.15
ORD-001351,2026-04-13,Central,Software,56.31
ORD-001352,2026-04-13,Central,Accessories,8.91
ORD-001353,2026-04-13,Central,Hardware,261.16
ORD-001354,2026-04-13,Central,Hardware,582.85
ORD-001355,2026-04-13,Central,Hardware,219.88
ORD-001356,2026-04-13,Central,Services,318.14
ORD-001357,2026-04-13,Central,Services,1045.03
ORD-001358,2026-04-13,Central,Services,604.12
ORD-001359,2026-04-13,Central,Software,155.01
ORD-001360,2026-04-13,Central,Services,101.92
ORD-001361,2026-04-13,Central,Hardware,318.14
ORD-001362,2026-04-13,Central,,26.83
ORD-001363,2026-04-13,Central,Hardware,233.49
ORD-001364,2026-04-13,Central,Accessories,51.40
ORD-001365,2026-04-13,Central,Services,533.29
ORD-001366,2026-04-13,Central,Services,494.37
ORD-001367,2026-04-13,Central,Software,179.63
ORD-001368,2026-04-13,Central,Hardware,274.78
ORD-001369,2026-04-13,Central,Hardware,777.39
ORD-001370,2026-04-13,Central,Hardware,591.89
ORD-001371,2026-04-13,Central,Hardware,288.44
ORD-001372,2026-04-13,Central,Hardware,330.95
ORD-001373,2026-04-13,Central,Software,102.30
ORD-001374,2026-04-13,Central,Accessories,40.28
ORD-001375,2026-04-13,Central,Services,311.48
ORD-001376,2026-04-13,Central,Accessories,89.18
ORD-001377,2026-04-13,Central,Accessories,53.10
ORD-001378,2026-04-13,Central,Software,138.37
ORD-001379,2026-04-13,Central,Hardware,218.52
ORD-001380,2026-04-13,Central,Services,333.95
ORD-001381,2026-04-13,Central,Accessories,34.30
ORD-001382,2026-04-13,Central,Hardware,583.15
ORD-001383,2026-04-13,Central,Accessories,45.53
ORD-001384,2026-04-13,Central,Services,2113.89
ORD-001385,2026-04-13,Central,Accessories,11.32
ORD-001386,2026-04-13,Central,Accessories,110.76
ORD-001387,2026-04-13,Central,Services,865.65
ORD-001388,2026-04-13,Central,Services,738.56
ORD-001389,2026-04-13,Central,Services,403.25
ORD-001390,2026-04-13,Central,Accessories,33.26
ORD-001391,2026-04-13,Central,Accessories,61.10
ORD-001392,2026-04-13,Central,Services,395.95
ORD-001393,2026-04-13,Central,Software,178.36
ORD-001394,2026-04-13,Central,Hardware,916.39
ORD-001395,2026-04-13,South,Hardware,233.23
ORD-001396,2026-04-13,South,Accessories,39.48
ORD-001397,2026-04-13,South,Services,674.29
ORD-001398,2026-04-13,South,Services,284.14
ORD-001399,2026-04-13,South,Software,97.32
ORD-001400,2026-04-13,South,Services,299.13
ORD-001401,2026-04-13,South,Hardware,530.07
ORD-001402,2026-04-13,South,Accessories,21.69
ORD-001403,2026-04-13,South,Hardware,357.29
ORD-001404,2026-04-13,South,Hardware,165.93
ORD-001405,2026-04-13,South,Hardware,542.76
ORD-001406,2026-04-13,South,Accessories,33.03
ORD-001407,2026-04-13,South,Hardware,461.27
ORD-001408,2026-04-13,South,Accessories,29.80
ORD-001409,2026-04-13,South,Accessories,25.96
ORD-001410,2026-04-13,South,Accessories,92.37
ORD-001411,2026-04-13,South,Software,120.13
ORD-001412,2026-04-13,South,Accessories,39.67
ORD-001413,2026-04-13,South,Hardware,160.87
ORD-001414,2026-04-13,South,Accessories,42.89
ORD-001415,2026-04-13,South,Software,64.44
ORD-001416,2026-04-13,South,Accessories,38.71
ORD-001417,2026-04-13,South,Services,494.01
ORD-001418,2026-04-13,South,Services,485.85
ORD-001419,2026-04-13,South,Hardware,432.87
ORD-001420,2026-04-13,South,Accessories,90.57
ORD-001421,2026-04-13,South,Hardware,424.27
ORD-001422,2026-04-13,South,Software,145.41
ORD-001423,2026-04-13,South,Hardware,204.46
ORD-001424,2026-04-14,North,Services,1060.73
ORD-001425,2026-04-14,North,Accessories,19.85
ORD-001426,2026-04-14,North,Software,203.44
ORD-001427,2026-04-14,North,Accessories,40.72
ORD-001428,2026-04-14,North,Software,521.25
ORD-001429,2026-04-14,North,Accessories,41.65
ORD-001430,2026-04-14,North,Services,684.32
ORD-001431,2026-04-14,North,Services,618.95
ORD-001432,2026-04-14,North,Accessories,17.53
ORD-001433,2026-04-14,North,Hardware,178.30
ORD-001434,2026-04-14,North,Hardware,511.57
ORD-001435,2026-04-14,North,Accessories,12.36
ORD-001436,2026-04-14,North,Accessories,27.77
ORD-001437,2026-04-14,North,Hardware,512.65
ORD-001438,2026-04-14,North,Services,916.80
ORD-001439,2026-04-14,North,Software,248.88
ORD-001440,2026-04-14,North,Services,634.29
ORD-001441,2026-04-14,North,Accessories,17.03
ORD-001442,2026-04-14,North,Accessories,15.67
ORD-001443,2026-04-14,North,Accessories,80.73
ORD-001444,2026-04-14,North,Hardware,320.61
ORD-001445,2026-04-14,North,Hardware,586.85
ORD-001446,2026-04-14,North,Software,331.10
ORD-001447,2026-04-14,North,Services,945.61
ORD-001448,2026-04-14,North,Software,76.22
ORD-001449,2026-04-14,North,Software,106.29
ORD-001450,2026-04-14,North,Services,487.62
ORD-001451,2026-04-14,North,Hardware,1521.11
ORD-001452,2026-04-14,North,Accessories,34.38
ORD-001453,2026-04-14,North,Hardware,229.85
ORD-001454,2026-04-14,North,Hardware,173.94
ORD-001455,2026-04-14,North,Hardware,137.81
ORD-001456,2026-04-14,North,Software,124.47
ORD-001457,2026-04-14,North,Hardware,388.98
ORD-001458,2026-04-14,North,Services,355.27
ORD-001459,2026-04-14,North,Hardware,99.71
ORD-001460,2026-04-14,North,Accessories,105.88
ORD-001461,2026-04-14,North,Accessories,33.28
ORD-001462,2026-04-14,North,Hardware,569.25
ORD-001463,2026-04-14,North,Software,41.92
ORD-001464,2026-04-14,Central,Software,134.08
ORD-001465,2026-04-14,Central,Hardware,457.80
ORD-001466,2026-04-14,Central,Hardware,515.98
ORD-001467,2026-04-14,Central,Hardware,236.47
ORD-001468,2026-04-14,Central,Services,591.78
ORD-001469,2026-04-14,Central,Accessories,23.20
ORD-001470,2026-04-14,Central,Hardware,504.91
ORD-001471,2026-04-14,Central,Services,598.33
ORD-001472,2026-04-14,Central,Software,206.16
ORD-001473,2026-04-14,Central,Accessories,54.94
ORD-001474,2026-04-14,Central,Accessories,30.23
ORD-001475,2026-04-14,Central,Software,299.74
ORD-001476,2026-04-14,Central,Software,118.17
ORD-001477,2026-04-14,Central,Services,837.17
ORD-001478,2026-04-14,Central,Hardware,251.51
ORD-001479,2026-04-14,Central,Hardware,389.81
ORD-001480,2026-04-14,Central,Services,355.06
ORD-001481,2026-04-14,Central,Accessories,41.68
ORD-001482,2026-04-14,Central,Services,690.11
ORD-001483,2026-04-14,Central,Services,577.00
ORD-001484,2026-04-14,Central,Accessories,14.57
ORD-001485,2026-04-14,Central,Accessories,22.11
ORD-001486,2026-04-14,Central,Hardware,270.12
ORD-001487,2026-04-14,Central,Software,50.00
ORD-001488,2026-04-14,Central,Software,74.60
ORD-001489,2026-04-14,Central,Software,116.14
ORD-001490,2026-04-14,Central,Accessories,15.61
ORD-001491,2026-04-14,Central,Services,298.20
ORD-001492,2026-04-14,Central,Hardware,220.17
ORD-001493,2026-04-14,Central,Hardware,277.75
ORD-001494,2026-04-14,Central,Services,688.59
ORD-001495,2026-04-14,Central,Hardware,289.02
ORD-001496,2026-04-14,Central,Software,139.43
ORD-001497,2026-04-14,Central,Accessories,14.84
ORD-001498,2026-04-14,Central,Services,472.06
ORD-001499,2026-04-14,Central,Software,89.12
ORD-001500,2026-04-14,Central,,52.94
ORD-001501,2026-04-14,Central,Hardware,431.10
ORD-001502,2026-04-14,Central,Software,86.71
ORD-001503,2026-04-14,Central,Accessories,39.89
ORD-001504,2026-04-14,Central,,102.63
ORD-001505,2026-04-14,South,Software,120.08
ORD-001506,2026-04-14,South,Accessories,25.95
ORD-001507,2026-04-14,South,Software,134.42
ORD-001508,2026-04-14,South,Hardware,582.68
ORD-001509,2026-04-14,South,Hardware,249.79
ORD-001510,2026-04-14,South,Hardware,249.89
ORD-001511,2026-04-14,South,Hardware,405.43
ORD-001512,2026-04-14,South,Hardware,239.80
ORD-001513,2026-04-14,South,Hardware,294.46
ORD-001514,2026-04-14,South,Services,1580.93
ORD-001515,2026-04-14,South,Accessories,41.94
ORD-001516,2026-04-14,South,Software,158.08
ORD-001517,2026-04-14,South,Hardware,455.24
ORD-001518,2026-04-14,South,,25.31
ORD-001519,2026-04-14,South,Services,443.45
ORD-001520,2026-04-14,South,Hardware,819.23
ORD-001521,2026-04-14,South,Software,58.79
ORD-001522,2026-04-14,South,Services,514.68
ORD-001523,2026-04-14,South,Hardware,300.37
ORD-001524,2026-04-14,South,,53.41
ORD-001525,2026-04-14,South,Services,859.72
ORD-001526,2026-04-14,South,Software,68.84
ORD-001527,2026-04-14,South,Hardware,681.14
ORD-001528,2026-04-15,North,Hardware,574.79
ORD-001529,2026-04-15,North,Accessories,67.89
ORD-001530,2026-04-15,North,Accessories,9.81
ORD-001531,2026-04-15,North,Software,173.75
ORD-001532,2026-04-15,North,Hardware,279.82
ORD-001533,2026-04-15,North,Accessories,27.81
ORD-001534,2026-04-15,North,Software,76.21
ORD-001535,2026-04-15,North,Software,71.10
ORD-001536,2026-04-15,North,Software,153.63
ORD-001537,2026-04-15,North,Accessories,35.57
ORD-001538,2026-04-15,North,Hardware,110.87
ORD-001539,2026-04-15,North,Services,302.73
ORD-001540,2026-04-15,North,Accessories,63.67
ORD-001541,2026-04-15,North,Hardware,346.17
ORD-001542,2026-04-15,North,Services,868.59
ORD-001543,2026-04-15,North,Accessories,28.45
ORD-001544,2026-04-15,North,Software,45.64
ORD-001545,2026-04-15,North,Hardware,326.54
ORD-001546,2026-04-15,North,Software,68.79
ORD-001547,2026-04-15,North,Software,90.43
ORD-001548,2026-04-15,North,Software,265.49
ORD-001549,2026-04-15,North,Services,364.28
ORD-001550,2026-04-15,North,Services,260.67
ORD-001551,2026-04-15,North,Services,382.41
ORD-001552,2026-04-15,North,Services,865.86
ORD-001553,2026-04-15,North,Software,318.74
ORD-001554,2026-04-15,North,Hardware,352.47
ORD-001555,2026-04-15,North,Accessories,34.88
ORD-001556,2026-04-15,North,Services,590.44
ORD-001557,2026-04-15,North,Software,61.08
ORD-001558,2026-04-15,North,Hardware,146.81
ORD-001559,2026-04-15,North,Hardware,399.91
ORD-001560,2026-04-15,North,Software,141.64
ORD-001561,2026-04-15,North,Hardware,525.48
ORD-001562,2026-04-15,North,Hardware,252.99
ORD-001563,2026-04-15,North,Hardware,342.90
ORD-001564,2026-04-15,North,Services,716.57
ORD-001565,2026-04-15,North,Software,130.21
ORD-001566,2026-04-15,North,Hardware,304.33
ORD-001567,2026-04-15,North,Services,761.30
ORD-001568,2026-04-15,North,Hardware,592.52
ORD-001569,2026-04-15,North,Software,249.34
ORD-001570,2026-04-15,North,Software,125.77
ORD-001571,2026-04-15,North,Hardware,548.20
ORD-001572,2026-04-15,North,Software,78.66
ORD-001573,2026-04-15,North,Software,161.16
ORD-001574,2026-04-15,Central,Hardware,170.88
ORD-001575,2026-04-15,Central,Accessories,36.90
ORD-001576,2026-04-15,Central,Services,558.56
ORD-001577,2026-04-15,Central,Accessories,31.45
ORD-001578,2026-04-15,Central,Hardware,537.21
ORD-001579,2026-04-15,Central,Hardware,277.63
ORD-001580,2026-04-15,Central,Services,488.47
ORD-001581,2026-04-15,Central,Services,1089.91
ORD-001582,2026-04-15,Central,Software,114.39
ORD-001583,2026-04-15,Central,Software,97.93
ORD-001584,2026-04-15,Central,Services,475.16
ORD-001585,2026-04-15,Central,Accessories,29.74
ORD-001586,2026-04-15,Central,Hardware,406.42
ORD-001587,2026-04-15,Central,Hardware,185.23
ORD-001588,2026-04-15,Central,Accessories,19.19
ORD-001589,2026-04-15,Central,Software,151.81
ORD-001590,2026-04-15,Central,Hardware,551.70
ORD-001591,2026-04-15,Central,Hardware,913.09
ORD-001592,2026-04-15,Central,,54.53
ORD-001593,2026-04-15,Central,Software,219.58
ORD-001594,2026-04-15,Central,Hardware,231.53
ORD-001595,2026-04-15,Central,Hardware,245.13
ORD-001596,2026-04-15,Central,Software,162.38
ORD-001597,2026-04-15,Central,Accessories,42.51
ORD-001598,2026-04-15,Central,Accessories,45.45
ORD-001599,2026-04-15,Central,Accessories,90.24
ORD-001600,2026-04-15,Central,Hardware,477.36
ORD-001601,2026-04-15,Central,Software,201.52
ORD-001602,2026-04-15,Central,Accessories,58.79
ORD-001603,2026-04-15,Central,Hardware,302.29
ORD-001604,2026-04-15,Central,Software,138.19
ORD-001605,2026-04-15,Central,Accessories,40.99
ORD-001606,2026-04-15,Central,Software,90.26
ORD-001607,2026-04-15,Central,Hardware,214.00
ORD-001608,2026-04-15,Central,Hardware,364.94
ORD-001609,2026-04-15,Central,Software,636.97
ORD-001610,2026-04-15,Central,,49.10
ORD-001611,2026-04-15,Central,Accessories,24.02
ORD-001612,2026-04-15,South,Services,755.44
ORD-001613,2026-04-15,South,Hardware,508.39
ORD-001614,2026-04-15,South,Software,103.31
ORD-001615,2026-04-15,South,Accessories,40.59
ORD-001616,2026-04-15,South,Services,912.67
ORD-001617,2026-04-15,South,Hardware,114.50
ORD-001618,2026-04-15,South,Software,124.87
ORD-001619,2026-04-15,South,Services,557.97
ORD-001620,2026-04-15,South,Accessories,28.87
ORD-001621,2026-04-15,South,Services,255.50
ORD-001622,2026-04-15,South,Services,329.09
ORD-001623,2026-04-15,South,Accessories,19.58
ORD-001624,2026-04-15,South,Hardware,153.91
ORD-001625,2026-04-15,South,Hardware,242.99
ORD-001626,2026-04-15,South,Hardware,779.14
ORD-001627,2026-04-15,South,,24.25
ORD-001628,2026-04-15,South,Accessories,31.42
ORD-001629,2026-04-15,South,Accessories,29.33
ORD-001630,2026-04-15,South,Software,88.09
ORD-001631,2026-04-15,South,Services,696.07
ORD-001632,2026-04-15,South,Accessories,44.14
ORD-001633,2026-04-15,South,Services,915.80
ORD-001634,2026-04-15,South,Services,517.92
ORD-001635,2026-04-15,South,Accessories,48.02
ORD-001636,2026-04-15,South,Hardware,178.94
ORD-001637,2026-04-15,South,Hardware,543.86
ORD-001638,2026-04-15,South,Hardware,1033.43
ORD-001639,2026-04-15,South,Hardware,606.69
ORD-001640,2026-04-15,South,Hardware,375.31
ORD-001641,2026-04-15,South,Services,523.95
ORD-001642,2026-04-16,North,Hardware,112.33
ORD-001643,2026-04-16,North,Software,203.81
ORD-001644,2026-04-16,North,Hardware,371.98
ORD-001645,2026-04-16,North,Hardware,255.13
ORD-001646,2026-04-16,North,Services,933.38
ORD-001647,2026-04-16,North,Services,369.85
ORD-001648,2026-04-16,North,Hardware,403.17
ORD-001649,2026-04-16,North,Software,109.23
ORD-001650,2026-04-16,North,Software,272.51
ORD-001651,2026-04-16,North,Hardware,654.73
ORD-001652,2026-04-16,North,Software,82.73
ORD-001653,2026-04-16,North,Accessories,68.48
ORD-001654,2026-04-16,North,Services,557.80
ORD-001655,2026-04-16,North,Services,331.37
ORD-001656,2026-04-16,North,Accessories,32.09
ORD-001657,2026-04-16,North,Services,184.20
ORD-001658,2026-04-16,North,Services,653.66
ORD-001659,2026-04-16,North,Hardware,219.81
ORD-001660,2026-04-16,North,Hardware,333.02
ORD-001661,2026-04-16,North,Hardware,286.87
ORD-001662,2026-04-16,North,Accessories,13.96
ORD-001663,2026-04-16,North,Hardware,170.64
ORD-001664,2026-04-16,North,Accessories,69.77
ORD-001665,2026-04-16,North,Accessories,23.70
ORD-001666,2026-04-16,North,Services,205.66
ORD-001667,2026-04-16,North,Hardware,725.26
ORD-001668,2026-04-16,North,Software,231.57
ORD-001669,2026-04-16,North,Accessories,40.74
ORD-001670,2026-04-16,North,Software,171.42
ORD-001671,2026-04-16,North,Hardware,305.83
ORD-001672,2026-04-16,North,Software,134.73
ORD-001673,2026-04-16,North,Accessories,51.05
ORD-001674,2026-04-16,North,Hardware,417.54
ORD-001675,2026-04-16,North,Accessories,13.12
ORD-001676,2026-04-16,North,Hardware,472.75
ORD-001677,2026-04-16,North,Software,565.46
ORD-001678,2026-04-16,North,Software,122.67
ORD-001679,2026-04-16,North,Services,647.92
ORD-001680,2026-04-16,North,Accessories,53.95
ORD-001681,2026-04-16,North,Hardware,667.40
ORD-001682,2026-04-16,North,Hardware,428.23
ORD-001683,2026-04-16,North,Software,83.64
ORD-001684,2026-04-16,North,Accessories,25.25
ORD-001685,2026-04-16,Central,Hardware,204.74
ORD-001686,2026-04-16,Central,Services,590.77
ORD-001687,2026-04-16,Central,Software,120.85
ORD-001688,2026-04-16,Central,Software,66.00
ORD-001689,2026-04-16,Central,Services,360.06
ORD-001690,2026-04-16,Central,Accessories,24.58
ORD-001691,2026-04-16,Central,Accessories,28.87
ORD-001692,2026-04-16,Central,Software,176.64
ORD-001693,2026-04-16,Central,Accessories,18.88
ORD-001694,2026-04-16,Central,Accessories,78.03
ORD-001695,2026-04-16,Central,Software,301.85
ORD-001696,2026-04-16,Central,Software,156.91
ORD-001697,2026-04-16,Central,Software,119.37
ORD-001698,2026-04-16,Central,Software,304.75
ORD-001699,2026-04-16,Central,Accessories,17.45
ORD-001700,2026-04-16,Central,Software,73.04
ORD-001701,2026-04-16,Central,Hardware,313.04
ORD-001702,2026-04-16,Central,Accessories,31.45
ORD-001703,2026-04-16,Central,Accessories,24.85
ORD-001704,2026-04-16,Central,Services,129.37
ORD-001705,2026-04-16,Central,Software,89.96
ORD-001706,2026-04-16,Central,Hardware,361.04
ORD-001707,2026-04-16,Central,Accessories,30.88
ORD-001708,2026-04-16,Central,Software,175.39
ORD-001709,2026-04-16,Central,Services,677.93
ORD-001710,2026-04-16,Central,Hardware,307.31
ORD-001711,2026-04-16,Central,Software,93.20
ORD-001712,2026-04-16,Central,Hardware,234.62
ORD-001713,2026-04-16,Central,Software,251.18
ORD-001714,2026-04-16,Central,Services,835.61
ORD-001715,2026-04-16,Central,Software,146.92
ORD-001716,2026-04-16,Central,Hardware,252.11
ORD-001717,2026-04-16,Central,Accessories,57.44
ORD-001718,2026-04-16,Central,Accessories,31.01
ORD-001719,2026-04-16,Central,Hardware,167.41
ORD-001720,2026-04-16,Central,Software,158.35
ORD-001721,2026-04-16,Central,Services,825.77
ORD-001722,2026-04-16,Central,Software,107.47
ORD-001723,2026-04-16,Central,Accessories,36.50
ORD-001724,2026-04-16,South,Hardware,843.03
ORD-001725,2026-04-16,South,Hardware,459.87
ORD-001726,2026-04-16,South,Software,35.85
ORD-001727,2026-04-16,South,Accessories,47.41
ORD-001728,2026-04-16,South,Hardware,368.56
ORD-001729,2026-04-16,South,Accessories,39.56
ORD-001730,2026-04-16,South,Services,193.35
ORD-001731,2026-04-16,South,Accessories,31.01
ORD-001732,2026-04-16,South,Hardware,191.08
ORD-001733,2026-04-16,South,Services,404.95
ORD-001734,2026-04-16,South,Accessories,21.51
ORD-001735,2026-04-16,South,Services,699.75
ORD-001736,2026-04-16,South,Hardware,395.38
ORD-001737,2026-04-16,South,Software,323.68
ORD-001738,2026-04-16,South,Services,653.62
ORD-001739,2026-04-16,South,Accessories,14.25
ORD-001740,2026-04-16,South,Services,228.69
ORD-001741,2026-04-16,South,Hardware,1063.47
ORD-001742,2026-04-16,South,Accessories,46.55
ORD-001743,2026-04-16,South,Software,65.71
ORD-001744,2026-04-16,South,Hardware,486.60
ORD-001745,2026-04-16,South,Software,242.34
ORD-001746,2026-04-16,South,Accessories,46.55
ORD-001747,2026-04-16,South,Services,625.49
ORD-001748,2026-04-16,South,,895.57
ORD-001749,2026-04-16,South,Services,659.33
ORD-001750,2026-04-16,South,Software,115.85
ORD-001751,2026-04-16,South,Services,343.39
ORD-001752,2026-04-16,South,Software,242.91
ORD-001753,2026-04-16,South,Hardware,325.68
ORD-001754,2026-04-16,South,Software,148.62
ORD-001755,2026-04-16,South,,41.66
ORD-001756,2026-04-17,North,Software,90.53
ORD-001757,2026-04-17,North,Software,145.72
ORD-001758,2026-04-17,North,Hardware,172.16
ORD-001759,2026-04-17,North,Software,74.25
ORD-001760,2026-04-17,North,Software,134.97
ORD-001761,2026-04-17,North,Accessories,47.73
ORD-001762,2026-04-17,North,Services,480.67
ORD-001763,2026-04-17,North,Accessories,46.24
ORD-001764,2026-04-17,North,Services,1399.15
ORD-001765,2026-04-17,North,Software,166.48
ORD-001766,2026-04-17,North,Software,145.72
ORD-001767,2026-04-17,North,Accessories,91.77
ORD-001768,2026-04-17,North,Software,103.11
ORD-001769,2026-04-17,North,Services,275.34
ORD-001770,2026-04-17,North,Services,704.63
ORD-001771,2026-04-17,North,Accessories,25.36
ORD-001772,2026-04-17,North,Software,496.51
ORD-001773,2026-04-17,North,Software,222.38
ORD-001774,2026-04-17,North,Software,146.85
ORD-001775,2026-04-17,North,Hardware,513.66
ORD-001776,2026-04-17,North,,22.38
ORD-001777,2026-04-17,North,Accessories,38.06
ORD-001778,2026-04-17,North,Software,138.61
ORD-001779,2026-04-17,North,Services,583.25
ORD-001780,2026-04-17,North,Services,352.39
ORD-001781,2026-04-17,North,Software,189.19
ORD-001782,2026-04-17,North,Software,132.34
ORD-001783,2026-04-17,North,Services,141.52
ORD-001784,2026-04-17,North,Software,138.12
ORD-001785,2026-04-17,North,Software,163.48
ORD-001786,2026-04-17,North,Services,230.55
ORD-001787,2026-04-17,North,Services,358.62
ORD-001788,2026-04-17,North,Hardware,241.61
ORD-001789,2026-04-17,North,Accessories,34.09
ORD-001790,2026-04-17,North,Software,199.82
ORD-001791,2026-04-17,North,Services,564.17
ORD-001792,2026-04-17,North,Hardware,249.06
ORD-001793,2026-04-17,North,Software,216.06
ORD-001794,2026-04-17,North,Software,187.18
ORD-001795,2026-04-17,North,Accessories,39.37
ORD-001796,2026-04-17,North,Hardware,184.14
ORD-001797,2026-04-17,North,,70.45
ORD-001798,2026-04-17,North,Software,142.85
ORD-001799,2026-04-17,North,Software,272.19
ORD-001800,2026-04-17,North,Hardware,1019.82
ORD-001801,2026-04-17,North,Software,238.27
ORD-001802,2026-04-17,Central,Hardware,277.34
ORD-001803,2026-04-17,Central,Accessories,35.80
ORD-001804,2026-04-17,Central,Software,162.32
ORD-001805,2026-04-17,Central,Services,878.86
ORD-001806,2026-04-17,Central,Accessories,17.79
ORD-001807,2026-04-17,Central,Software,187.03
ORD-001808,2026-04-17,Central,Software,167.46
ORD-001809,2026-04-17,Central,Accessories,50.20
ORD-001810,2026-04-17,Central,Software,51.01
ORD-001811,2026-04-17,Central,Services,1514.03
ORD-001812,2026-04-17,Central,Hardware,176.97
ORD-001813,2026-04-17,Central,Hardware,379.14
ORD-001814,2026-04-17,Central,Hardware,594.82
ORD-001815,2026-04-17,Central,,151.37
ORD-001816,2026-04-17,Central,Services,897.55
ORD-001817,2026-04-17,Central,Hardware,590.96
ORD-001818,2026-04-17,Central,Accessories,19.27
ORD-001819,2026-04-17,Central,Services,749.04
ORD-001820,2026-04-17,Central,Services,430.44
ORD-001821,2026-04-17,Central,,105.95
ORD-001822,2026-04-17,Central,Services,307.42
ORD-001823,2026-04-17,Central,Services,476.51
ORD-001824,2026-04-17,Central,Hardware,264.83
ORD-001825,2026-04-17,Central,Hardware,628.02
ORD-001826,2026-04-17,Central,Hardware,397.68
ORD-001827,2026-04-17,Central,Accessories,28.51
ORD-001828,2026-04-17,Central,Services,226.51
ORD-001829,2026-04-17,Central,Hardware,497.96
ORD-001830,2026-04-17,Central,Accessories,48.81
ORD-001831,2026-04-17,Central,Hardware,1183.33
ORD-001832,2026-04-17,Central,Software,67.13
ORD-001833,2026-04-17,Central,Accessories,14.30
ORD-001834,2026-04-17,Central,Services,380.77
ORD-001835,2026-04-17,Central,Hardware,718.26
ORD-001836,2026-04-17,Central,Services,598.49
ORD-001837,2026-04-17,Central,Hardware,193.10
ORD-001838,2026-04-17,Central,,310.62
ORD-001839,2026-04-17,Central,Accessories,39.14
ORD-001840,2026-04-17,Central,Accessories,44.70
ORD-001841,2026-04-17,Central,Accessories,30.99
ORD-001842,2026-04-17,Central,Software,285.64
ORD-001843,2026-04-17,Central,Accessories,34.29
ORD-001844,2026-04-17,Central,Hardware,161.34
ORD-001845,2026-04-17,Central,Hardware,647.55
ORD-001846,2026-04-17,Central,Accessories,103.93
ORD-001847,2026-04-17,Central,Hardware,266.66
ORD-001848,2026-04-17,Central,Hardware,780.62
ORD-001849,2026-04-17,Central,Accessories,82.29
ORD-001850,2026-04-17,Central,Services,323.14
ORD-001851,2026-04-17,Central,Accessories,15.08
ORD-001852,2026-04-17,Central,Software,114.88
ORD-001853,2026-04-17,Central,Services,434.96
ORD-001854,2026-04-17,Central,Accessories,27.16
ORD-001855,2026-04-17,Central,Hardware,341.79
ORD-001856,2026-04-17,Central,Accessories,29.95
ORD-001857,2026-04-17,Central,,301.02
ORD-001858,2026-04-17,South,Software,149.60
ORD-001859,2026-04-17,South,Services,511.94
ORD-001860,2026-04-17,South,Software,432.42
ORD-001861,2026-04-17,South,Accessories,25.40
ORD-001862,2026-04-17,South,Software,105.98
ORD-001863,2026-04-17,South,Accessories,62.46
ORD-001864,2026-04-17,South,Hardware,329.57
ORD-001865,2026-04-17,South,Software,207.09
ORD-001866,2026-04-17,South,Accessories,29.74
ORD-001867,2026-04-17,South,Services,373.43
ORD-001868,2026-04-17,South,Accessories,37.94
ORD-001869,2026-04-17,South,Services,676.65
ORD-001870,2026-04-17,South,Services,158.57
ORD-001871,2026-04-17,South,Services,1147.90
ORD-001872,2026-04-17,South,Software,121.94
ORD-001873,2026-04-17,South,Accessories,44.13
ORD-001874,2026-04-17,South,Software,224.95
ORD-001875,2026-04-17,South,Software,474.87
ORD-001876,2026-04-17,South,Software,182.89
ORD-001877,2026-04-17,South,Accessories,27.84
ORD-001878,2026-04-17,South,Software,116.18
ORD-001879,2026-04-17,South,Services,829.34
ORD-001880,2026-04-17,South,Hardware,342.39
ORD-001881,2026-04-17,South,Accessories,86.64
ORD-001882,2026-04-17,South,Hardware,244.65
ORD-001883,2026-04-17,South,Hardware,578.28
ORD-001884,2026-04-17,South,Hardware,333.81
ORD-001885,2026-04-17,South,Software,382.58
ORD-001886,2026-04-18,North,Services,307.76
ORD-001887,2026-04-18,North,Software,113.87
ORD-001888,2026-04-18,North,Services,581.16
ORD-001889,2026-04-18,North,Accessories,63.99
ORD-001890,2026-04-18,North,Software,46.19
ORD-001891,2026-04-18,North,Services,560.01
ORD-001892,2026-04-18,North,Hardware,224.31
ORD-001893,2026-04-18,North,Software,202.65
ORD-001894,2026-04-18,North,Services,891.01
ORD-001895,2026-04-18,North,Services,131.96
ORD-001896,2026-04-18,North,Hardware,486.76
ORD-001897,2026-04-18,North,Hardware,157.12
ORD-001898,2026-04-18,North,Services,120.71
ORD-001899,2026-04-18,North,Accessories,28.56
ORD-001900,2026-04-18,North,,218.53
ORD-001901,2026-04-18,North,Software,166.21
ORD-001902,2026-04-18,North,Software,115.79
ORD-001903,2026-04-18,North,Accessories,26.02
ORD-001904,2026-04-18,North,Hardware,319.28
ORD-001905,2026-04-18,North,Hardware,96.75
ORD-001906,2026-04-18,North,Software,182.08
ORD-001907,2026-04-18,North,Hardware,271.52
ORD-001908,2026-04-18,North,Hardware,211.14
ORD-001909,2026-04-18,North,Services,875.89
ORD-001910,2026-04-18,North,Hardware,320.45
ORD-001911,2026-04-18,North,Hardware,220.26
ORD-001912,2026-04-18,North,Accessories,56.69
ORD-001913,2026-04-18,North,Accessories,29.03
ORD-001914,2026-04-18,North,Accessories,45.57
ORD-001915,2026-04-18,North,Accessories,52.25
ORD-001916,2026-04-18,North,Hardware,192.10
ORD-001917,2026-04-18,North,Services,536.95
ORD-001918,2026-04-18,North,Software,172.08
ORD-001919,2026-04-18,North,Services,185.99
ORD-001920,2026-04-18,North,Hardware,839.80
ORD-001921,2026-04-18,North,Hardware,973.52
ORD-001922,2026-04-18,North,Accessories,15.07
ORD-001923,2026-04-18,North,Services,270.03
ORD-001924,2026-04-18,North,Services,842.53
ORD-001925,2026-04-18,North,Services,154.63
ORD-001926,2026-04-18,North,Hardware,469.40
ORD-001927,2026-04-18,Central,Accessories,19.33
ORD-001928,2026-04-18,Central,Accessories,51.51
ORD-001929,2026-04-18,Central,Hardware,192.79
ORD-001930,2026-04-18,Central,Hardware,226.56
ORD-001931,2026-04-18,Central,Software,63.43
ORD-001932,2026-04-18,Central,Software,208.29
ORD-001933,2026-04-18,Central,Services,333.86
ORD-001934,2026-04-18,Central,Software,104.43
ORD-001935,2026-04-18,Central,Hardware,143.07
ORD-001936,2026-04-18,Central,Accessories,18.95
ORD-001937,2026-04-18,Central,Hardware,383.12
ORD-001938,2026-04-18,Central,Accessories,31.08
ORD-001939,2026-04-18,Central,Accessories,43.47
ORD-001940,2026-04-18,Central,Hardware,572.43
ORD-001941,2026-04-18,Central,Hardware,546.33
ORD-001942,2026-04-18,Central,Accessories,54.11
ORD-001943,2026-04-18,Central,Hardware,107.17
ORD-001944,2026-04-18,Central,Software,328.93
ORD-001945,2026-04-18,Central,Software,237.24
ORD-001946,2026-04-18,Central,Accessories,28.52
ORD-001947,2026-04-18,Central,Services,295.84
ORD-001948,2026-04-18,Central,Hardware,334.21
ORD-001949,2026-04-18,Central,Hardware,717.23
ORD-001950,2026-04-18,Central,Software,148.22
ORD-001951,2026-04-18,Central,Accessories,34.20
ORD-001952,2026-04-18,Central,Software,327.81
ORD-001953,2026-04-18,Central,Software,207.18
ORD-001954,2026-04-18,Central,Services,282.36
ORD-001955,2026-04-18,Central,Software,200.64
ORD-001956,2026-04-18,Central,Software,128.49
ORD-001957,2026-04-18,Central,Software,126.97
ORD-001958,2026-04-18,Central,Software,233.79
ORD-001959,2026-04-18,Central,Accessories,104.85
ORD-001960,2026-04-18,South,Hardware,273.31
ORD-001961,2026-04-18,South,Accessories,33.62
ORD-001962,2026-04-18,South,Software,94.47
ORD-001963,2026-04-18,South,Software,139.52
ORD-001964,2026-04-18,South,Software,95.07
ORD-001965,2026-04-18,South,Software,56.53
ORD-001966,2026-04-18,South,Software,93.82
ORD-001967,2026-04-18,South,Hardware,808.35
ORD-001968,2026-04-18,South,Software,123.14
ORD-001969,2026-04-18,South,Hardware,707.72
ORD-001970,2026-04-18,South,Hardware,1090.59
ORD-001971,2026-04-18,South,Accessories,32.99
ORD-001972,2026-04-18,South,Accessories,81.07
ORD-001973,2026-04-18,South,Software,52.51
ORD-001974,2026-04-18,South,Software,87.52
ORD-001975,2026-04-18,South,Software,162.79
ORD-001976,2026-04-18,South,Accessories,19.36
ORD-001977,2026-04-19,North,Software,110.55
ORD-001978,2026-04-19,North,Accessories,85.83
ORD-001979,2026-04-19,North,,172.93
ORD-001980,2026-04-19,North,Software,22.64
ORD-001981,2026-04-19,North,Accessories,19.66
ORD-001982,2026-04-19,North,Services,485.02
ORD-001983,2026-04-19,North,Software,99.28
ORD-001984,2026-04-19,North,Accessories,58.54
ORD-001985,2026-04-19,North,Accessories,126.00
ORD-001986,2026-04-19,North,Hardware,930.50
ORD-001987,2026-04-19,North,Accessories,82.80
ORD-001988,2026-04-19,North,Software,527.10
ORD-001989,2026-04-19,North,Hardware,185.64
ORD-001990,2026-04-19,North,Hardware,650.55
ORD-001991,2026-04-19,North,Accessories,78.32
ORD-001992,2026-04-19,North,Hardware,699.68
ORD-001993,2026-04-19,North,Hardware,847.45
ORD-001994,2026-04-19,North,Software,114.17
ORD-001995,2026-04-19,North,Hardware,631.01
ORD-001996,2026-04-19,North,Hardware,486.01
ORD-001997,2026-04-19,North,Software,133.23
ORD-001998,2026-04-19,North,Software,456.43
ORD-001999,2026-04-19,North,Software,312.57
ORD-002000,2026-04-19,North,Accessories,65.52
ORD-002001,2026-04-19,North,Software,84.07
ORD-002002,2026-04-19,North,Hardware,195.43
ORD-002003,2026-04-19,North,Software,170.02
ORD-002004,2026-04-19,North,Software,296.33
ORD-002005,2026-04-19,North,Software,56.04
ORD-002006,2026-04-19,North,Software,417.18
ORD-002007,2026-04-19,North,Accessories,23.24
ORD-002008,2026-04-19,North,Software,73.27
ORD-002009,2026-04-19,North,Hardware,235.30
ORD-002010,2026-04-19,North,Accessories,20.50
ORD-002011,2026-04-19,North,Hardware,618.40
ORD-002012,2026-04-19,North,Hardware,487.55
ORD-002013,2026-04-19,Central,Accessories,19.26
ORD-002014,2026-04-19,Central,Hardware,348.80
ORD-002015,2026-04-19,Central,Software,170.95
ORD-002016,2026-04-19,Central,Software,48.90
ORD-002017,2026-04-19,Central,Services,726.35
ORD-002018,2026-04-19,Central,Hardware,881.51
ORD-002019,2026-04-19,Central,Software,73.42
ORD-002020,2026-04-19,Central,Services,903.95
ORD-002021,2026-04-19,Central,Services,793.43
ORD-002022,2026-04-19,Central,Hardware,1407.71
ORD-002023,2026-04-19,Central,Hardware,420.85
ORD-002024,2026-04-19,Central,Accessories,52.06
ORD-002025,2026-04-19,Central,Services,738.06
ORD-002026,2026-04-19,Central,Services,594.32
ORD-002027,2026-04-19,Central,Software,135.06
ORD-002028,2026-04-19,Central,Accessories,33.22
ORD-002029,2026-04-19,Central,Hardware,340.96
ORD-002030,2026-04-19,Central,Services,673.53
ORD-002031,2026-04-19,Central,Accessories,60.45
ORD-002032,2026-04-19,Central,Accessories,21.59
ORD-002033,2026-04-19,Central,Accessories,56.33
ORD-002034,2026-04-19,Central,Software,138.25
ORD-002035,2026-04-19,Central,Services,677.86
ORD-002036,2026-04-19,Central,Accessories,58.48
ORD-002037,2026-04-19,Central,Accessories,53.05
ORD-002038,2026-04-19,Central,Hardware,349.73
ORD-002039,2026-04-19,Central,Accessories,94.06
ORD-002040,2026-04-19,South,Hardware,190.88
ORD-002041,2026-04-19,South,Services,308.18
ORD-002042,2026-04-19,South,Services,541.10
ORD-002043,2026-04-19,South,Services,584.92
ORD-002044,2026-04-19,South,Services,361.86
ORD-002045,2026-04-19,South,Hardware,261.44
ORD-002046,2026-04-19,South,Hardware,375.22
ORD-002047,2026-04-19,South,Services,763.04
ORD-002048,2026-04-19,South,Hardware,114.96
ORD-002049,2026-04-19,South,Accessories,58.72
ORD-002050,2026-04-19,South,Services,789.60
ORD-002051,2026-04-19,South,Hardware,323.02
ORD-002052,2026-04-19,South,Services,452.51
ORD-002053,2026-04-19,South,Hardware,542.79
ORD-002054,2026-04-19,South,Services,256.72
ORD-002055,2026-04-19,South,Accessories,80.57
ORD-002056,2026-04-19,South,Hardware,178.04
ORD-002057,2026-04-19,South,Hardware,111.02
ORD-002058,2026-04-19,South,Hardware,766.36
ORD-002059,2026-04-19,South,Accessories,62.02
ORD-002060,2026-04-19,South,Hardware,424.93
ORD-002061,2026-04-20,North,Services,381.74
ORD-002062,2026-04-20,North,Services,547.10
ORD-002063,2026-04-20,North,Hardware,299.89
ORD-002064,2026-04-20,North,Services,700.85
ORD-002065,2026-04-20,North,Software,117.48
ORD-002066,2026-04-20,North,Hardware,437.33
ORD-002067,2026-04-20,North,Accessories,9.28
ORD-002068,2026-04-20,North,Services,1511.02
ORD-002069,2026-04-20,North,Accessories,18.53
ORD-002070,2026-04-20,North,,419.55
ORD-002071,2026-04-20,North,Hardware,147.79
ORD-002072,2026-04-20,North,Software,94.35
ORD-002073,2026-04-20,North,Hardware,229.37
ORD-002074,2026-04-20,North,Services,816.54
ORD-002075,2026-04-20,North,Services,506.82
ORD-002076,2026-04-20,North,Software,41.82
ORD-002077,2026-04-20,North,Accessories,24.77
ORD-002078,2026-04-20,North,Software,229.22
ORD-002079,2026-04-20,North,Services,1091.13
ORD-002080,2026-04-20,North,Services,683.37
ORD-002081,2026-04-20,North,Accessories,23.82
ORD-002082,2026-04-20,North,Hardware,779.18
ORD-002083,2026-04-20,North,Accessories,68.55
ORD-002084,2026-04-20,North,Accessories,23.89
ORD-002085,2026-04-20,North,Hardware,219.81
ORD-002086,2026-04-20,North,Accessories,27.59
ORD-002087,2026-04-20,North,Software,126.48
ORD-002088,2026-04-20,North,Hardware,295.82
ORD-002089,2026-04-20,North,Software,118.44
ORD-002090,2026-04-20,North,Services,1118.03
ORD-002091,2026-04-20,North,Hardware,681.88
ORD-002092,2026-04-20,North,Hardware,829.45
ORD-002093,2026-04-20,North,Accessories,71.48
ORD-002094,2026-04-20,North,Accessories,42.47
ORD-002095,2026-04-20,North,Accessories,89.41
ORD-002096,2026-04-20,North,Services,427.39
ORD-002097,2026-04-20,North,Software,87.24
ORD-002098,2026-04-20,North,Services,59.58
ORD-002099,2026-04-20,North,Software,119.91
ORD-002100,2026-04-20,North,Hardware,197.50
ORD-002101,2026-04-20,North,,349.03
ORD-002102,2026-04-20,North,Software,177.26
ORD-002103,2026-04-20,North,Services,594.75
ORD-002104,2026-04-20,North,Software,175.20
ORD-002105,2026-04-20,North,Software,194.28
ORD-002106,2026-04-20,Central,Software,239.52
ORD-002107,2026-04-20,Central,Accessories,60.71
ORD-002108,2026-04-20,Central,Services,398.21
ORD-002109,2026-04-20,Central,Software,118.13
ORD-002110,2026-04-20,Central,Hardware,943.06
ORD-002111,2026-04-20,Central,Software,266.60
ORD-002112,2026-04-20,Central,Accessories,18.78
ORD-002113,2026-04-20,Central,Accessories,36.32
ORD-002114,2026-04-20,Central,Hardware,496.28
ORD-002115,2026-04-20,Central,Services,864.00
ORD-002116,2026-04-20,Central,Hardware,451.46
ORD-002117,2026-04-20,Central,Services,1407.94
ORD-002118,2026-04-20,Central,Software,151.20
ORD-002119,2026-04-20,Central,Software,72.01
ORD-002120,2026-04-20,Central,Hardware,290.05
ORD-002121,2026-04-20,Central,,50.83
ORD-002122,2026-04-20,Central,Software,79.53
ORD-002123,2026-04-20,Central,Software,114.92
ORD-002124,2026-04-20,Central,Accessories,15.94
ORD-002125,2026-04-20,Central,Software,29.69
ORD-002126,2026-04-20,Central,Services,323.51
ORD-002127,2026-04-20,Central,Software,184.87
ORD-002128,2026-04-20,Central,Hardware,450.39
ORD-002129,2026-04-20,Central,Software,294.94
ORD-002130,2026-04-20,Central,Services,1516.63
ORD-002131,2026-04-20,Central,Services,577.86
ORD-002132,2026-04-20,Central,Software,258.56
ORD-002133,2026-04-20,Central,Services,246.43
ORD-002134,2026-04-20,Central,Services,1956.20
ORD-002135,2026-04-20,Central,Software,308.02
ORD-002136,2026-04-20,Central,Software,213.89
ORD-002137,2026-04-20,Central,Accessories,19.29
ORD-002138,2026-04-20,Central,Software,279.62
ORD-002139,2026-04-20,Central,Software,43.59
ORD-002140,2026-04-20,South,Software,101.07
ORD-002141,2026-04-20,South,Accessories,25.15
ORD-002142,2026-04-20,South,Hardware,669.02
ORD-002143,2026-04-20,South,Services,717.64
ORD-002144,2026-04-20,South,Accessories,25.48
ORD-002145,2026-04-20,South,Hardware,316.69
ORD-002146,2026-04-20,South,Software,121.37
ORD-002147,2026-04-20,South,Services,398.37
ORD-002148,2026-04-20,South,Accessories,56.21
ORD-002149,2026-04-20,South,Hardware,130.00
ORD-002150,2026-04-20,South,Hardware,623.77
ORD-002151,2026-04-20,South,Software,156.48
ORD-002152,2026-04-20,South,Hardware,356.04
ORD-002153,2026-04-20,South,Accessories,53.99
ORD-002154,2026-04-20,South,Accessories,37.37
ORD-002155,2026-04-20,South,Software,68.28
ORD-002156,2026-04-20,South,Accessories,43.48
ORD-002157,2026-04-20,South,Hardware,235.32
ORD-002158,2026-04-20,South,Accessories,28.23
ORD-002159,2026-04-20,South,Accessories,25.02
ORD-002160,2026-04-20,South,Hardware,348.11
ORD-002161,2026-04-20,South,Software,98.68
ORD-002162,2026-04-20,South,Services,1489.86
ORD-002163,2026-04-20,South,Accessories,33.44
ORD-002164,2026-04-20,South,Accessories,30.58
ORD-002165,2026-04-20,South,Services,476.51
ORD-002166,2026-04-20,South,Hardware,118.19
ORD-002167,2026-04-21,North,Hardware,212.36
ORD-002168,2026-04-21,North,Software,135.62
ORD-002169,2026-04-21,North,Software,86.19
ORD-002170,2026-04-21,North,Hardware,165.69
ORD-002171,2026-04-21,North,Accessories,47.76
ORD-002172,2026-04-21,North,Accessories,41.93
ORD-002173,2026-04-21,North,Software,93.37
ORD-002174,2026-04-21,North,Services,374.46
ORD-002175,2026-04-21,North,Hardware,329.87
ORD-002176,2026-04-21,North,Services,713.59
ORD-002177,2026-04-21,North,Accessories,18.98
ORD-002178,2026-04-21,North,Software,56.66
ORD-002179,2026-04-21,North,Services,398.28
ORD-002180,2026-04-21,North,Hardware,354.46
ORD-002181,2026-04-21,North,Services,343.74
ORD-002182,2026-04-21,North,Services,851.51
ORD-002183,2026-04-21,North,Accessories,18.22
ORD-002184,2026-04-21,North,Hardware,228.31
ORD-002185,2026-04-21,North,Software,184.74
ORD-002186,2026-04-21,North,Software,130.77
ORD-002187,2026-04-21,North,Hardware,647.53
ORD-002188,2026-04-21,North,Accessories,61.13
ORD-002189,2026-04-21,North,Hardware,401.80
ORD-002190,2026-04-21,North,Accessories,28.30
ORD-002191,2026-04-21,North,Hardware,130.32
ORD-002192,2026-04-21,North,Software,405.42
ORD-002193,2026-04-21,North,Accessories,52.00
ORD-002194,2026-04-21,North,Software,125.49
ORD-002195,2026-04-21,North,Hardware,354.55
ORD-002196,2026-04-21,North,Accessories,16.26
ORD-002197,2026-04-21,North,Accessories,36.73
ORD-002198,2026-04-21,North,Accessories,32.02
ORD-002199,2026-04-21,North,Hardware,830.20
ORD-002200,2026-04-21,North,Software,263.27
ORD-002201,2026-04-21,North,Accessories,21.69
ORD-002202,2026-04-21,North,Software,201.41
ORD-002203,2026-04-21,North,Software,41.84
ORD-002204,2026-04-21,North,Services,1620.95
ORD-002205,2026-04-21,North,Software,75.59
ORD-002206,2026-04-21,North,Software,116.95
ORD-002207,2026-04-21,North,Hardware,594.61
ORD-002208,2026-04-21,North,Accessories,70.07
ORD-002209,2026-04-21,North,Software,183.51
ORD-002210,2026-04-21,North,Software,94.38
ORD-002211,2026-04-21,North,Hardware,520.39
ORD-002212,2026-04-21,North,Hardware,346.65
ORD-002213,2026-04-21,North,Services,985.75
ORD-002214,2026-04-21,North,Services,368.72
ORD-002215,2026-04-21,Central,Services,466.86
ORD-002216,2026-04-21,Central,Hardware,82.50
ORD-002217,2026-04-21,Central,Software,309.36
ORD-002218,2026-04-21,Central,Accessories,39.89
ORD-002219,2026-04-21,Central,Software,127.24
ORD-002220,2026-04-21,Central,Services,884.13
ORD-002221,2026-04-21,Central,Hardware,231.95
ORD-002222,2026-04-21,Central,Software,135.59
ORD-002223,2026-04-21,Central,Hardware,88.21
ORD-002224,2026-04-21,Central,Software,120.65
ORD-002225,2026-04-21,Central,Hardware,317.88
ORD-002226,2026-04-21,Central,Accessories,15.87
ORD-002227,2026-04-21,Central,Accessories,29.90
ORD-002228,2026-04-21,Central,Accessories,24.88
ORD-002229,2026-04-21,Central,Hardware,187.36
ORD-002230,2026-04-21,Central,Software,206.62
ORD-002231,2026-04-21,Central,Services,209.75
ORD-002232,2026-04-21,Central,Services,682.66
ORD-002233,2026-04-21,Central,Services,760.00
ORD-002234,2026-04-21,Central,,25.79
ORD-002235,2026-04-21,Central,Software,173.67
ORD-002236,2026-04-21,Central,Hardware,171.74
ORD-002237,2026-04-21,Central,Hardware,288.75
ORD-002238,2026-04-21,Central,Software,110.46
ORD-002239,2026-04-21,Central,Hardware,334.13
ORD-002240,2026-04-21,Central,Accessories,41.47
ORD-002241,2026-04-21,Central,Accessories,26.26
ORD-002242,2026-04-21,Central,Software,165.52
ORD-002243,2026-04-21,Central,Hardware,878.00
ORD-002244,2026-04-21,Central,Hardware,950.14
ORD-002245,2026-04-21,Central,Software,122.01
ORD-002246,2026-04-21,Central,Accessories,48.39
ORD-002247,2026-04-21,Central,Software,189.25
ORD-002248,2026-04-21,Central,Accessories,48.07
ORD-002249,2026-04-21,Central,Services,350.99
ORD-002250,2026-04-21,Central,Accessories,48.40
ORD-002251,2026-04-21,Central,Hardware,276.09
ORD-002252,2026-04-21,Central,Accessories,38.56
ORD-002253,2026-04-21,Central,Hardware,510.91
ORD-002254,2026-04-21,Central,,282.32
ORD-002255,2026-04-21,Central,Hardware,254.52
ORD-002256,2026-04-21,Central,Accessories,41.75
ORD-002257,2026-04-21,Central,Software,68.84
ORD-002258,2026-04-21,Central,Hardware,216.22
ORD-002259,2026-04-21,Central,Accessories,45.28
ORD-002260,2026-04-21,Central,Accessories,33.24
ORD-002261,2026-04-21,Central,Software,144.60
ORD-002262,2026-04-21,Central,Software,296.53
ORD-002263,2026-04-21,Central,Services,878.27
ORD-002264,2026-04-21,Central,Hardware,282.74
ORD-002265,2026-04-21,Central,Services,1530.24
ORD-002266,2026-04-21,Central,Services,872.23
ORD-002267,2026-04-21,South,Hardware,486.93
ORD-002268,2026-04-21,South,Services,544.60
ORD-002269,2026-04-21,South,Hardware,362.95
ORD-002270,2026-04-21,South,Hardware,543.47
ORD-002271,2026-04-21,South,Software,129.33
ORD-002272,2026-04-21,South,Hardware,1346.43
ORD-002273,2026-04-21,South,Services,443.85
ORD-002274,2026-04-21,South,Hardware,141.08
ORD-002275,2026-04-21,South,Software,88.00
ORD-002276,2026-04-21,South,Accessories,27.82
ORD-002277,2026-04-21,South,Software,99.39
ORD-002278,2026-04-21,South,Hardware,732.41
ORD-002279,2026-04-21,South,Hardware,231.74
ORD-002280,2026-04-21,South,Services,541.20
ORD-002281,2026-04-21,South,Services,177.42
ORD-002282,2026-04-21,South,Accessories,47.76
ORD-002283,2026-04-21,South,Services,533.04
ORD-002284,2026-04-21,South,Software,171.39
ORD-002285,2026-04-21,South,Accessories,39.55
ORD-002286,2026-04-21,South,Services,535.32
ORD-002287,2026-04-21,South,Accessories,29.62
ORD-002288,2026-04-21,South,Hardware,540.68
ORD-002289,2026-04-21,South,Hardware,1153.22
ORD-002290,2026-04-21,South,Accessories,20.80
ORD-002291,2026-04-21,South,Accessories,26.83
ORD-002292,2026-04-21,South,Software,72.02
ORD-002293,2026-04-21,South,Accessories,19.13
ORD-002294,2026-04-21,South,Software,86.15
ORD-002295,2026-04-21,South,Hardware,549.35
ORD-002296,2026-04-21,South,Accessories,23.45
ORD-002297,2026-04-21,South,Services,637.05
ORD-002298,2026-04-21,South,Accessories,45.03
ORD-002299,2026-04-21,South,Accessories,43.59
ORD-002300,2026-04-22,North,Services,583.60
ORD-002301,2026-04-22,North,Accessories,60.48
ORD-002302,2026-04-22,North,Software,249.88
ORD-002303,2026-04-22,North,Hardware,222.17
ORD-002304,2026-04-22,North,Services,475.02
ORD-002305,2026-04-22,North,Software,89.40
ORD-002306,2026-04-22,North,Services,219.06
ORD-002307,2026-04-22,North,Accessories,76.34
ORD-002308,2026-04-22,North,Hardware,779.79
ORD-002309,2026-04-22,North,Hardware,1098.49
ORD-002310,2026-04-22,North,Software,218.61
ORD-002311,2026-04-22,North,Services,1165.44
ORD-002312,2026-04-22,North,Services,1199.24
ORD-002313,2026-04-22,North,Hardware,421.62
ORD-002314,2026-04-22,North,Software,124.49
ORD-002315,2026-04-22,North,Hardware,171.70
ORD-002316,2026-04-22,North,Services,429.72
ORD-002317,2026-04-22,North,Accessories,29.71
ORD-002318,2026-04-22,North,Software,182.14
ORD-002319,2026-04-22,North,Software,393.80
ORD-002320,2026-04-22,North,Accessories,46.92
ORD-002321,2026-04-22,North,Hardware,222.76
ORD-002322,2026-04-22,North,Hardware,744.06
ORD-002323,2026-04-22,North,Accessories,27.27
ORD-002324,2026-04-22,North,Accessories,45.96
ORD-002325,2026-04-22,North,Accessories,66.48
ORD-002326,2026-04-22,North,Hardware,235.08
ORD-002327,2026-04-22,North,Accessories,31.63
ORD-002328,2026-04-22,North,Services,861.54
ORD-002329,2026-04-22,North,Services,1858.19
ORD-002330,2026-04-22,North,Services,468.96
ORD-002331,2026-04-22,North,Software,204.77
ORD-002332,2026-04-22,North,Accessories,26.94
ORD-002333,2026-04-22,North,Software,183.67
ORD-002334,2026-04-22,North,Software,103.04
ORD-002335,2026-04-22,North,Software,263.54
ORD-002336,2026-04-22,North,Hardware,282.97
ORD-002337,2026-04-22,Central,Software,112.28
ORD-002338,2026-04-22,Central,Accessories,100.61
ORD-002339,2026-04-22,Central,Software,316.92
ORD-002340,2026-04-22,Central,Hardware,421.29
ORD-002341,2026-04-22,Central,Services,613.87
ORD-002342,2026-04-22,Central,Accessories,34.38
ORD-002343,2026-04-22,Central,Software,33.50
ORD-002344,2026-04-22,Central,Hardware,285.53
ORD-002345,2026-04-22,Central,Hardware,446.85
ORD-002346,2026-04-22,Central,Services,602.91
ORD-002347,2026-04-22,Central,Software,289.60
ORD-002348,2026-04-22,Central,Accessories,96.70
ORD-002349,2026-04-22,Central,Services,136.99
ORD-002350,2026-04-22,Central,Hardware,364.68
ORD-002351,2026-04-22,Central,Services,258.94
ORD-002352,2026-04-22,Central,Services,559.62
ORD-002353,2026-04-22,Central,Services,441.17
ORD-002354,2026-04-22,Central,Hardware,786.01
ORD-002355,2026-04-22,Central,Accessories,27.80
ORD-002356,2026-04-22,Central,Software,415.71
ORD-002357,2026-04-22,Central,Hardware,357.64
ORD-002358,2026-04-22,Central,Accessories,35.04
ORD-002359,2026-04-22,Central,Services,702.21
ORD-002360,2026-04-22,Central,Services,675.12
ORD-002361,2026-04-22,Central,Hardware,305.55
ORD-002362,2026-04-22,Central,Software,107.61
ORD-002363,2026-04-22,Central,Hardware,469.10
ORD-002364,2026-04-22,Central,Services,480.58
ORD-002365,2026-04-22,Central,Accessories,39.14
ORD-002366,2026-04-22,Central,Software,111.60
ORD-002367,2026-04-22,Central,Hardware,155.37
ORD-002368,2026-04-22,Central,Software,523.67
ORD-002369,2026-04-22,Central,Accessories,31.72
ORD-002370,2026-04-22,Central,Accessories,60.32
ORD-002371,2026-04-22,Central,Services,643.26
ORD-002372,2026-04-22,Central,,652.70
ORD-002373,2026-04-22,Central,Hardware,779.35
ORD-002374,2026-04-22,South,Hardware,1145.99
ORD-002375,2026-04-22,South,Accessories,44.13
ORD-002376,2026-04-22,South,Software,104.85
ORD-002377,2026-04-22,South,Software,157.87
ORD-002378,2026-04-22,South,Hardware,414.90
ORD-002379,2026-04-22,South,Software,122.50
ORD-002380,2026-04-22,South,Hardware,232.36
ORD-002381,2026-04-22,South,Hardware,125.74
ORD-002382,2026-04-22,South,Accessories,26.36
ORD-002383,2026-04-22,South,Hardware,479.91
ORD-002384,2026-04-22,South,Software,191.98
ORD-002385,2026-04-22,South,Accessories,36.52
ORD-002386,2026-04-22,South,Services,508.73
ORD-002387,2026-04-22,South,Hardware,436.83
ORD-002388,2026-04-22,South,Software,232.32
ORD-002389,2026-04-22,South,Accessories,44.53
ORD-002390,2026-04-22,South,Accessories,53.21
ORD-002391,2026-04-22,South,Accessories,47.96
ORD-002392,2026-04-22,South,Software,176.42
ORD-002393,2026-04-22,South,Accessories,20.17
ORD-002394,2026-04-22,South,Accessories,17.41
ORD-002395,2026-04-22,South,Accessories,22.64
ORD-002396,2026-04-22,South,Hardware,378.09
ORD-002397,2026-04-22,South,Accessories,29.73
ORD-002398,2026-04-22,South,Software,168.10
ORD-002399,2026-04-22,South,,67.12
ORD-002400,2026-04-22,South,Accessories,65.47
ORD-002401,2026-04-22,South,Accessories,66.47
ORD-002402,2026-04-22,South,Software,112.80
ORD-002403,2026-04-22,South,Hardware,130.62
ORD-002404,2026-04-22,South,Software,220.19
ORD-002405,2026-04-22,South,Services,264.51
ORD-002406,2026-04-22,South,Software,175.51
ORD-002407,2026-04-22,South,Hardware,284.03
ORD-002408,2026-04-22,South,Services,417.67
ORD-002409,2026-04-22,South,Software,100.89
ORD-002410,2026-04-22,South,Hardware,513.85
ORD-002411,2026-04-22,South,Services,453.47
ORD-002412,2026-04-23,North,Software,77.87
ORD-002413,2026-04-23,North,Hardware,435.61
ORD-002414,2026-04-23,North,Software,1098.13
ORD-002415,2026-04-23,North,Software,413.51
ORD-002416,2026-04-23,North,Software,153.42
ORD-002417,2026-04-23,North,Hardware,209.28
ORD-002418,2026-04-23,North,Services,267.38
ORD-002419,2026-04-23,North,Accessories,31.19
ORD-002420,2026-04-23,North,Accessories,43.54
ORD-002421,2026-04-23,North,Software,136.73
ORD-002422,2026-04-23,North,,317.80
ORD-002423,2026-04-23,North,Hardware,413.40
ORD-002424,2026-04-23,North,Accessories,21.52
ORD-002425,2026-04-23,North,Accessories,18.06
ORD-002426,2026-04-23,North,Hardware,384.71
ORD-002427,2026-04-23,North,Software,173.15
ORD-002428,2026-04-23,North,Accessories,35.37
ORD-002429,2026-04-23,North,Software,77.03
ORD-002430,2026-04-23,North,Accessories,9.56
ORD-002431,2026-04-23,North,Services,466.01
ORD-002432,2026-04-23,North,Software,60.24
ORD-002433,2026-04-23,North,Accessories,18.73
ORD-002434,2026-04-23,North,Accessories,46.14
ORD-002435,2026-04-23,North,Services,835.10
ORD-002436,2026-04-23,North,Hardware,203.31
ORD-002437,2026-04-23,North,Services,440.06
ORD-002438,2026-04-23,North,Accessories,54.35
ORD-002439,2026-04-23,North,Software,125.06
ORD-002440,2026-04-23,North,Software,340.18
ORD-002441,2026-04-23,North,Software,58.58
ORD-002442,2026-04-23,North,Software,93.01
ORD-002443,2026-04-23,North,Software,119.85
ORD-002444,2026-04-23,North,Software,156.20
ORD-002445,2026-04-23,North,Accessories,74.63
ORD-002446,2026-04-23,North,Accessories,123.43
ORD-002447,2026-04-23,North,Services,214.58
ORD-002448,2026-04-23,North,Software,71.46
ORD-002449,2026-04-23,North,Hardware,654.80
ORD-002450,2026-04-23,North,Services,745.44
ORD-002451,2026-04-23,North,Hardware,169.54
ORD-002452,2026-04-23,North,Accessories,10.57
ORD-002453,2026-04-23,North,Accessories,67.93
ORD-002454,2026-04-23,North,Accessories,199.11
ORD-002455,2026-04-23,North,Hardware,166.83
ORD-002456,2026-04-23,North,Hardware,1529.11
ORD-002457,2026-04-23,Central,Accessories,159.58
ORD-002458,2026-04-23,Central,Hardware,274.81
ORD-002459,2026-04-23,Central,Hardware,415.18
ORD-002460,2026-04-23,Central,Software,636.04
ORD-002461,2026-04-23,Central,Services,459.84
ORD-002462,2026-04-23,Central,Hardware,308.64
ORD-002463,2026-04-23,Central,Software,130.72
ORD-002464,2026-04-23,Central,Accessories,58.30
ORD-002465,2026-04-23,Central,Services,714.43
ORD-002466,2026-04-23,Central,Services,738.06
ORD-002467,2026-04-23,Central,Software,111.39
ORD-002468,2026-04-23,Central,Services,331.44
ORD-002469,2026-04-23,Central,Accessories,32.81
ORD-002470,2026-04-23,Central,Services,342.11
ORD-002471,2026-04-23,Central,Services,414.31
ORD-002472,2026-04-23,Central,Hardware,591.27
ORD-002473,2026-04-23,Central,Accessories,15.82
ORD-002474,2026-04-23,Central,Software,51.94
ORD-002475,2026-04-23,Central,Hardware,289.47
ORD-002476,2026-04-23,Central,Services,347.34
ORD-002477,2026-04-23,Central,Software,279.12
ORD-002478,2026-04-23,Central,Hardware,323.59
ORD-002479,2026-04-23,Central,Accessories,32.08
ORD-002480,2026-04-23,Central,Accessories,16.32
ORD-002481,2026-04-23,Central,Software,110.90
ORD-002482,2026-04-23,Central,Software,180.10
ORD-002483,2026-04-23,Central,Software,84.93
ORD-002484,2026-04-23,Central,Hardware,279.11
ORD-002485,2026-04-23,Central,Software,125.18
ORD-002486,2026-04-23,Central,Software,98.39
ORD-002487,2026-04-23,Central,Accessories,17.86
ORD-002488,2026-04-23,Central,Hardware,105.57
ORD-002489,2026-04-23,Central,Services,667.91
ORD-002490,2026-04-23,Central,Accessories,52.11
ORD-002491,2026-04-23,Central,Software,106.35
ORD-002492,2026-04-23,South,Software,303.72
ORD-002493,2026-04-23,South,Accessories,101.86
ORD-002494,2026-04-23,South,,51.58
ORD-002495,2026-04-23,South,Software,225.96
ORD-002496,2026-04-23,South,Hardware,457.17
ORD-002497,2026-04-23,South,Services,484.10
ORD-002498,2026-04-23,South,Software,55.34
ORD-002499,2026-04-23,South,Hardware,396.13
ORD-002500,2026-04-23,South,Hardware,313.19
ORD-002501,2026-04-23,South,Accessories,24.73
ORD-002502,2026-04-23,South,Services,236.66
ORD-002503,2026-04-23,South,Software,374.01
ORD-002504,2026-04-23,South,Accessories,92.36
ORD-002505,2026-04-23,South,Software,192.29
ORD-002506,2026-04-23,South,Software,123.03
ORD-002507,2026-04-23,South,Accessories,71.48
ORD-002508,2026-04-23,South,Accessories,39.74
ORD-002509,2026-04-23,South,Accessories,33.04
ORD-002510,2026-04-23,South,Accessories,46.14
ORD-002511,2026-04-23,South,Services,722.21
ORD-002512,2026-04-23,South,Accessories,48.97
ORD-002513,2026-04-23,South,Services,1016.97
ORD-002514,2026-04-23,South,Software,318.75
ORD-002515,2026-04-23,South,Hardware,275.00
ORD-002516,2026-04-23,South,,116.63
ORD-002517,2026-04-23,South,Accessories,21.55
ORD-002518,2026-04-23,South,Accessories,28.23
ORD-002519,2026-04-23,South,Software,172.85
ORD-002520,2026-04-23,South,Hardware,759.29
ORD-002521,2026-04-23,South,Hardware,182.95
ORD-002522,2026-04-23,South,Services,438.63
ORD-002523,2026-04-23,South,Accessories,24.99
ORD-002524,2026-04-24,North,Hardware,602.56
ORD-002525,2026-04-24,North,Software,142.66
ORD-002526,2026-04-24,North,Accessories,37.74
ORD-002527,2026-04-24,North,Software,206.91
ORD-002528,2026-04-24,North,Software,168.90
ORD-002529,2026-04-24,North,Services,635.45
ORD-002530,2026-04-24,North,Accessories,54.93
ORD-002531,2026-04-24,North,Hardware,286.84
ORD-002532,2026-04-24,North,Services,183.83
ORD-002533,2026-04-24,North,,603.68
ORD-002534,2026-04-24,North,Hardware,700.56
ORD-002535,2026-04-24,North,Software,232.80
ORD-002536,2026-04-24,North,Services,689.29
ORD-002537,2026-04-24,North,Software,81.24
ORD-002538,2026-04-24,North,Software,211.82
ORD-002539,2026-04-24,North,Accessories,25.08
ORD-002540,2026-04-24,North,Hardware,289.66
ORD-002541,2026-04-24,North,Hardware,369.27
ORD-002542,2026-04-24,North,Hardware,350.33
ORD-002543,2026-04-24,North,Software,163.62
ORD-002544,2026-04-24,North,Software,131.30
ORD-002545,2026-04-24,North,Services,294.00
ORD-002546,2026-04-24,North,Services,795.84
ORD-002547,2026-04-24,North,Services,921.94
ORD-002548,2026-04-24,North,Software,230.47
ORD-002549,2026-04-24,North,Services,682.39
ORD-002550,2026-04-24,North,Services,1751.23
ORD-002551,2026-04-24,North,Software,74.74
ORD-002552,2026-04-24,North,Services,681.65
ORD-002553,2026-04-24,North,Hardware,276.63
ORD-002554,2026-04-24,North,Accessories,12.51
ORD-002555,2026-04-24,North,Hardware,632.60
ORD-002556,2026-04-24,North,Accessories,25.73
ORD-002557,2026-04-24,North,Accessories,18.97
ORD-002558,2026-04-24,North,Accessories,15.56
ORD-002559,2026-04-24,North,Software,158.49
ORD-002560,2026-04-24,North,Accessories,55.08
ORD-002561,2026-04-24,North,Software,65.01
ORD-002562,2026-04-24,North,Hardware,260.44
ORD-002563,2026-04-24,North,Services,459.37
ORD-002564,2026-04-24,North,Services,1238.17
ORD-002565,2026-04-24,North,Services,243.47
ORD-002566,2026-04-24,North,Accessories,57.54
ORD-002567,2026-04-24,North,Accessories,53.83
ORD-002568,2026-04-24,North,Hardware,474.72
ORD-002569,2026-04-24,North,Software,238.35
ORD-002570,2026-04-24,North,Services,438.43
ORD-002571,2026-04-24,North,Services,592.62
ORD-002572,2026-04-24,North,Accessories,25.74
ORD-002573,2026-04-24,North,Software,69.35
ORD-002574,2026-04-24,Central,Software,117.38
ORD-002575,2026-04-24,Central,Accessories,66.04
ORD-002576,2026-04-24,Central,Hardware,475.48
ORD-002577,2026-04-24,Central,Hardware,518.83
ORD-002578,2026-04-24,Central,Software,234.74
ORD-002579,2026-04-24,Central,Software,228.86
ORD-002580,2026-04-24,Central,Accessories,81.90
ORD-002581,2026-04-24,Central,Accessories,67.22
ORD-002582,2026-04-24,Central,Services,457.33
ORD-002583,2026-04-24,Central,Services,876.72
ORD-002584,2026-04-24,Central,Services,264.04
ORD-002585,2026-04-24,Central,Accessories,21.10
ORD-002586,2026-04-24,Central,Hardware,330.73
ORD-002587,2026-04-24,Central,Hardware,114.76
ORD-002588,2026-04-24,Central,Services,256.46
ORD-002589,2026-04-24,Central,Accessories,16.88
ORD-002590,2026-04-24,Central,Accessories,42.72
ORD-002591,2026-04-24,Central,Hardware,299.99
ORD-002592,2026-04-24,Central,Services,229.45
ORD-002593,2026-04-24,Central,Services,394.32
ORD-002594,2026-04-24,Central,Services,647.89
ORD-002595,2026-04-24,Central,Services,806.83
ORD-002596,2026-04-24,Central,Services,428.75
ORD-002597,2026-04-24,Central,Accessories,37.29
ORD-002598,2026-04-24,Central,Software,250.30
ORD-002599,2026-04-24,Central,Hardware,366.09
ORD-002600,2026-04-24,Central,Services,1090.32
ORD-002601,2026-04-24,Central,Hardware,313.18
ORD-002602,2026-04-24,Central,Services,270.67
ORD-002603,2026-04-24,Central,Hardware,363.08
ORD-002604,2026-04-24,Central,Software,166.27
ORD-002605,2026-04-24,Central,Software,83.12
ORD-002606,2026-04-24,Central,Hardware,214.55
ORD-002607,2026-04-24,Central,Hardware,263.31
ORD-002608,2026-04-24,Central,Software,101.16
ORD-002609,2026-04-24,Central,Hardware,516.53
ORD-002610,2026-04-24,South,Accessories,25.89
ORD-002611,2026-04-24,South,Hardware,341.47
ORD-002612,2026-04-24,South,Hardware,381.82
ORD-002613,2026-04-24,South,Services,838.35
ORD-002614,2026-04-24,South,Software,132.10
ORD-002615,2026-04-24,South,Services,581.86
ORD-002616,2026-04-24,South,Hardware,492.66
ORD-002617,2026-04-24,South,Services,396.03
ORD-002618,2026-04-24,South,Software,88.30
ORD-002619,2026-04-24,South,Software,133.69
ORD-002620,2026-04-24,South,Hardware,136.39
ORD-002621,2026-04-24,South,Accessories,35.59
ORD-002622,2026-04-24,South,Hardware,466.25
ORD-002623,2026-04-24,South,Software,129.21
ORD-002624,2026-04-24,South,Accessories,35.72
ORD-002625,2026-04-24,South,Hardware,120.15
ORD-002626,2026-04-24,South,Hardware,188.53
ORD-002627,2026-04-24,South,Software,223.47
ORD-002628,2026-04-24,South,Accessories,99.29
ORD-002629,2026-04-24,South,Hardware,199.89
ORD-002630,2026-04-24,South,Services,921.77
ORD-002631,2026-04-24,South,Accessories,32.69
ORD-002632,2026-04-24,South,Software,93.65
ORD-002633,2026-04-24,South,Software,229.64
ORD-002634,2026-04-24,South,Software,202.03
ORD-002635,2026-04-24,South,Accessories,22.54
ORD-002636,2026-04-24,South,Software,201.22
ORD-002637,2026-04-24,South,Services,944.41
ORD-002638,2026-04-24,South,Accessories,33.61
ORD-002639,2026-04-25,North,Accessories,28.98
ORD-002640,2026-04-25,North,Hardware,637.43
ORD-002641,2026-04-25,North,Services,207.94
ORD-002642,2026-04-25,North,Accessories,24.56
ORD-002643,2026-04-25,North,Accessories,31.86
ORD-002644,2026-04-25,North,Services,1004.55
ORD-002645,2026-04-25,North,Accessories,52.99
ORD-002646,2026-04-25,North,Software,72.27
ORD-002647,2026-04-25,North,Hardware,349.87
ORD-002648,2026-04-25,North,Software,146.40
ORD-002649,2026-04-25,North,Hardware,268.13
ORD-002650,2026-04-25,North,Hardware,430.73
ORD-002651,2026-04-25,North,Software,165.54
ORD-002652,2026-04-25,North,Software,114.36
ORD-002653,2026-04-25,North,Accessories,11.82
ORD-002654,2026-04-25,North,Services,514.68
ORD-002655,2026-04-25,North,Hardware,373.47
ORD-002656,2026-04-25,North,Accessories,18.21
ORD-002657,2026-04-25,North,Services,1121.48
ORD-002658,2026-04-25,North,Software,156.98
ORD-002659,2026-04-25,North,Software,76.02
ORD-002660,2026-04-25,North,Software,73.92
ORD-002661,2026-04-25,North,Services,331.97
ORD-002662,2026-04-25,North,Hardware,235.63
ORD-002663,2026-04-25,North,Software,234.20
ORD-002664,2026-04-25,North,Software,861.60
ORD-002665,2026-04-25,North,Software,227.01
ORD-002666,2026-04-25,North,Hardware,418.58
ORD-002667,2026-04-25,North,Services,624.91
ORD-002668,2026-04-25,North,Software,96.71
ORD-002669,2026-04-25,North,Services,1708.68
ORD-002670,2026-04-25,North,Hardware,233.99
ORD-002671,2026-04-25,North,Accessories,57.48
ORD-002672,2026-04-25,North,Accessories,15.76
ORD-002673,2026-04-25,North,Software,132.19
ORD-002674,2026-04-25,North,Software,153.46
ORD-002675,2026-04-25,North,Services,584.32
ORD-002676,2026-04-25,North,Hardware,375.16
ORD-002677,2026-04-25,North,Hardware,312.94
ORD-002678,2026-04-25,North,Accessories,50.18
ORD-002679,2026-04-25,North,,742.47
ORD-002680,2026-04-25,North,Software,474.72
ORD-002681,2026-04-25,North,Services,427.90
ORD-002682,2026-04-25,North,Hardware,685.37
ORD-002683,2026-04-25,North,Services,638.25
ORD-002684,2026-04-25,Central,Hardware,569.50
ORD-002685,2026-04-25,Central,Software,79.83
ORD-002686,2026-04-25,Central,Software,148.66
ORD-002687,2026-04-25,Central,Accessories,43.58
ORD-002688,2026-04-25,Central,Software,77.62
ORD-002689,2026-04-25,Central,Accessories,43.94
ORD-002690,2026-04-25,Central,Hardware,147.08
ORD-002691,2026-04-25,Central,Accessories,42.78
ORD-002692,2026-04-25,Central,Services,640.23
ORD-002693,2026-04-25,Central,Services,671.81
ORD-002694,2026-04-25,Central,Services,586.70
ORD-002695,2026-04-25,Central,Accessories,58.42
ORD-002696,2026-04-25,Central,Accessories,29.17
ORD-002697,2026-04-25,Central,Software,56.57
ORD-002698,2026-04-25,Central,Hardware,416.50
ORD-002699,2026-04-25,Central,Services,122.76
ORD-002700,2026-04-25,Central,Services,167.23
ORD-002701,2026-04-25,Central,Software,145.42
ORD-002702,2026-04-25,Central,Software,101.18
ORD-002703,2026-04-25,Central,Hardware,432.96
ORD-002704,2026-04-25,Central,Hardware,292.50
ORD-002705,2026-04-25,Central,Software,162.85
ORD-002706,2026-04-25,Central,Accessories,61.83
ORD-002707,2026-04-25,Central,Hardware,654.70
ORD-002708,2026-04-25,Central,Services,342.09
ORD-002709,2026-04-25,Central,Software,81.18
ORD-002710,2026-04-25,Central,Accessories,50.57
ORD-002711,2026-04-25,Central,Software,215.19
ORD-002712,2026-04-25,Central,Hardware,159.87
ORD-002713,2026-04-25,Central,Services,384.98
ORD-002714,2026-04-25,Central,Accessories,98.44
ORD-002715,2026-04-25,Central,Services,852.37
ORD-002716,2026-04-25,Central,Hardware,178.95
ORD-002717,2026-04-25,South,Software,311.45
ORD-002718,2026-04-25,South,Software,260.47
ORD-002719,2026-04-25,South,Accessories,36.49
ORD-002720,2026-04-25,South,Software,85.19
ORD-002721,2026-04-25,South,Hardware,270.56
ORD-002722,2026-04-25,South,Software,254.15
ORD-002723,2026-04-25,South,Software,135.15
ORD-002724,2026-04-25,South,Hardware,210.64
ORD-002725,2026-04-25,South,Hardware,140.70
ORD-002726,2026-04-25,South,Accessories,21.39
ORD-002727,2026-04-25,South,Hardware,459.86
ORD-002728,2026-04-25,South,Services,620.23
ORD-002729,2026-04-25,South,Hardware,326.71
ORD-002730,2026-04-25,South,Accessories,74.50
ORD-002731,2026-04-25,South,Accessories,34.40
ORD-002732,2026-04-25,South,Hardware,819.90
ORD-002733,2026-04-25,South,Hardware,727.89
ORD-002734,2026-04-25,South,Accessories,24.19
ORD-002735,2026-04-25,South,Hardware,561.91
ORD-002736,2026-04-25,South,Software,298.74
ORD-002737,2026-04-25,South,Hardware,305.91
ORD-002738,2026-04-25,South,Accessories,54.55
ORD-002739,2026-04-25,South,Accessories,106.47
ORD-002740,2026-04-25,South,Hardware,703.12
ORD-002741,2026-04-25,South,Services,1402.59
ORD-002742,2026-04-25,South,Services,907.03
ORD-002743,2026-04-25,South,Hardware,316.51
ORD-002744,2026-04-25,South,Accessories,78.08
ORD-002745,2026-04-25,South,Software,205.79
ORD-002746,2026-04-25,South,Accessories,25.06
ORD-002747,2026-04-25,South,Hardware,303.57
ORD-002748,2026-04-25,South,Accessories,20.14
ORD-002749,2026-04-26,North,Hardware,173.28
ORD-002750,2026-04-26,North,Services,379.06
ORD-002751,2026-04-26,North,Accessories,49.16
ORD-002752,2026-04-26,North,Services,650.59
ORD-002753,2026-04-26,North,Software,79.83
ORD-002754,2026-04-26,North,Services,473.89
ORD-002755,2026-04-26,North,Accessories,20.83
ORD-002756,2026-04-26,North,Accessories,30.09
ORD-002757,2026-04-26,North,Software,130.41
ORD-002758,2026-04-26,North,Accessories,44.88
ORD-002759,2026-04-26,North,Hardware,315.73
ORD-002760,2026-04-26,North,Accessories,45.02
ORD-002761,2026-04-26,North,Hardware,553.24
ORD-002762,2026-04-26,North,Software,227.14
ORD-002763,2026-04-26,North,Hardware,650.31
ORD-002764,2026-04-26,North,Services,395.25
ORD-002765,2026-04-26,North,Software,83.59
ORD-002766,2026-04-26,North,Hardware,369.25
ORD-002767,2026-04-26,North,Services,495.35
ORD-002768,2026-04-26,North,Hardware,1641.15
ORD-002769,2026-04-26,North,Services,901.03
ORD-002770,2026-04-26,North,Services,456.56
ORD-002771,2026-04-26,North,Accessories,21.96
ORD-002772,2026-04-26,North,Hardware,682.92
ORD-002773,2026-04-26,North,Services,167.07
ORD-002774,2026-04-26,North,Accessories,25.84
ORD-002775,2026-04-26,North,Hardware,450.47
ORD-002776,2026-04-26,North,Software,103.43
ORD-002777,2026-04-26,North,Accessories,70.08
ORD-002778,2026-04-26,North,Accessories,33.69
ORD-002779,2026-04-26,North,Services,1234.89
ORD-002780,2026-04-26,North,Accessories,48.03
ORD-002781,2026-04-26,North,Hardware,528.04
ORD-002782,2026-04-26,North,Software,144.32
ORD-002783,2026-04-26,North,Software,83.18
ORD-002784,2026-04-26,North,Hardware,395.25
ORD-002785,2026-04-26,North,Hardware,148.26
ORD-002786,2026-04-26,North,Hardware,508.23
ORD-002787,2026-04-26,North,Hardware,633.27
ORD-002788,2026-04-26,North,Software,232.38
ORD-002789,2026-04-26,Central,Services,293.22
ORD-002790,2026-04-26,Central,Software,47.80
ORD-002791,2026-04-26,Central,Hardware,309.22
ORD-002792,2026-04-26,Central,Accessories,30.91
ORD-002793,2026-04-26,Central,Software,138.77
ORD-002794,2026-04-26,Central,Hardware,143.54
ORD-002795,2026-04-26,Central,Hardware,1061.07
ORD-002796,2026-04-26,Central,Software,78.93
ORD-002797,2026-04-26,Central,Software,73.90
ORD-002798,2026-04-26,Central,Hardware,290.37
ORD-002799,2026-04-26,Central,Accessories,74.20
ORD-002800,2026-04-26,Central,Software,126.81
ORD-002801,2026-04-26,Central,Services,595.30
ORD-002802,2026-04-26,Central,Accessories,30.13
ORD-002803,2026-04-26,Central,Hardware,197.84
ORD-002804,2026-04-26,Central,Software,281.23
ORD-002805,2026-04-26,Central,Software,255.16
ORD-002806,2026-04-26,Central,Software,132.67
ORD-002807,2026-04-26,Central,Hardware,288.00
ORD-002808,2026-04-26,Central,Accessories,60.45
ORD-002809,2026-04-26,Central,Software,153.92
ORD-002810,2026-04-26,Central,Accessories,73.23
ORD-002811,2026-04-26,Central,Hardware,196.19
ORD-002812,2026-04-26,Central,Services,533.40
ORD-002813,2026-04-26,Central,Services,372.82
ORD-002814,2026-04-26,Central,Software,182.58
ORD-002815,2026-04-26,Central,Accessories,47.42
ORD-002816,2026-04-26,Central,Hardware,544.65
ORD-002817,2026-04-26,South,Accessories,8.54
ORD-002818,2026-04-26,South,Software,189.08
ORD-002819,2026-04-26,South,Services,1138.17
ORD-002820,2026-04-26,South,Software,50.64
ORD-002821,2026-04-26,South,Software,115.05
ORD-002822,2026-04-26,South,Accessories,42.59
ORD-002823,2026-04-26,South,,45.03
ORD-002824,2026-04-26,South,Accessories,12.92
ORD-002825,2026-04-26,South,Services,198.39
ORD-002826,2026-04-26,South,Software,110.33
ORD-002827,2026-04-26,South,Accessories,33.79
ORD-002828,2026-04-26,South,Services,273.09
ORD-002829,2026-04-26,South,Accessories,25.25
ORD-002830,2026-04-26,South,Hardware,530.34
ORD-002831,2026-04-26,South,Hardware,421.91
ORD-002832,2026-04-26,South,Accessories,52.43
ORD-002833,2026-04-26,South,Services,283.38
ORD-002834,2026-04-26,South,Services,1430.58
ORD-002835,2026-04-26,South,Hardware,224.10
ORD-002836,2026-04-26,South,Software,81.83
ORD-002837,2026-04-26,South,Accessories,46.69
ORD-002838,2026-04-26,South,Services,388.25
ORD-002839,2026-04-26,South,Hardware,316.36
ORD-002840,2026-04-26,South,Software,142.26
ORD-002841,2026-04-26,South,Hardware,172.13
ORD-002842,2026-04-27,North,Accessories,26.51
ORD-002843,2026-04-27,North,Hardware,234.23
ORD-002844,2026-04-27,North,Software,70.18
ORD-002845,2026-04-27,North,Services,511.40
ORD-002846,2026-04-27,North,Software,156.89
ORD-002847,2026-04-27,North,Hardware,1346.52
ORD-002848,2026-04-27,North,Accessories,9.07
ORD-002849,2026-04-27,North,Services,360.21
ORD-002850,2026-04-27,North,Software,197.34
ORD-002851,2026-04-27,North,Accessories,24.15
ORD-002852,2026-04-27,North,Accessories,13.32
ORD-002853,2026-04-27,North,Software,138.92
ORD-002854,2026-04-27,North,Hardware,321.77
ORD-002855,2026-04-27,North,Hardware,428.39
ORD-002856,2026-04-27,North,Accessories,25.05
ORD-002857,2026-04-27,North,Accessories,47.67
ORD-002858,2026-04-27,North,Hardware,205.78
ORD-002859,2026-04-27,North,Services,1059.32
ORD-002860,2026-04-27,North,Services,160.24
ORD-002861,2026-04-27,North,Accessories,21.21
ORD-002862,2026-04-27,North,Hardware,207.10
ORD-002863,2026-04-27,North,Software,298.84
ORD-002864,2026-04-27,North,Accessories,44.71
ORD-002865,2026-04-27,North,Services,672.42
ORD-002866,2026-04-27,North,Accessories,104.35
ORD-002867,2026-04-27,North,Accessories,35.74
ORD-002868,2026-04-27,North,Accessories,24.37
ORD-002869,2026-04-27,North,Accessories,61.10
ORD-002870,2026-04-27,North,Services,345.01
ORD-002871,2026-04-27,North,Services,272.16
ORD-002872,2026-04-27,North,Software,150.31
ORD-002873,2026-04-27,North,Accessories,19.74
ORD-002874,2026-04-27,North,Accessories,94.21
ORD-002875,2026-04-27,North,Accessories,45.26
ORD-002876,2026-04-27,North,Hardware,265.01
ORD-002877,2026-04-27,North,Accessories,47.22
ORD-002878,2026-04-27,North,Services,517.93
ORD-002879,2026-04-27,North,Hardware,155.39
ORD-002880,2026-04-27,North,Hardware,596.12
ORD-002881,2026-04-27,North,Hardware,140.97
ORD-002882,2026-04-27,North,Accessories,30.63
ORD-002883,2026-04-27,North,Hardware,306.81
ORD-002884,2026-04-27,North,Accessories,17.25
ORD-002885,2026-04-27,North,Hardware,347.11
ORD-002886,2026-04-27,Central,Services,719.30
ORD-002887,2026-04-27,Central,Accessories,48.47
ORD-002888,2026-04-27,Central,Software,212.35
ORD-002889,2026-04-27,Central,Accessories,39.97
ORD-002890,2026-04-27,Central,Services,759.37
ORD-002891,2026-04-27,Central,Services,1015.88
ORD-002892,2026-04-27,Central,Services,604.64
ORD-002893,2026-04-27,Central,Hardware,424.30
ORD-002894,2026-04-27,Central,Software,82.05
ORD-002895,2026-04-27,Central,Accessories,15.00
ORD-002896,2026-04-27,Central,Accessories,9.41
ORD-002897,2026-04-27,Central,,192.07
ORD-002898,2026-04-27,Central,Accessories,30.79
ORD-002899,2026-04-27,Central,Software,151.00
ORD-002900,2026-04-27,Central,Hardware,274.10
ORD-002901,2026-04-27,Central,Hardware,168.13
ORD-002902,2026-04-27,Central,Accessories,32.27
ORD-002903,2026-04-27,Central,Hardware,392.08
ORD-002904,2026-04-27,Central,Accessories,24.14
ORD-002905,2026-04-27,Central,Software,350.94
ORD-002906,2026-04-27,Central,Accessories,46.42
ORD-002907,2026-04-27,Central,Services,419.97
ORD-002908,2026-04-27,Central,Software,155.19
ORD-002909,2026-04-27,Central,Services,326.57
ORD-002910,2026-04-27,Central,Accessories,55.12
ORD-002911,2026-04-27,Central,Software,121.83
ORD-002912,2026-04-27,Central,Hardware,240.62
ORD-002913,2026-04-27,Central,Accessories,34.06
ORD-002914,2026-04-27,Central,Accessories,49.93
ORD-002915,2026-04-27,Central,Accessories,40.95
ORD-002916,2026-04-27,Central,Hardware,722.74
ORD-002917,2026-04-27,Central,Software,143.09
ORD-002918,2026-04-27,Central,Accessories,41.80
ORD-002919,2026-04-27,Central,Hardware,183.83
ORD-002920,2026-04-27,Central,Hardware,252.15
ORD-002921,2026-04-27,Central,Software,136.41
ORD-002922,2026-04-27,Central,Accessories,48.39
ORD-002923,2026-04-27,Central,Software,62.41
ORD-002924,2026-04-27,Central,Software,203.07
ORD-002925,2026-04-27,Central,Software,69.58
ORD-002926,2026-04-27,Central,Services,669.19
ORD-002927,2026-04-27,Central,Accessories,24.04
ORD-002928,2026-04-27,Central,Hardware,172.39
ORD-002929,2026-04-27,Central,Software,178.48
ORD-002930,2026-04-27,Central,Software,209.32
ORD-002931,2026-04-27,Central,Software,88.55
ORD-002932,2026-04-27,Central,Accessories,35.49
ORD-002933,2026-04-27,Central,Software,51.85
ORD-002934,2026-04-27,Central,Accessories,43.74
ORD-002935,2026-04-27,Central,Services,447.34
ORD-002936,2026-04-27,Central,Hardware,390.84
ORD-002937,2026-04-27,Central,Services,718.95
ORD-002938,2026-04-27,Central,Services,678.04
ORD-002939,2026-04-27,South,Accessories,135.87
ORD-002940,2026-04-27,South,Software,63.87
ORD-002941,2026-04-27,South,Software,86.82
ORD-002942,2026-04-27,South,Software,155.01
ORD-002943,2026-04-27,South,Software,64.66
ORD-002944,2026-04-27,South,Accessories,31.28
ORD-002945,2026-04-27,South,Software,117.02
ORD-002946,2026-04-27,South,Software,91.17
ORD-002947,2026-04-27,South,Services,486.61
ORD-002948,2026-04-27,South,Accessories,24.44
ORD-002949,2026-04-27,South,Accessories,24.00
ORD-002950,2026-04-27,South,Hardware,188.81
ORD-002951,2026-04-27,South,Hardware,151.53
ORD-002952,2026-04-27,South,Software,97.17
ORD-002953,2026-04-27,South,Hardware,210.02
ORD-002954,2026-04-27,South,,41.38
ORD-002955,2026-04-27,South,Software,118.12
ORD-002956,2026-04-27,South,Software,79.59
ORD-002957,2026-04-27,South,Software,134.43
ORD-002958,2026-04-27,South,Services,322.68
ORD-002959,2026-04-27,South,Accessories,38.42
ORD-002960,2026-04-27,South,Accessories,24.75
ORD-002961,2026-04-27,South,Accessories,11.63
ORD-002962,2026-04-28,North,Hardware,213.22
ORD-002963,2026-04-28,North,Hardware,125.82
ORD-002964,2026-04-28,North,Services,1305.92
ORD-002965,2026-04-28,North,Hardware,358.49
ORD-002966,2026-04-28,North,Software,185.84
ORD-002967,2026-04-28,North,Software,172.29
ORD-002968,2026-04-28,North,Hardware,162.32
ORD-002969,2026-04-28,North,Accessories,19.96
ORD-002970,2026-04-28,North,Hardware,542.87
ORD-002971,2026-04-28,North,Accessories,22.24
ORD-002972,2026-04-28,North,Software,94.88
ORD-002973,2026-04-28,North,Services,297.59
ORD-002974,2026-04-28,North,Services,921.45
ORD-002975,2026-04-28,North,Accessories,52.84
ORD-002976,2026-04-28,North,Hardware,618.58
ORD-002977,2026-04-28,North,Services,870.63
ORD-002978,2026-04-28,North,Accessories,20.55
ORD-002979,2026-04-28,North,Hardware,498.08
ORD-002980,2026-04-28,North,Software,127.40
ORD-002981,2026-04-28,North,Accessories,61.66
ORD-002982,2026-04-28,North,Software,194.43
ORD-002983,2026-04-28,North,Software,228.61
ORD-002984,2026-04-28,North,Accessories,35.30
ORD-002985,2026-04-28,North,Hardware,747.84
ORD-002986,2026-04-28,North,Hardware,309.06
ORD-002987,2026-04-28,North,Hardware,765.54
ORD-002988,2026-04-28,North,Hardware,389.50
ORD-002989,2026-04-28,North,Services,687.19
ORD-002990,2026-04-28,North,Services,695.02
ORD-002991,2026-04-28,North,Services,617.35
ORD-002992,2026-04-28,North,Software,225.77
ORD-002993,2026-04-28,North,Hardware,664.88
ORD-002994,2026-04-28,North,Hardware,280.27
ORD-002995,2026-04-28,North,Services,290.67
ORD-002996,2026-04-28,North,Software,78.24
ORD-002997,2026-04-28,North,Software,102.57
ORD-002998,2026-04-28,North,Hardware,176.22
ORD-002999,2026-04-28,North,Accessories,24.93
ORD-003000,2026-04-28,North,Hardware,432.86
ORD-003001,2026-04-28,North,Services,292.10
ORD-003002,2026-04-28,North,Accessories,36.56
ORD-003003,2026-04-28,North,Hardware,601.81
ORD-003004,2026-04-28,North,Hardware,492.74
ORD-003005,2026-04-28,North,Accessories,17.98
ORD-003006,2026-04-28,North,,53.68
ORD-003007,2026-04-28,North,Software,137.42
ORD-003008,2026-04-28,North,Accessories,31.41
ORD-003009,2026-04-28,North,Accessories,33.03
ORD-003010,2026-04-28,North,Services,186.41
ORD-003011,2026-04-28,North,Accessories,34.04
ORD-003012,2026-04-28,Central,Accessories,36.60
ORD-003013,2026-04-28,Central,Accessories,118.13
ORD-003014,2026-04-28,Central,Services,605.99
ORD-003015,2026-04-28,Central,Hardware,160.72
ORD-003016,2026-04-28,Central,Services,1036.63
ORD-003017,2026-04-28,Central,Services,498.73
ORD-003018,2026-04-28,Central,Accessories,12.67
ORD-003019,2026-04-28,Central,Software,196.33
ORD-003020,2026-04-28,Central,Hardware,449.63
ORD-003021,2026-04-28,Central,Services,579.47
ORD-003022,2026-04-28,Central,Software,107.55
ORD-003023,2026-04-28,Central,Hardware,366.03
ORD-003024,2026-04-28,Central,Software,253.25
ORD-003025,2026-04-28,Central,Hardware,148.45
ORD-003026,2026-04-28,Central,Software,127.61
ORD-003027,2026-04-28,Central,Accessories,104.56
ORD-003028,2026-04-28,Central,Software,139.41
ORD-003029,2026-04-28,Central,Services,357.11
ORD-003030,2026-04-28,Central,Hardware,99.45
ORD-003031,2026-04-28,Central,Services,657.97
ORD-003032,2026-04-28,Central,Services,829.88
ORD-003033,2026-04-28,Central,Accessories,29.99
ORD-003034,2026-04-28,Central,Services,359.95
ORD-003035,2026-04-28,Central,Hardware,468.36
ORD-003036,2026-04-28,Central,Hardware,201.91
ORD-003037,2026-04-28,Central,Software,94.15
ORD-003038,2026-04-28,Central,Accessories,54.14
ORD-003039,2026-04-28,Central,Services,443.83
ORD-003040,2026-04-28,Central,Software,123.40
ORD-003041,2026-04-28,Central,Hardware,179.59
ORD-003042,2026-04-28,Central,Hardware,230.10
ORD-003043,2026-04-28,Central,Software,89.96
ORD-003044,2026-04-28,Central,Accessories,10.84
ORD-003045,2026-04-28,Central,Hardware,257.44
ORD-003046,2026-04-28,Central,Hardware,368.39
ORD-003047,2026-04-28,Central,Services,151.42
ORD-003048,2026-04-28,Central,Services,343.91
ORD-003049,2026-04-28,Central,Accessories,18.83
ORD-003050,2026-04-28,Central,Accessories,28.59
ORD-003051,2026-04-28,Central,Hardware,201.07
ORD-003052,2026-04-28,Central,Services,460.59
ORD-003053,2026-04-28,Central,Software,51.83
ORD-003054,2026-04-28,Central,Hardware,155.36
ORD-003055,2026-04-28,Central,Accessories,125.23
ORD-003056,2026-04-28,South,Services,430.49
ORD-003057,2026-04-28,South,Hardware,106.88
ORD-003058,2026-04-28,South,Accessories,66.32
ORD-003059,2026-04-28,South,Software,422.16
ORD-003060,2026-04-28,South,Services,294.03
ORD-003061,2026-04-28,South,Accessories,10.54
ORD-003062,2026-04-28,South,Hardware,224.63
ORD-003063,2026-04-28,South,Services,378.33
ORD-003064,2026-04-28,South,Software,157.97
ORD-003065,2026-04-28,South,Accessories,25.09
ORD-003066,2026-04-28,South,Services,574.24
ORD-003067,2026-04-28,South,Services,1787.74
ORD-003068,2026-04-28,South,Software,152.07
ORD-003069,2026-04-28,South,Software,159.42
ORD-003070,2026-04-28,South,Hardware,679.68
ORD-003071,2026-04-28,South,Software,52.78
ORD-003072,2026-04-28,South,Software,140.25
ORD-003073,2026-04-28,South,Services,439.91
ORD-003074,2026-04-28,South,Software,67.72
ORD-003075,2026-04-28,South,Software,148.30
ORD-003076,2026-04-28,South,Hardware,376.26
ORD-003077,2026-04-28,South,Hardware,222.33
ORD-003078,2026-04-28,South,Hardware,304.32
ORD-003079,2026-04-28,South,Software,59.27
ORD-003080,2026-04-28,South,Accessories,65.35
ORD-003081,2026-04-28,South,Accessories,96.61
ORD-003082,2026-04-29,North,Accessories,33.07
ORD-003083,2026-04-29,North,Accessories,34.99
ORD-003084,2026-04-29,North,Hardware,311.49
ORD-003085,2026-04-29,North,Services,421.06
ORD-003086,2026-04-29,North,Accessories,50.04
ORD-003087,2026-04-29,North,Hardware,1086.99
ORD-003088,2026-04-29,North,,184.20
ORD-003089,2026-04-29,North,Accessories,14.50
ORD-003090,2026-04-29,North,Hardware,331.65
ORD-003091,2026-04-29,North,Accessories,45.31
ORD-003092,2026-04-29,North,Services,996.17
ORD-003093,2026-04-29,North,Hardware,365.85
ORD-003094,2026-04-29,North,,418.41
ORD-003095,2026-04-29,North,Hardware,257.09
ORD-003096,2026-04-29,North,Software,82.23
ORD-003097,2026-04-29,North,Hardware,295.89
ORD-003098,2026-04-29,North,,263.50
ORD-003099,2026-04-29,North,Accessories,36.26
ORD-003100,2026-04-29,North,Software,98.81
ORD-003101,2026-04-29,North,Services,227.47
ORD-003102,2026-04-29,North,Accessories,30.85
ORD-003103,2026-04-29,North,Hardware,297.53
ORD-003104,2026-04-29,North,Software,62.55
ORD-003105,2026-04-29,North,Hardware,180.14
ORD-003106,2026-04-29,North,Accessories,37.85
ORD-003107,2026-04-29,North,Accessories,45.93
ORD-003108,2026-04-29,North,Software,165.80
ORD-003109,2026-04-29,North,Accessories,98.80
ORD-003110,2026-04-29,North,Services,627.20
ORD-003111,2026-04-29,North,Software,71.04
ORD-003112,2026-04-29,North,Hardware,293.74
ORD-003113,2026-04-29,North,Hardware,229.25
ORD-003114,2026-04-29,North,Software,138.04
ORD-003115,2026-04-29,North,Accessories,24.09
ORD-003116,2026-04-29,North,Accessories,24.70
ORD-003117,2026-04-29,North,Accessories,115.99
ORD-003118,2026-04-29,North,Hardware,183.02
ORD-003119,2026-04-29,North,Services,436.55
ORD-003120,2026-04-29,North,Accessories,32.23
ORD-003121,2026-04-29,North,Software,318.93
ORD-003122,2026-04-29,North,Software,47.91
ORD-003123,2026-04-29,North,Accessories,38.45
ORD-003124,2026-04-29,North,Hardware,239.01
ORD-003125,2026-04-29,North,Accessories,59.92
ORD-003126,2026-04-29,North,Services,1094.30
ORD-003127,2026-04-29,North,Software,105.89
ORD-003128,2026-04-29,North,Services,694.39
ORD-003129,2026-04-29,North,Services,267.47
ORD-003130,2026-04-29,North,Software,103.09
ORD-003131,2026-04-29,Central,Software,137.74
ORD-003132,2026-04-29,Central,Services,506.18
ORD-003133,2026-04-29,Central,Hardware,327.82
ORD-003134,2026-04-29,Central,Software,220.91
ORD-003135,2026-04-29,Central,Hardware,446.41
ORD-003136,2026-04-29,Central,Accessories,16.07
ORD-003137,2026-04-29,Central,Hardware,595.51
ORD-003138,2026-04-29,Central,Accessories,36.39
ORD-003139,2026-04-29,Central,Hardware,158.10
ORD-003140,2026-04-29,Central,Services,253.72
ORD-003141,2026-04-29,Central,Hardware,315.04
ORD-003142,2026-04-29,Central,Accessories,44.08
ORD-003143,2026-04-29,Central,Services,280.36
ORD-003144,2026-04-29,Central,Hardware,293.59
ORD-003145,2026-04-29,Central,Accessories,21.23
ORD-003146,2026-04-29,Central,Software,94.82
ORD-003147,2026-04-29,Central,Services,455.21
ORD-003148,2026-04-29,Central,Services,234.42
ORD-003149,2026-04-29,Central,Hardware,518.34
ORD-003150,2026-04-29,Central,Accessories,39.34
ORD-003151,2026-04-29,Central,Software,131.02
ORD-003152,2026-04-29,Central,Accessories,12.42
ORD-003153,2026-04-29,Central,Hardware,782.08
ORD-003154,2026-04-29,Central,Accessories,38.36
ORD-003155,2026-04-29,Central,Services,727.68
ORD-003156,2026-04-29,Central,Accessories,34.33
ORD-003157,2026-04-29,Central,Hardware,281.96
ORD-003158,2026-04-29,Central,Software,114.51
ORD-003159,2026-04-29,Central,Software,182.65
ORD-003160,2026-04-29,Central,Accessories,96.58
ORD-003161,2026-04-29,Central,Services,183.26
ORD-003162,2026-04-29,Central,Hardware,312.16
ORD-003163,2026-04-29,Central,Services,993.86
ORD-003164,2026-04-29,Central,Software,192.64
ORD-003165,2026-04-29,Central,Software,97.48
ORD-003166,2026-04-29,Central,Accessories,45.94
ORD-003167,2026-04-29,Central,Services,351.60
ORD-003168,2026-04-29,Central,Services,665.80
ORD-003169,2026-04-29,Central,Software,315.47
ORD-003170,2026-04-29,Central,Accessories,36.76
ORD-003171,2026-04-29,Central,Software,249.89
ORD-003172,2026-04-29,Central,Hardware,735.78
ORD-003173,2026-04-29,Central,Hardware,391.23
ORD-003174,2026-04-29,Central,Services,340.28
ORD-003175,2026-04-29,Central,Software,253.12
ORD-003176,2026-04-29,Central,Services,461.81
ORD-003177,2026-04-29,Central,Hardware,211.71
ORD-003178,2026-04-29,Central,Software,221.74
ORD-003179,2026-04-29,Central,Accessories,28.57
ORD-003180,2026-04-29,Central,Hardware,542.50
ORD-003181,2026-04-29,Central,Services,890.84
ORD-003182,2026-04-29,South,Software,82.03
ORD-003183,2026-04-29,South,Hardware,192.89
ORD-003184,2026-04-29,South,Hardware,149.18
ORD-003185,2026-04-29,South,Accessories,11.93
ORD-003186,2026-04-29,South,Hardware,208.20
ORD-003187,2026-04-29,South,Services,919.06
ORD-003188,2026-04-29,South,Accessories,29.88
ORD-003189,2026-04-29,South,Services,1138.74
ORD-003190,2026-04-29,South,Software,205.92
ORD-003191,2026-04-29,South,Hardware,520.48
ORD-003192,2026-04-29,South,Accessories,84.94
ORD-003193,2026-04-29,South,Accessories,26.75
ORD-003194,2026-04-29,South,Accessories,50.59
ORD-003195,2026-04-29,South,Software,180.77
ORD-003196,2026-04-29,South,Hardware,368.87
ORD-003197,2026-04-29,South,Software,179.65
ORD-003198,2026-04-29,South,Accessories,80.21
ORD-003199,2026-04-29,South,Software,153.42
ORD-003200,2026-04-29,South,Accessories,17.58
ORD-003201,2026-04-29,South,Accessories,23.54
ORD-003202,2026-04-29,South,Services,544.92
ORD-003203,2026-04-29,South,Services,425.62
ORD-003204,2026-04-29,South,Hardware,204.31
ORD-003205,2026-04-29,South,Services,971.37
ORD-003206,2026-04-29,South,Software,123.28
ORD-003207,2026-04-29,South,Hardware,402.79
ORD-003208,2026-04-29,South,Software,105.26
ORD-003209,2026-04-29,South,Services,284.11
ORD-003210,2026-04-29,South,Hardware,195.14
ORD-003211,2026-04-29,South,Accessories,93.80
ORD-003212,2026-04-29,South,Software,92.64
ORD-003213,2026-04-30,North,Services,377.92
ORD-003214,2026-04-30,North,Services,2517.22
ORD-003215,2026-04-30,North,Accessories,45.56
ORD-003216,2026-04-30,North,Hardware,336.67
ORD-003217,2026-04-30,North,Software,240.93
ORD-003218,2026-04-30,North,Software,167.14
ORD-003219,2026-04-30,North,Software,184.21
ORD-003220,2026-04-30,North,Hardware,542.82
ORD-003221,2026-04-30,North,Hardware,183.02
ORD-003222,2026-04-30,North,Accessories,44.70
ORD-003223,2026-04-30,North,Services,468.94
ORD-003224,2026-04-30,North,Accessories,33.66
ORD-003225,2026-04-30,North,Hardware,129.50
ORD-003226,2026-04-30,North,Hardware,491.39
ORD-003227,2026-04-30,North,Accessories,55.67
ORD-003228,2026-04-30,North,Services,507.55
ORD-003229,2026-04-30,North,Software,76.38
ORD-003230,2026-04-30,North,Hardware,239.94
ORD-003231,2026-04-30,North,Hardware,383.62
ORD-003232,2026-04-30,North,,403.45
ORD-003233,2026-04-30,North,Hardware,215.75
ORD-003234,2026-04-30,North,Accessories,31.53
ORD-003235,2026-04-30,North,Software,143.96
ORD-003236,2026-04-30,North,Hardware,783.25
ORD-003237,2026-04-30,North,Hardware,891.67
ORD-003238,2026-04-30,North,Services,544.00
ORD-003239,2026-04-30,North,Accessories,65.09
ORD-003240,2026-04-30,North,Accessories,21.91
ORD-003241,2026-04-30,North,Hardware,482.54
ORD-003242,2026-04-30,North,Software,91.99
ORD-003243,2026-04-30,North,Hardware,178.26
ORD-003244,2026-04-30,North,Services,626.23
ORD-003245,2026-04-30,North,Hardware,278.92
ORD-003246,2026-04-30,North,Accessories,26.94
ORD-003247,2026-04-30,North,Accessories,105.50
ORD-003248,2026-04-30,North,Accessories,73.12
ORD-003249,2026-04-30,North,Hardware,287.37
ORD-003250,2026-04-30,North,Services,169.79
ORD-003251,2026-04-30,North,Software,314.45
ORD-003252,2026-04-30,North,Services,1278.62
ORD-003253,2026-04-30,North,Hardware,204.81
ORD-003254,2026-04-30,North,Hardware,246.33
ORD-003255,2026-04-30,North,Software,414.75
ORD-003256,2026-04-30,North,Hardware,368.92
ORD-003257,2026-04-30,North,Hardware,310.68
ORD-003258,2026-04-30,North,Software,374.60
ORD-003259,2026-04-30,North,Software,258.09
ORD-003260,2026-04-30,North,Hardware,343.56
ORD-003261,2026-04-30,North,Hardware,968.84
ORD-003262,2026-04-30,North,Accessories,46.69
ORD-003263,2026-04-30,North,Accessories,17.45
ORD-003264,2026-04-30,Central,Software,117.40
ORD-003265,2026-04-30,Central,Accessories,131.70
ORD-003266,2026-04-30,Central,Software,64.09
ORD-003267,2026-04-30,Central,Accessories,40.98
ORD-003268,2026-04-30,Central,Services,278.26
ORD-003269,2026-04-30,Central,Hardware,511.44
ORD-003270,2026-04-30,Central,Software,184.66
ORD-003271,2026-04-30,Central,Hardware,392.78
ORD-003272,2026-04-30,Central,Hardware,525.52
ORD-003273,2026-04-30,Central,Accessories,21.45
ORD-003274,2026-04-30,Central,Accessories,26.30
ORD-003275,2026-04-30,Central,Accessories,45.36
ORD-003276,2026-04-30,Central,Software,82.40
ORD-003277,2026-04-30,Central,Accessories,16.75
ORD-003278,2026-04-30,Central,Software,115.21
ORD-003279,2026-04-30,Central,Services,626.71
ORD-003280,2026-04-30,Central,Software,133.09
ORD-003281,2026-04-30,Central,Software,103.52
ORD-003282,2026-04-30,Central,Accessories,98.67
ORD-003283,2026-04-30,Central,Accessories,26.59
ORD-003284,2026-04-30,Central,Accessories,157.91
ORD-003285,2026-04-30,Central,Services,640.24
ORD-003286,2026-04-30,Central,Services,980.65
ORD-003287,2026-04-30,Central,Accessories,67.35
ORD-003288,2026-04-30,Central,Hardware,97.37
ORD-003289,2026-04-30,Central,Software,195.52
ORD-003290,2026-04-30,Central,Hardware,146.37
ORD-003291,2026-04-30,Central,Hardware,298.12
ORD-003292,2026-04-30,Central,Software,365.20
ORD-003293,2026-04-30,Central,Accessories,10.83
ORD-003294,2026-04-30,Central,Hardware,245.35
ORD-003295,2026-04-30,Central,Accessories,19.38
ORD-003296,2026-04-30,Central,Services,777.66
ORD-003297,2026-04-30,Central,Hardware,508.10
ORD-003298,2026-04-30,Central,Accessories,32.28
ORD-003299,2026-04-30,Central,Hardware,251.03
ORD-003300,2026-04-30,Central,Hardware,437.27
ORD-003301,2026-04-30,Central,Software,279.65
ORD-003302,2026-04-30,Central,Services,520.45
ORD-003303,2026-04-30,Central,Software,69.72
ORD-003304,2026-04-30,Central,Hardware,201.70
ORD-003305,2026-04-30,Central,Hardware,239.74
ORD-003306,2026-04-30,Central,Hardware,76.59
ORD-003307,2026-04-30,Central,Accessories,24.53
ORD-003308,2026-04-30,Central,Hardware,208.62
ORD-003309,2026-04-30,Central,Services,643.79
ORD-003310,2026-04-30,Central,Software,193.39
ORD-003311,2026-04-30,South,Hardware,383.22
ORD-003312,2026-04-30,South,Accessories,43.40
ORD-003313,2026-04-30,South,Hardware,291.95
ORD-003314,2026-04-30,South,Software,108.56
ORD-003315,2026-04-30,South,Software,124.81
ORD-003316,2026-04-30,South,Hardware,510.96
ORD-003317,2026-04-30,South,Hardware,312.67
ORD-003318,2026-04-30,South,Software,95.72
ORD-003319,2026-04-30,South,Hardware,301.40
ORD-003320,2026-04-30,South,Accessories,35.05
ORD-003321,2026-04-30,South,Accessories,176.85
ORD-003322,2026-04-30,South,,223.49
ORD-003323,2026-04-30,South,Software,69.53
ORD-003324,2026-04-30,South,Accessories,115.77
ORD-003325,2026-04-30,South,Hardware,272.23
ORD-003326,2026-04-30,South,Software,282.68
ORD-003327,2026-04-30,South,Services,617.45
ORD-003328,2026-04-30,South,Hardware,109.26
ORD-003329,2026-04-30,South,Accessories,26.26
ORD-003330,2026-04-30,South,Accessories,39.18
ORD-003331,2026-04-30,South,Services,442.62
ORD-003332,2026-04-30,South,Accessories,27.49
ORD-003333,2026-04-30,South,Services,721.98
ORD-003334,2026-04-30,South,Services,632.53
ORD-003335,2026-04-30,South,Hardware,236.53
ORD-003336,2026-04-30,South,Hardware,247.49
ORD-003337,2026-04-30,South,Services,473.94
ORD-003338,2026-04-30,South,Software,121.59
ORD-003339,2026-04-30,South,Accessories,97.44
ORD-003340,2026-04-30,South,Accessories,19.50
ORD-003341,2026-04-30,South,Services,424.72
ORD-003342,2026-04-30,South,Services,575.43
ORD-003343,2026-04-30,South,Software,381.78
ORD-003344,2026-04-30,South,Software,341.27
ORD-003345,2026-05-01,North,Accessories,70.30
ORD-003346,2026-05-01,North,Accessories,34.32
ORD-003347,2026-05-01,North,Software,230.98
ORD-003348,2026-05-01,North,Accessories,40.09
ORD-003349,2026-05-01,North,Hardware,568.80
ORD-003350,2026-05-01,North,Software,69.67
ORD-003351,2026-05-01,North,Accessories,59.48
ORD-003352,2026-05-01,North,Hardware,211.26
ORD-003353,2026-05-01,North,Accessories,44.09
ORD-003354,2026-05-01,North,Software,363.31
ORD-003355,2026-05-01,North,Services,563.36
ORD-003356,2026-05-01,North,Services,1046.39
ORD-003357,2026-05-01,North,Software,96.03
ORD-003358,2026-05-01,North,Hardware,467.47
ORD-003359,2026-05-01,North,Services,258.92
ORD-003360,2026-05-01,North,Software,118.40
ORD-003361,2026-05-01,North,Software,90.47
ORD-003362,2026-05-01,North,Services,352.44
ORD-003363,2026-05-01,North,Hardware,1079.16
ORD-003364,2026-05-01,North,Software,74.89
ORD-003365,2026-05-01,North,Hardware,635.83
ORD-003366,2026-05-01,North,Services,1013.57
ORD-003367,2026-05-01,North,Accessories,38.75
ORD-003368,2026-05-01,North,Software,74.67
ORD-003369,2026-05-01,North,Accessories,23.53
ORD-003370,2026-05-01,North,Services,451.60
ORD-003371,2026-05-01,North,Services,288.87
ORD-003372,2026-05-01,North,Accessories,26.51
ORD-003373,2026-05-01,North,Software,118.84
ORD-003374,2026-05-01,North,Hardware,283.11
ORD-003375,2026-05-01,North,Hardware,198.86
ORD-003376,2026-05-01,North,Accessories,19.32
ORD-003377,2026-05-01,North,Accessories,44.08
ORD-003378,2026-05-01,North,Accessories,55.47
ORD-003379,2026-05-01,North,Accessories,77.96
ORD-003380,2026-05-01,North,Accessories,130.50
ORD-003381,2026-05-01,North,Services,673.06
ORD-003382,2026-05-01,North,Accessories,86.74
ORD-003383,2026-05-01,North,Accessories,182.65
ORD-003384,2026-05-01,Central,Software,258.77
ORD-003385,2026-05-01,Central,Services,488.55
ORD-003386,2026-05-01,Central,Software,108.56
ORD-003387,2026-05-01,Central,Accessories,29.06
ORD-003388,2026-05-01,Central,Hardware,570.39
ORD-003389,2026-05-01,Central,Services,911.16
ORD-003390,2026-05-01,Central,Software,127.99
ORD-003391,2026-05-01,Central,Hardware,448.03
ORD-003392,2026-05-01,Central,Hardware,457.00
ORD-003393,2026-05-01,Central,Accessories,28.78
ORD-003394,2026-05-01,Central,Accessories,20.49
ORD-003395,2026-05-01,Central,Hardware,627.41
ORD-003396,2026-05-01,Central,Services,477.67
ORD-003397,2026-05-01,Central,Software,149.19
ORD-003398,2026-05-01,Central,Services,443.25
ORD-003399,2026-05-01,Central,Software,128.96
ORD-003400,2026-05-01,Central,Accessories,47.86
ORD-003401,2026-05-01,Central,Hardware,177.34
ORD-003402,2026-05-01,Central,Hardware,165.61
ORD-003403,2026-05-01,Central,Services,821.86
ORD-003404,2026-05-01,Central,Accessories,40.40
ORD-003405,2026-05-01,Central,Hardware,676.87
ORD-003406,2026-05-01,Central,Services,527.78
ORD-003407,2026-05-01,Central,Software,105.02
ORD-003408,2026-05-01,Central,Services,430.01
ORD-003409,2026-05-01,Central,Hardware,154.21
ORD-003410,2026-05-01,Central,Accessories,42.99
ORD-003411,2026-05-01,Central,,700.83
ORD-003412,2026-05-01,Central,Software,153.93
ORD-003413,2026-05-01,Central,Accessories,34.32
ORD-003414,2026-05-01,Central,Accessories,46.86
ORD-003415,2026-05-01,Central,Accessories,92.57
ORD-003416,2026-05-01,Central,Services,650.89
ORD-003417,2026-05-01,Central,Services,533.72
ORD-003418,2026-05-01,Central,Software,195.68
ORD-003419,2026-05-01,Central,Hardware,434.95
ORD-003420,2026-05-01,Central,Accessories,23.91
ORD-003421,2026-05-01,Central,,16.25
ORD-003422,2026-05-01,Central,Software,136.35
ORD-003423,2026-05-01,Central,Hardware,427.27
ORD-003424,2026-05-01,Central,Hardware,163.00
ORD-003425,2026-05-01,Central,Hardware,260.96
ORD-003426,2026-05-01,Central,Accessories,30.40
ORD-003427,2026-05-01,Central,Hardware,184.82
ORD-003428,2026-05-01,Central,Accessories,37.47
ORD-003429,2026-05-01,Central,Hardware,168.34
ORD-003430,2026-05-01,South,Hardware,695.62
ORD-003431,2026-05-01,South,Hardware,257.78
ORD-003432,2026-05-01,South,Hardware,295.15
ORD-003433,2026-05-01,South,Accessories,89.47
ORD-003434,2026-05-01,South,Accessories,26.03
ORD-003435,2026-05-01,South,Services,350.37
ORD-003436,2026-05-01,South,Hardware,164.51
ORD-003437,2026-05-01,South,Accessories,46.20
ORD-003438,2026-05-01,South,Services,304.14
ORD-003439,2026-05-01,South,Accessories,15.92
ORD-003440,2026-05-01,South,Hardware,307.20
ORD-003441,2026-05-01,South,Software,183.77
ORD-003442,2026-05-01,South,Services,249.07
ORD-003443,2026-05-01,South,Services,393.46
ORD-003444,2026-05-01,South,,2028.44
ORD-003445,2026-05-01,South,Software,88.54
ORD-003446,2026-05-01,South,Accessories,25.48
ORD-003447,2026-05-01,South,Services,624.40
ORD-003448,2026-05-01,South,Hardware,254.42
ORD-003449,2026-05-01,South,Accessories,58.83
ORD-003450,2026-05-01,South,Hardware,411.55
ORD-003451,2026-05-01,South,Hardware,626.38
ORD-003452,2026-05-01,South,Services,1145.04
ORD-003453,2026-05-01,South,Accessories,22.96
ORD-003454,2026-05-01,South,Services,633.40
ORD-003455,2026-05-02,North,Hardware,219.36
ORD-003456,2026-05-02,North,Software,310.74
ORD-003457,2026-05-02,North,Accessories,56.84
ORD-003458,2026-05-02,North,Software,238.61
ORD-003459,2026-05-02,North,Hardware,360.08
ORD-003460,2026-05-02,North,Accessories,31.79
ORD-003461,2026-05-02,North,Hardware,1775.29
ORD-003462,2026-05-02,North,Accessories,12.98
ORD-003463,2026-05-02,North,Hardware,411.45
ORD-003464,2026-05-02,North,Hardware,351.74
ORD-003465,2026-05-02,North,Hardware,314.95
ORD-003466,2026-05-02,North,Accessories,41.67
ORD-003467,2026-05-02,North,Software,83.66
ORD-003468,2026-05-02,North,Accessories,58.99
ORD-003469,2026-05-02,North,Software,76.32
ORD-003470,2026-05-02,North,,45.12
ORD-003471,2026-05-02,North,Accessories,38.07
ORD-003472,2026-05-02,North,Hardware,661.91
ORD-003473,2026-05-02,North,Accessories,33.32
ORD-003474,2026-05-02,North,Services,425.73
ORD-003475,2026-05-02,North,Services,256.26
ORD-003476,2026-05-02,North,Accessories,20.01
ORD-003477,2026-05-02,North,Accessories,29.83
ORD-003478,2026-05-02,North,Accessories,60.37
ORD-003479,2026-05-02,North,Accessories,23.25
ORD-003480,2026-05-02,North,Services,942.61
ORD-003481,2026-05-02,North,Accessories,8.60
ORD-003482,2026-05-02,North,Hardware,527.58
ORD-003483,2026-05-02,North,Services,529.12
ORD-003484,2026-05-02,North,Services,333.17
ORD-003485,2026-05-02,North,Services,489.86
ORD-003486,2026-05-02,North,Accessories,23.61
ORD-003487,2026-05-02,North,Hardware,369.86
ORD-003488,2026-05-02,North,Hardware,413.59
ORD-003489,2026-05-02,North,Hardware,284.57
ORD-003490,2026-05-02,Central,Accessories,24.97
ORD-003491,2026-05-02,Central,Hardware,196.65
ORD-003492,2026-05-02,Central,Software,73.54
ORD-003493,2026-05-02,Central,Hardware,223.25
ORD-003494,2026-05-02,Central,Software,267.30
ORD-003495,2026-05-02,Central,Accessories,75.58
ORD-003496,2026-05-02,Central,Software,176.89
ORD-003497,2026-05-02,Central,Hardware,153.20
ORD-003498,2026-05-02,Central,Hardware,75.10
ORD-003499,2026-05-02,Central,Accessories,37.22
ORD-003500,2026-05-02,Central,Services,1047.27
ORD-003501,2026-05-02,Central,Services,362.54
ORD-003502,2026-05-02,Central,Software,254.98
ORD-003503,2026-05-02,Central,Services,517.26
ORD-003504,2026-05-02,Central,Accessories,40.58
ORD-003505,2026-05-02,Central,Accessories,36.98
ORD-003506,2026-05-02,Central,Software,263.80
ORD-003507,2026-05-02,Central,Hardware,144.54
ORD-003508,2026-05-02,Central,Accessories,67.35
ORD-003509,2026-05-02,Central,Accessories,119.78
ORD-003510,2026-05-02,Central,Services,464.74
ORD-003511,2026-05-02,Central,Services,326.10
ORD-003512,2026-05-02,Central,Services,720.16
ORD-003513,2026-05-02,Central,Hardware,451.78
ORD-003514,2026-05-02,Central,Services,345.99
ORD-003515,2026-05-02,Central,Hardware,184.06
ORD-003516,2026-05-02,Central,Services,337.06
ORD-003517,2026-05-02,Central,Accessories,47.73
ORD-003518,2026-05-02,Central,Services,234.21
ORD-003519,2026-05-02,Central,Services,329.49
ORD-003520,2026-05-02,Central,Hardware,134.41
ORD-003521,2026-05-02,Central,Services,263.83
ORD-003522,2026-05-02,Central,Hardware,206.33
ORD-003523,2026-05-02,South,Hardware,282.50
ORD-003524,2026-05-02,South,Accessories,168.27
ORD-003525,2026-05-02,South,Hardware,228.89
ORD-003526,2026-05-02,South,Accessories,112.92
ORD-003527,2026-05-02,South,Hardware,385.42
ORD-003528,2026-05-02,South,Hardware,369.27
ORD-003529,2026-05-02,South,Software,84.21
ORD-003530,2026-05-02,South,Software,197.20
ORD-003531,2026-05-02,South,Accessories,27.36
ORD-003532,2026-05-02,South,,102.34
ORD-003533,2026-05-02,South,Accessories,12.03
ORD-003534,2026-05-02,South,Accessories,44.19
ORD-003535,2026-05-02,South,Hardware,354.99
ORD-003536,2026-05-02,South,Accessories,61.63
ORD-003537,2026-05-02,South,Accessories,25.16
ORD-003538,2026-05-02,South,Hardware,366.78
ORD-003539,2026-05-02,South,Software,169.76
ORD-003540,2026-05-02,South,Hardware,423.74
ORD-003541,2026-05-02,South,Accessories,20.58
ORD-003542,2026-05-02,South,Software,101.86
ORD-003543,2026-05-02,South,Hardware,799.08
ORD-003544,2026-05-02,South,Hardware,144.41
ORD-003545,2026-05-02,South,Hardware,138.07
ORD-003546,2026-05-02,South,,161.68
ORD-003547,2026-05-02,South,Services,649.38
ORD-003548,2026-05-02,South,Services,312.41
ORD-003549,2026-05-02,South,,464.24
ORD-003550,2026-05-02,South,Software,61.93
ORD-003551,2026-05-03,North,Services,725.75
ORD-003552,2026-05-03,North,Services,589.77
ORD-003553,2026-05-03,North,Hardware,226.32
ORD-003554,2026-05-03,North,Accessories,36.90
ORD-003555,2026-05-03,North,Accessories,107.99
ORD-003556,2026-05-03,North,Software,202.31
ORD-003557,2026-05-03,North,Accessories,97.77
ORD-003558,2026-05-03,North,Services,483.77
ORD-003559,2026-05-03,North,Services,678.16
ORD-003560,2026-05-03,North,Accessories,149.33
ORD-003561,2026-05-03,North,Accessories,12.25
ORD-003562,2026-05-03,North,Software,106.95
ORD-003563,2026-05-03,North,Software,65.79
ORD-003564,2026-05-03,North,Accessories,44.06
ORD-003565,2026-05-03,North,Accessories,34.63
ORD-003566,2026-05-03,North,Services,478.01
ORD-003567,2026-05-03,North,Accessories,40.96
ORD-003568,2026-05-03,North,Accessories,28.14
ORD-003569,2026-05-03,North,Software,50.73
ORD-003570,2026-05-03,North,Hardware,551.06
ORD-003571,2026-05-03,North,Services,975.40
ORD-003572,2026-05-03,North,Hardware,349.90
ORD-003573,2026-05-03,North,Software,62.40
ORD-003574,2026-05-03,North,Hardware,848.66
ORD-003575,2026-05-03,North,Hardware,210.48
ORD-003576,2026-05-03,North,Hardware,457.56
ORD-003577,2026-05-03,North,Hardware,653.55
ORD-003578,2026-05-03,North,Services,407.95
ORD-003579,2026-05-03,North,Hardware,704.37
ORD-003580,2026-05-03,North,Hardware,366.58
ORD-003581,2026-05-03,North,Services,586.94
ORD-003582,2026-05-03,North,Software,140.54
ORD-003583,2026-05-03,North,Accessories,64.78
ORD-003584,2026-05-03,North,Accessories,38.77
ORD-003585,2026-05-03,North,Hardware,804.81
ORD-003586,2026-05-03,North,Software,169.65
ORD-003587,2026-05-03,North,Services,206.54
ORD-003588,2026-05-03,North,Accessories,29.98
ORD-003589,2026-05-03,North,Software,58.60
ORD-003590,2026-05-03,North,Software,331.11
ORD-003591,2026-05-03,Central,Hardware,723.65
ORD-003592,2026-05-03,Central,Software,63.91
ORD-003593,2026-05-03,Central,Hardware,360.05
ORD-003594,2026-05-03,Central,Hardware,653.99
ORD-003595,2026-05-03,Central,Accessories,32.23
ORD-003596,2026-05-03,Central,Accessories,24.07
ORD-003597,2026-05-03,Central,Hardware,794.06
ORD-003598,2026-05-03,Central,Hardware,164.08
ORD-003599,2026-05-03,Central,Hardware,216.71
ORD-003600,2026-05-03,Central,Software,86.41
ORD-003601,2026-05-03,Central,Hardware,235.80
ORD-003602,2026-05-03,Central,Hardware,565.61
ORD-003603,2026-05-03,Central,Software,111.06
ORD-003604,2026-05-03,Central,Accessories,51.59
ORD-003605,2026-05-03,Central,Hardware,389.26
ORD-003606,2026-05-03,Central,Hardware,484.89
ORD-003607,2026-05-03,Central,Hardware,505.23
ORD-003608,2026-05-03,Central,Accessories,22.32
ORD-003609,2026-05-03,Central,Accessories,13.00
ORD-003610,2026-05-03,Central,Services,224.40
ORD-003611,2026-05-03,Central,Services,790.79
ORD-003612,2026-05-03,Central,Services,1173.71
ORD-003613,2026-05-03,Central,Services,449.50
ORD-003614,2026-05-03,Central,Software,106.54
ORD-003615,2026-05-03,Central,Software,125.95
ORD-003616,2026-05-03,Central,Software,236.15
ORD-003617,2026-05-03,Central,Hardware,320.91
ORD-003618,2026-05-03,Central,Services,430.58
ORD-003619,2026-05-03,Central,Accessories,33.09
ORD-003620,2026-05-03,Central,Hardware,780.40
ORD-003621,2026-05-03,Central,Accessories,36.73
ORD-003622,2026-05-03,Central,Hardware,326.92
ORD-003623,2026-05-03,Central,Accessories,88.07
ORD-003624,2026-05-03,Central,Hardware,124.13
ORD-003625,2026-05-03,Central,Software,166.86
ORD-003626,2026-05-03,Central,Accessories,9.89
ORD-003627,2026-05-03,Central,Accessories,36.23
ORD-003628,2026-05-03,Central,Hardware,442.91
ORD-003629,2026-05-03,Central,Hardware,345.20
ORD-003630,2026-05-03,Central,Software,349.26
ORD-003631,2026-05-03,Central,Services,334.69
ORD-003632,2026-05-03,Central,Accessories,41.26
ORD-003633,2026-05-03,Central,Hardware,265.31
ORD-003634,2026-05-03,Central,Software,75.28
ORD-003635,2026-05-03,Central,Accessories,29.18
ORD-003636,2026-05-03,Central,Services,199.36
ORD-003637,2026-05-03,South,Services,479.18
ORD-003638,2026-05-03,South,Hardware,172.08
ORD-003639,2026-05-03,South,Software,50.67
ORD-003640,2026-05-03,South,Accessories,26.68
ORD-003641,2026-05-03,South,Services,695.69
ORD-003642,2026-05-03,South,Accessories,40.42
ORD-003643,2026-05-03,South,Services,285.08
ORD-003644,2026-05-03,South,Software,134.89
ORD-003645,2026-05-03,South,Software,196.61
ORD-003646,2026-05-03,South,,260.26
ORD-003647,2026-05-03,South,Software,189.15
ORD-003648,2026-05-03,South,Hardware,933.95
ORD-003649,2026-05-03,South,Hardware,439.62
ORD-003650,2026-05-03,South,Software,82.01
ORD-003651,2026-05-03,South,Software,149.85
ORD-003652,2026-05-03,South,Software,147.11
ORD-003653,2026-05-03,South,Hardware,296.97
ORD-003654,2026-05-03,South,Services,439.78
ORD-003655,2026-05-03,South,Services,451.22
ORD-003656,2026-05-03,South,Accessories,50.22
ORD-003657,2026-05-03,South,Services,299.32
ORD-003658,2026-05-03,South,Software,324.21
ORD-003659,2026-05-03,South,Hardware,281.08
ORD-003660,2026-05-03,South,Hardware,133.45
ORD-003661,2026-05-03,South,Software,104.80
ORD-003662,2026-05-03,South,Software,242.85
ORD-003663,2026-05-04,North,,395.86
ORD-003664,2026-05-04,North,Services,439.71
ORD-003665,2026-05-04,North,Services,418.23
ORD-003666,2026-05-04,North,Hardware,639.40
ORD-003667,2026-05-04,North,Hardware,540.18
ORD-003668,2026-05-04,North,Hardware,313.50
ORD-003669,2026-05-04,North,Hardware,222.11
ORD-003670,2026-05-04,North,Services,466.87
ORD-003671,2026-05-04,North,Accessories,32.55
ORD-003672,2026-05-04,North,Accessories,47.31
ORD-003673,2026-05-04,North,Services,262.48
ORD-003674,2026-05-04,North,Software,102.70
ORD-003675,2026-05-04,North,Software,67.60
ORD-003676,2026-05-04,North,Hardware,341.59
ORD-003677,2026-05-04,North,Accessories,30.10
ORD-003678,2026-05-04,North,Accessories,26.37
ORD-003679,2026-05-04,North,Hardware,382.80
ORD-003680,2026-05-04,North,Services,451.55
ORD-003681,2026-05-04,North,Software,194.21
ORD-003682,2026-05-04,North,Hardware,456.00
ORD-003683,2026-05-04,North,Hardware,492.84
ORD-003684,2026-05-04,North,Hardware,257.81
ORD-003685,2026-05-04,North,Services,246.90
ORD-003686,2026-05-04,North,Accessories,34.07
ORD-003687,2026-05-04,North,Hardware,228.92
ORD-003688,2026-05-04,North,Software,140.31
ORD-003689,2026-05-04,North,Software,130.08
ORD-003690,2026-05-04,North,Services,238.88
ORD-003691,2026-05-04,North,Hardware,154.03
ORD-003692,2026-05-04,North,Software,157.47
ORD-003693,2026-05-04,North,Hardware,261.14
ORD-003694,2026-05-04,North,Services,188.48
ORD-003695,2026-05-04,North,Services,1765.98
ORD-003696,2026-05-04,North,Accessories,18.78
ORD-003697,2026-05-04,North,Hardware,310.48
ORD-003698,2026-05-04,North,Services,707.81
ORD-003699,2026-05-04,North,Hardware,347.56
ORD-003700,2026-05-04,North,Hardware,443.96
ORD-003701,2026-05-04,North,Accessories,54.86
ORD-003702,2026-05-04,North,Hardware,340.32
ORD-003703,2026-05-04,North,Hardware,447.01
ORD-003704,2026-05-04,Central,Hardware,271.47
ORD-003705,2026-05-04,Central,Hardware,156.56
ORD-003706,2026-05-04,Central,Accessories,28.23
ORD-003707,2026-05-04,Central,Accessories,25.63
ORD-003708,2026-05-04,Central,Hardware,141.38
ORD-003709,2026-05-04,Central,Services,510.11
ORD-003710,2026-05-04,Central,Hardware,292.79
ORD-003711,2026-05-04,Central,Services,711.82
ORD-003712,2026-05-04,Central,Software,39.75
ORD-003713,2026-05-04,Central,Software,114.26
ORD-003714,2026-05-04,Central,Hardware,452.96
ORD-003715,2026-05-04,Central,Software,28.34
ORD-003716,2026-05-04,Central,Accessories,40.79
ORD-003717,2026-05-04,Central,Hardware,197.73
ORD-003718,2026-05-04,Central,Services,832.85
ORD-003719,2026-05-04,Central,Software,47.66
ORD-003720,2026-05-04,Central,Accessories,62.32
ORD-003721,2026-05-04,Central,Services,383.87
ORD-003722,2026-05-04,Central,Hardware,441.62
ORD-003723,2026-05-04,Central,Accessories,28.53
ORD-003724,2026-05-04,Central,Services,1177.41
ORD-003725,2026-05-04,Central,Services,635.24
ORD-003726,2026-05-04,Central,Accessories,46.95
ORD-003727,2026-05-04,Central,Software,83.79
ORD-003728,2026-05-04,Central,Accessories,29.67
ORD-003729,2026-05-04,Central,Hardware,165.69
ORD-003730,2026-05-04,Central,Software,85.11
ORD-003731,2026-05-04,Central,,114.50
ORD-003732,2026-05-04,Central,Hardware,205.68
ORD-003733,2026-05-04,Central,Hardware,656.94
ORD-003734,2026-05-04,Central,Software,260.55
ORD-003735,2026-05-04,Central,Software,106.06
ORD-003736,2026-05-04,Central,Software,174.24
ORD-003737,2026-05-04,Central,Software,78.70
ORD-003738,2026-05-04,Central,Services,322.44
ORD-003739,2026-05-04,Central,Hardware,349.72
ORD-003740,2026-05-04,Central,Accessories,38.18
ORD-003741,2026-05-04,Central,Hardware,179.18
ORD-003742,2026-05-04,Central,Software,139.88
ORD-003743,2026-05-04,South,Software,215.50
ORD-003744,2026-05-04,South,Hardware,263.80
ORD-003745,2026-05-04,South,Hardware,182.41
ORD-003746,2026-05-04,South,,964.62
ORD-003747,2026-05-04,South,Hardware,214.21
ORD-003748,2026-05-04,South,Hardware,573.94
ORD-003749,2026-05-04,South,Accessories,102.12
ORD-003750,2026-05-04,South,Software,98.50
ORD-003751,2026-05-04,South,Accessories,61.37
ORD-003752,2026-05-04,South,Software,123.06
ORD-003753,2026-05-04,South,Hardware,451.07
ORD-003754,2026-05-04,South,Software,236.71
ORD-003755,2026-05-04,South,Hardware,644.78
ORD-003756,2026-05-04,South,Software,56.30
ORD-003757,2026-05-04,South,Hardware,282.79
ORD-003758,2026-05-04,South,Services,334.37
ORD-003759,2026-05-04,South,Software,189.44
ORD-003760,2026-05-04,South,Accessories,17.59
ORD-003761,2026-05-04,South,Hardware,194.73
ORD-003762,2026-05-04,South,Software,193.23
ORD-003763,2026-05-04,South,Accessories,22.16
ORD-003764,2026-05-04,South,Hardware,114.48
ORD-003765,2026-05-04,South,Accessories,28.91
ORD-003766,2026-05-04,South,Services,253.81
ORD-003767,2026-05-04,South,Accessories,37.43
ORD-003768,2026-05-04,South,Accessories,18.28
ORD-003769,2026-05-04,South,Services,465.92
ORD-003770,2026-05-04,South,Hardware,330.98
ORD-003771,2026-05-04,South,Hardware,363.00
ORD-003772,2026-05-04,South,Hardware,216.03
ORD-003773,2026-05-04,South,Hardware,317.03
ORD-003774,2026-05-04,South,Accessories,90.11
ORD-003775,2026-05-05,North,Accessories,41.48
ORD-003776,2026-05-05,North,Software,101.53
ORD-003777,2026-05-05,North,Software,129.21
ORD-003778,2026-05-05,North,Software,30.00
ORD-003779,2026-05-05,North,Accessories,84.94
ORD-003780,2026-05-05,North,Services,261.48
ORD-003781,2026-05-05,North,Software,116.94
ORD-003782,2026-05-05,North,Software,182.86
ORD-003783,2026-05-05,North,Accessories,91.63
ORD-003784,2026-05-05,North,Software,208.32
ORD-003785,2026-05-05,North,Hardware,148.16
ORD-003786,2026-05-05,North,Accessories,28.17
ORD-003787,2026-05-05,North,Software,83.67
ORD-003788,2026-05-05,North,Services,220.97
ORD-003789,2026-05-05,North,Software,270.61
ORD-003790,2026-05-05,North,Accessories,56.12
ORD-003791,2026-05-05,North,Hardware,156.58
ORD-003792,2026-05-05,North,Hardware,953.74
ORD-003793,2026-05-05,North,Accessories,89.97
ORD-003794,2026-05-05,North,Accessories,137.02
ORD-003795,2026-05-05,North,Software,166.70
ORD-003796,2026-05-05,North,Accessories,43.14
ORD-003797,2026-05-05,North,Software,169.92
ORD-003798,2026-05-05,North,Software,84.56
ORD-003799,2026-05-05,North,Software,135.33
ORD-003800,2026-05-05,North,Services,1256.94
ORD-003801,2026-05-05,North,Hardware,179.68
ORD-003802,2026-05-05,North,Services,286.89
ORD-003803,2026-05-05,North,Services,441.90
ORD-003804,2026-05-05,North,Hardware,317.26
ORD-003805,2026-05-05,North,Accessories,20.58
ORD-003806,2026-05-05,North,Software,134.02
ORD-003807,2026-05-05,North,Services,627.61
ORD-003808,2026-05-05,North,Hardware,865.79
ORD-003809,2026-05-05,North,Services,976.89
ORD-003810,2026-05-05,North,Services,414.35
ORD-003811,2026-05-05,North,Services,543.61
ORD-003812,2026-05-05,North,Services,259.69
ORD-003813,2026-05-05,North,Hardware,383.12
ORD-003814,2026-05-05,North,Services,674.67
ORD-003815,2026-05-05,North,Hardware,114.44
ORD-003816,2026-05-05,North,Software,335.92
ORD-003817,2026-05-05,North,Services,1820.85
ORD-003818,2026-05-05,North,Accessories,46.97
ORD-003819,2026-05-05,North,Accessories,37.01
ORD-003820,2026-05-05,North,Accessories,83.01
ORD-003821,2026-05-05,North,Hardware,586.64
ORD-003822,2026-05-05,North,Accessories,29.74
ORD-003823,2026-05-05,North,Services,407.59
ORD-003824,2026-05-05,North,,119.27
ORD-003825,2026-05-05,Central,Services,282.87
ORD-003826,2026-05-05,Central,Software,204.02
ORD-003827,2026-05-05,Central,Software,146.82
ORD-003828,2026-05-05,Central,Accessories,24.43
ORD-003829,2026-05-05,Central,Accessories,23.63
ORD-003830,2026-05-05,Central,Accessories,49.93
ORD-003831,2026-05-05,Central,Software,229.23
ORD-003832,2026-05-05,Central,Software,84.69
ORD-003833,2026-05-05,Central,Accessories,16.60
ORD-003834,2026-05-05,Central,Accessories,32.28
ORD-003835,2026-05-05,Central,Services,265.51
ORD-003836,2026-05-05,Central,Accessories,31.58
ORD-003837,2026-05-05,Central,Accessories,45.60
ORD-003838,2026-05-05,Central,Accessories,43.50
ORD-003839,2026-05-05,Central,Software,118.40
ORD-003840,2026-05-05,Central,Accessories,41.28
ORD-003841,2026-05-05,Central,Accessories,43.32
ORD-003842,2026-05-05,Central,Services,690.23
ORD-003843,2026-05-05,Central,Hardware,636.86
ORD-003844,2026-05-05,Central,Hardware,230.56
ORD-003845,2026-05-05,Central,Software,76.39
ORD-003846,2026-05-05,Central,Hardware,186.74
ORD-003847,2026-05-05,Central,Accessories,23.55
ORD-003848,2026-05-05,Central,Services,264.65
ORD-003849,2026-05-05,Central,Services,515.90
ORD-003850,2026-05-05,Central,Accessories,20.46
ORD-003851,2026-05-05,Central,Accessories,95.06
ORD-003852,2026-05-05,Central,Services,708.15
ORD-003853,2026-05-05,Central,Hardware,230.91
ORD-003854,2026-05-05,Central,Accessories,63.81
ORD-003855,2026-05-05,Central,Services,438.66
ORD-003856,2026-05-05,Central,Services,1118.46
ORD-003857,2026-05-05,Central,Software,67.89
ORD-003858,2026-05-05,Central,Hardware,142.39
ORD-003859,2026-05-05,Central,Accessories,26.77
ORD-003860,2026-05-05,Central,Services,732.25
ORD-003861,2026-05-05,Central,Services,1912.44
ORD-003862,2026-05-05,Central,Accessories,34.03
ORD-003863,2026-05-05,Central,Software,76.79
ORD-003864,2026-05-05,Central,Services,435.98
ORD-003865,2026-05-05,Central,,112.16
ORD-003866,2026-05-05,South,Accessories,52.19
ORD-003867,2026-05-05,South,Services,452.53
ORD-003868,2026-05-05,South,Software,95.35
ORD-003869,2026-05-05,South,Hardware,184.83
ORD-003870,2026-05-05,South,Accessories,43.81
ORD-003871,2026-05-05,South,Hardware,155.51
ORD-003872,2026-05-05,South,Services,778.90
ORD-003873,2026-05-05,South,Accessories,72.77
ORD-003874,2026-05-05,South,Accessories,49.52
ORD-003875,2026-05-05,South,Software,75.51
ORD-003876,2026-05-05,South,Software,220.58
ORD-003877,2026-05-05,South,Accessories,23.30
ORD-003878,2026-05-05,South,Hardware,177.43
ORD-003879,2026-05-05,South,Hardware,351.17
ORD-003880,2026-05-05,South,Hardware,203.24
ORD-003881,2026-05-05,South,Hardware,161.62
ORD-003882,2026-05-05,South,Hardware,242.55
ORD-003883,2026-05-05,South,Services,659.76
ORD-003884,2026-05-05,South,Hardware,475.92
ORD-003885,2026-05-05,South,Hardware,252.33
ORD-003886,2026-05-05,South,,469.50
ORD-003887,2026-05-05,South,Accessories,67.15
ORD-003888,2026-05-05,South,Accessories,101.05
ORD-003889,2026-05-05,South,Services,806.65
ORD-003890,2026-05-05,South,Accessories,31.05
ORD-003891,2026-05-05,South,Accessories,57.85
ORD-003892,2026-05-05,South,Software,233.39
ORD-003893,2026-05-05,South,Hardware,270.58
ORD-003894,2026-05-05,South,Software,104.58
ORD-003895,2026-05-05,South,Software,100.39
ORD-003896,2026-05-05,South,Accessories,49.61
ORD-003897,2026-05-05,South,Hardware,354.41
ORD-003898,2026-05-05,South,Accessories,31.18
ORD-003899,2026-05-05,South,Services,489.35
ORD-003900,2026-05-05,South,Software,89.28
ORD-003901,2026-05-05,South,Accessories,33.62
ORD-003902,2026-05-05,South,Accessories,52.07
ORD-003903,2026-05-05,South,Services,412.91
ORD-003904,2026-05-05,South,Hardware,426.54
ORD-003905,2026-05-06,North,Services,824.63
ORD-003906,2026-05-06,North,Services,403.00
ORD-003907,2026-05-06,North,Accessories,15.75
ORD-003908,2026-05-06,North,Accessories,110.87
ORD-003909,2026-05-06,North,Hardware,218.37
ORD-003910,2026-05-06,North,Software,594.68
ORD-003911,2026-05-06,North,Services,375.47
ORD-003912,2026-05-06,North,Software,112.79
ORD-003913,2026-05-06,North,Accessories,31.19
ORD-003914,2026-05-06,North,Software,169.32
ORD-003915,2026-05-06,North,Accessories,31.82
ORD-003916,2026-05-06,North,Services,896.46
ORD-003917,2026-05-06,North,Accessories,51.89
ORD-003918,2026-05-06,North,Services,1030.85
ORD-003919,2026-05-06,North,Hardware,511.21
ORD-003920,2026-05-06,North,Hardware,405.13
ORD-003921,2026-05-06,North,Hardware,588.38
ORD-003922,2026-05-06,North,,859.32
ORD-003923,2026-05-06,North,Hardware,425.11
ORD-003924,2026-05-06,North,Hardware,342.28
ORD-003925,2026-05-06,North,Accessories,49.19
ORD-003926,2026-05-06,North,Accessories,31.80
ORD-003927,2026-05-06,North,Hardware,114.92
ORD-003928,2026-05-06,North,Software,147.64
ORD-003929,2026-05-06,North,,214.27
ORD-003930,2026-05-06,North,Accessories,42.24
ORD-003931,2026-05-06,North,Hardware,424.27
ORD-003932,2026-05-06,North,Services,473.34
ORD-003933,2026-05-06,North,Software,137.46
ORD-003934,2026-05-06,North,Accessories,15.17
ORD-003935,2026-05-06,North,Software,101.51
ORD-003936,2026-05-06,North,Services,707.05
ORD-003937,2026-05-06,North,Accessories,22.68
ORD-003938,2026-05-06,North,Hardware,147.17
ORD-003939,2026-05-06,North,Hardware,289.40
ORD-003940,2026-05-06,North,Accessories,34.80
ORD-003941,2026-05-06,North,Services,367.20
ORD-003942,2026-05-06,North,Hardware,372.69
ORD-003943,2026-05-06,North,Software,100.51
ORD-003944,2026-05-06,North,Accessories,32.69
ORD-003945,2026-05-06,North,Software,294.49
ORD-003946,2026-05-06,North,Hardware,563.49
ORD-003947,2026-05-06,North,Software,146.78
ORD-003948,2026-05-06,North,Hardware,85.96
ORD-003949,2026-05-06,North,Accessories,53.36
ORD-003950,2026-05-06,North,Hardware,241.39
ORD-003951,2026-05-06,North,Services,804.39
ORD-003952,2026-05-06,North,Hardware,422.67
ORD-003953,2026-05-06,North,Services,900.70
ORD-003954,2026-05-06,North,Software,153.61
ORD-003955,2026-05-06,North,Hardware,489.20
ORD-003956,2026-05-06,North,Accessories,10.25
ORD-003957,2026-05-06,North,Software,171.43
ORD-003958,2026-05-06,North,Hardware,424.34
ORD-003959,2026-05-06,North,Services,548.90
ORD-003960,2026-05-06,North,Software,175.72
ORD-003961,2026-05-06,North,Hardware,655.40
ORD-003962,2026-05-06,North,Hardware,176.47
ORD-003963,2026-05-06,North,Accessories,21.19
ORD-003964,2026-05-06,Central,Hardware,248.86
ORD-003965,2026-05-06,Central,Hardware,303.43
ORD-003966,2026-05-06,Central,Services,947.79
ORD-003967,2026-05-06,Central,Services,209.84
ORD-003968,2026-05-06,Central,Software,155.18
ORD-003969,2026-05-06,Central,Services,579.03
ORD-003970,2026-05-06,Central,Hardware,327.45
ORD-003971,2026-05-06,Central,Hardware,352.31
ORD-003972,2026-05-06,Central,Services,925.41
ORD-003973,2026-05-06,Central,Software,169.54
ORD-003974,2026-05-06,Central,Software,97.46
ORD-003975,2026-05-06,Central,Accessories,38.84
ORD-003976,2026-05-06,Central,Hardware,209.79
ORD-003977,2026-05-06,Central,Software,321.76
ORD-003978,2026-05-06,Central,Accessories,45.73
ORD-003979,2026-05-06,Central,Accessories,12.23
ORD-003980,2026-05-06,Central,Hardware,460.74
ORD-003981,2026-05-06,Central,Software,171.22
ORD-003982,2026-05-06,Central,Services,394.14
ORD-003983,2026-05-06,Central,Hardware,160.90
ORD-003984,2026-05-06,Central,Services,185.22
ORD-003985,2026-05-06,Central,Software,97.71
ORD-003986,2026-05-06,Central,Software,209.93
ORD-003987,2026-05-06,Central,Accessories,127.30
ORD-003988,2026-05-06,Central,Software,195.17
ORD-003989,2026-05-06,Central,Software,164.96
ORD-003990,2026-05-06,Central,Software,93.59
ORD-003991,2026-05-06,Central,Software,199.30
ORD-003992,2026-05-06,Central,Software,142.09
ORD-003993,2026-05-06,Central,Accessories,71.63
ORD-003994,2026-05-06,Central,Accessories,48.67
ORD-003995,2026-05-06,Central,Hardware,773.42
ORD-003996,2026-05-06,Central,Software,130.02
ORD-003997,2026-05-06,Central,Hardware,381.78
ORD-003998,2026-05-06,Central,Software,259.86
ORD-003999,2026-05-06,Central,Software,136.25
ORD-004000,2026-05-06,Central,Accessories,51.38
ORD-004001,2026-05-06,Central,Services,230.64
ORD-004002,2026-05-06,Central,Software,112.03
ORD-004003,2026-05-06,Central,Services,589.12
ORD-004004,2026-05-06,Central,Accessories,43.11
ORD-004005,2026-05-06,Central,Software,86.24
ORD-004006,2026-05-06,Central,Software,189.36
ORD-004007,2026-05-06,Central,Hardware,448.00
ORD-004008,2026-05-06,Central,Accessories,51.22
ORD-004009,2026-05-06,Central,Accessories,29.53
ORD-004010,2026-05-06,Central,Hardware,192.16
ORD-004011,2026-05-06,Central,Hardware,314.38
ORD-004012,2026-05-06,Central,Software,70.17
ORD-004013,2026-05-06,Central,Hardware,844.62
ORD-004014,2026-05-06,Central,Accessories,39.28
ORD-004015,2026-05-06,Central,Software,53.00
ORD-004016,2026-05-06,Central,Software,244.90
ORD-004017,2026-05-06,Central,Services,314.65
ORD-004018,2026-05-06,Central,Accessories,12.28
ORD-004019,2026-05-06,South,Hardware,151.88
ORD-004020,2026-05-06,South,Services,294.13
ORD-004021,2026-05-06,South,Software,147.14
ORD-004022,2026-05-06,South,Services,1024.14
ORD-004023,2026-05-06,South,Accessories,33.45
ORD-004024,2026-05-06,South,Accessories,31.11
ORD-004025,2026-05-06,South,Software,231.87
ORD-004026,2026-05-06,South,Hardware,73.26
ORD-004027,2026-05-06,South,Services,895.51
ORD-004028,2026-05-06,South,Accessories,49.12
ORD-004029,2026-05-06,South,Hardware,210.15
ORD-004030,2026-05-06,South,Hardware,265.66
ORD-004031,2026-05-06,South,Software,116.52
ORD-004032,2026-05-06,South,Accessories,14.33
ORD-004033,2026-05-06,South,Software,115.93
ORD-004034,2026-05-06,South,Hardware,179.49
ORD-004035,2026-05-06,South,Software,262.95
ORD-004036,2026-05-06,South,Software,97.19
ORD-004037,2026-05-06,South,Software,159.52
ORD-004038,2026-05-06,South,Software,150.94
ORD-004039,2026-05-06,South,Accessories,77.23
ORD-004040,2026-05-06,South,Software,197.16
ORD-004041,2026-05-06,South,Software,187.46
ORD-004042,2026-05-06,South,Software,298.32
ORD-004043,2026-05-06,South,Accessories,35.00
ORD-004044,2026-05-06,South,Hardware,164.27
ORD-004045,2026-05-06,South,Software,117.53
ORD-004046,2026-05-06,South,Hardware,292.57
ORD-004047,2026-05-06,South,Software,272.16
ORD-004048,2026-05-06,South,Software,97.53
ORD-004049,2026-05-06,South,Services,1392.58
ORD-004050,2026-05-06,South,Software,110.42
ORD-004051,2026-05-06,South,Software,230.16
ORD-004052,2026-05-06,South,Services,529.28
ORD-004053,2026-05-06,South,Accessories,7.60
ORD-004054,2026-05-06,South,Services,626.75
ORD-004055,2026-05-06,South,Hardware,499.74
ORD-004056,2026-05-07,North,Hardware,641.44
ORD-004057,2026-05-07,North,Software,55.77
ORD-004058,2026-05-07,North,Software,158.65
ORD-004059,2026-05-07,North,Accessories,23.32
ORD-004060,2026-05-07,North,Hardware,439.68
ORD-004061,2026-05-07,North,Software,117.20
ORD-004062,2026-05-07,North,Accessories,27.08
ORD-004063,2026-05-07,North,Accessories,48.62
ORD-004064,2026-05-07,North,Hardware,193.23
ORD-004065,2026-05-07,North,Software,138.90
ORD-004066,2026-05-07,North,Services,616.70
ORD-004067,2026-05-07,North,Software,173.89
ORD-004068,2026-05-07,North,Hardware,257.16
ORD-004069,2026-05-07,North,Accessories,46.82
ORD-004070,2026-05-07,North,Accessories,26.52
ORD-004071,2026-05-07,North,Hardware,413.73
ORD-004072,2026-05-07,North,Accessories,35.71
ORD-004073,2026-05-07,North,Services,485.27
ORD-004074,2026-05-07,North,Hardware,630.10
ORD-004075,2026-05-07,North,Services,458.61
ORD-004076,2026-05-07,North,Software,137.89
ORD-004077,2026-05-07,North,Software,177.29
ORD-004078,2026-05-07,North,Accessories,19.49
ORD-004079,2026-05-07,North,Software,53.78
ORD-004080,2026-05-07,North,Software,54.67
ORD-004081,2026-05-07,North,Hardware,168.37
ORD-004082,2026-05-07,North,Hardware,512.54
ORD-004083,2026-05-07,North,Hardware,524.86
ORD-004084,2026-05-07,North,Hardware,362.36
ORD-004085,2026-05-07,North,Services,343.01
ORD-004086,2026-05-07,North,Hardware,232.13
ORD-004087,2026-05-07,North,Accessories,27.13
ORD-004088,2026-05-07,North,Software,111.06
ORD-004089,2026-05-07,North,Accessories,59.79
ORD-004090,2026-05-07,North,Accessories,28.61
ORD-004091,2026-05-07,North,Software,432.08
ORD-004092,2026-05-07,North,Accessories,26.83
ORD-004093,2026-05-07,North,Hardware,158.85
ORD-004094,2026-05-07,North,Services,729.53
ORD-004095,2026-05-07,North,Accessories,62.96
ORD-004096,2026-05-07,North,Software,121.22
ORD-004097,2026-05-07,North,Hardware,333.53
ORD-004098,2026-05-07,North,Software,96.94
ORD-004099,2026-05-07,North,Accessories,72.50
ORD-004100,2026-05-07,Central,Services,437.64
ORD-004101,2026-05-07,Central,Services,452.26
ORD-004102,2026-05-07,Central,Hardware,265.72
ORD-004103,2026-05-07,Central,Accessories,85.60
ORD-004104,2026-05-07,Central,Hardware,132.31
ORD-004105,2026-05-07,Central,Services,186.08
ORD-004106,2026-05-07,Central,Accessories,47.48
ORD-004107,2026-05-07,Central,Software,231.06
ORD-004108,2026-05-07,Central,Software,309.59
ORD-004109,2026-05-07,Central,Services,768.48
ORD-004110,2026-05-07,Central,Software,194.29
ORD-004111,2026-05-07,Central,Hardware,849.65
ORD-004112,2026-05-07,Central,Accessories,50.78
ORD-004113,2026-05-07,Central,Hardware,179.51
ORD-004114,2026-05-07,Central,Hardware,259.74
ORD-004115,2026-05-07,Central,Software,100.95
ORD-004116,2026-05-07,Central,Services,1002.11
ORD-004117,2026-05-07,Central,Accessories,27.33
ORD-004118,2026-05-07,Central,Hardware,319.36
ORD-004119,2026-05-07,Central,Accessories,106.06
ORD-004120,2026-05-07,Central,Hardware,284.96
ORD-004121,2026-05-07,Central,Hardware,261.04
ORD-004122,2026-05-07,Central,Accessories,48.75
ORD-004123,2026-05-07,Central,Hardware,429.42
ORD-004124,2026-05-07,Central,Services,505.84
ORD-004125,2026-05-07,Central,Accessories,39.87
ORD-004126,2026-05-07,Central,Software,87.42
ORD-004127,2026-05-07,Central,Accessories,13.34
ORD-004128,2026-05-07,Central,Accessories,27.36
ORD-004129,2026-05-07,Central,Software,74.72
ORD-004130,2026-05-07,Central,Services,309.82
ORD-004131,2026-05-07,Central,Accessories,36.01
ORD-004132,2026-05-07,Central,Services,1036.77
ORD-004133,2026-05-07,Central,Software,132.02
ORD-004134,2026-05-07,South,Software,55.50
ORD-004135,2026-05-07,South,Services,701.65
ORD-004136,2026-05-07,South,Hardware,370.40
ORD-004137,2026-05-07,South,Services,728.16
ORD-004138,2026-05-07,South,Services,354.34
ORD-004139,2026-05-07,South,Hardware,355.28
ORD-004140,2026-05-07,South,Hardware,428.83
ORD-004141,2026-05-07,South,Software,60.31
ORD-004142,2026-05-07,South,Accessories,133.41
ORD-004143,2026-05-07,South,Hardware,538.24
ORD-004144,2026-05-07,South,Software,108.42
ORD-004145,2026-05-07,South,Software,88.51
ORD-004146,2026-05-07,South,Hardware,1052.08
ORD-004147,2026-05-07,South,Accessories,61.83
ORD-004148,2026-05-07,South,Services,517.48
ORD-004149,2026-05-07,South,Accessories,61.05
ORD-004150,2026-05-07,South,Accessories,37.26
ORD-004151,2026-05-07,South,Accessories,36.24
ORD-004152,2026-05-07,South,Accessories,31.89
ORD-004153,2026-05-07,South,Services,987.54
ORD-004154,2026-05-07,South,Hardware,247.32
ORD-004155,2026-05-07,South,Software,183.48
ORD-004156,2026-05-07,South,Accessories,73.66
ORD-004157,2026-05-07,South,Hardware,596.00
ORD-004158,2026-05-07,South,Accessories,82.71
ORD-004159,2026-05-07,South,Accessories,25.22
ORD-004160,2026-05-07,South,Hardware,118.92
ORD-004161,2026-05-07,South,Hardware,257.50
ORD-004162,2026-05-07,South,Hardware,322.45
ORD-004163,2026-05-07,South,Hardware,181.01
ORD-004164,2026-05-07,South,Accessories,57.17
ORD-004165,2026-05-07,South,Software,53.05
ORD-004166,2026-05-07,South,Accessories,85.72
ORD-004167,2026-05-07,South,Services,410.96
ORD-004168,2026-05-07,South,Services,442.62
ORD-004169,2026-05-07,South,Services,406.19
ORD-004170,2026-05-07,South,Accessories,41.45
ORD-004171,2026-05-07,South,Accessories,36.48
ORD-004172,2026-05-07,South,Software,125.17
ORD-004173,2026-05-07,South,Accessories,88.57
ORD-004174,2026-05-07,South,Accessories,39.82
ORD-004175,2026-05-07,South,Accessories,69.93
ORD-004176,2026-05-07,South,Hardware,299.33
ORD-004177,2026-05-08,North,Services,367.24
ORD-004178,2026-05-08,North,Services,1334.42
ORD-004179,2026-05-08,North,Accessories,116.51
ORD-004180,2026-05-08,North,Services,426.74
ORD-004181,2026-05-08,North,Hardware,378.31
ORD-004182,2026-05-08,North,Software,287.71
ORD-004183,2026-05-08,North,Services,1035.70
ORD-004184,2026-05-08,North,Hardware,763.89
ORD-004185,2026-05-08,North,Accessories,24.07
ORD-004186,2026-05-08,North,Software,208.23
ORD-004187,2026-05-08,North,Software,215.72
ORD-004188,2026-05-08,North,Hardware,93.48
ORD-004189,2026-05-08,North,Services,187.05
ORD-004190,2026-05-08,North,Software,65.01
ORD-004191,2026-05-08,North,Accessories,42.31
ORD-004192,2026-05-08,North,Hardware,239.17
ORD-004193,2026-05-08,North,Accessories,159.12
ORD-004194,2026-05-08,North,Hardware,190.85
ORD-004195,2026-05-08,North,Services,1156.21
ORD-004196,2026-05-08,North,Accessories,31.00
ORD-004197,2026-05-08,North,Hardware,576.17
ORD-004198,2026-05-08,North,Software,122.75
ORD-004199,2026-05-08,North,Hardware,446.60
ORD-004200,2026-05-08,North,Accessories,103.41
ORD-004201,2026-05-08,North,Software,113.25
ORD-004202,2026-05-08,North,Software,82.11
ORD-004203,2026-05-08,North,Hardware,473.22
ORD-004204,2026-05-08,North,Accessories,157.50
ORD-004205,2026-05-08,North,Services,197.59
ORD-004206,2026-05-08,North,Accessories,32.25
ORD-004207,2026-05-08,North,Software,187.05
ORD-004208,2026-05-08,North,Software,326.12
ORD-004209,2026-05-08,North,Hardware,357.93
ORD-004210,2026-05-08,North,Hardware,700.92
ORD-004211,2026-05-08,North,Services,680.04
ORD-004212,2026-05-08,North,Hardware,153.69
ORD-004213,2026-05-08,North,Services,303.35
ORD-004214,2026-05-08,North,Hardware,1049.75
ORD-004215,2026-05-08,North,Software,273.55
ORD-004216,2026-05-08,North,Hardware,1061.01
ORD-004217,2026-05-08,North,Accessories,54.57
ORD-004218,2026-05-08,North,Hardware,743.79
ORD-004219,2026-05-08,North,Software,200.63
ORD-004220,2026-05-08,North,Accessories,27.68
ORD-004221,2026-05-08,Central,Hardware,290.96
ORD-004222,2026-05-08,Central,Software,219.49
ORD-004223,2026-05-08,Central,Software,512.87
ORD-004224,2026-05-08,Central,Hardware,205.32
ORD-004225,2026-05-08,Central,Software,202.17
ORD-004226,2026-05-08,Central,Hardware,354.39
ORD-004227,2026-05-08,Central,Services,711.17
ORD-004228,2026-05-08,Central,Services,538.39
ORD-004229,2026-05-08,Central,Software,135.41
ORD-004230,2026-05-08,Central,Hardware,307.07
ORD-004231,2026-05-08,Central,Software,82.74
ORD-004232,2026-05-08,Central,Services,711.86
ORD-004233,2026-05-08,Central,Hardware,236.94
ORD-004234,2026-05-08,Central,Hardware,586.45
ORD-004235,2026-05-08,Central,Software,88.34
ORD-004236,2026-05-08,Central,Services,454.21
ORD-004237,2026-05-08,Central,Software,163.92
ORD-004238,2026-05-08,Central,Services,680.76
ORD-004239,2026-05-08,Central,Services,634.85
ORD-004240,2026-05-08,Central,Accessories,78.94
ORD-004241,2026-05-08,Central,Hardware,812.26
ORD-004242,2026-05-08,Central,Services,1440.34
ORD-004243,2026-05-08,Central,Software,109.55
ORD-004244,2026-05-08,Central,Hardware,267.20
ORD-004245,2026-05-08,Central,Accessories,47.26
ORD-004246,2026-05-08,Central,Software,107.48
ORD-004247,2026-05-08,Central,Accessories,26.30
ORD-004248,2026-05-08,Central,Software,213.19
ORD-004249,2026-05-08,Central,Hardware,580.30
ORD-004250,2026-05-08,Central,Accessories,20.36
ORD-004251,2026-05-08,Central,Hardware,370.55
ORD-004252,2026-05-08,Central,Software,100.29
ORD-004253,2026-05-08,Central,Hardware,305.64
ORD-004254,2026-05-08,Central,Hardware,307.82
ORD-004255,2026-05-08,South,Services,790.38
ORD-004256,2026-05-08,South,Software,182.43
ORD-004257,2026-05-08,South,Hardware,46.53
ORD-004258,2026-05-08,South,Hardware,327.07
ORD-004259,2026-05-08,South,,196.58
ORD-004260,2026-05-08,South,Accessories,58.60
ORD-004261,2026-05-08,South,Hardware,196.66
ORD-004262,2026-05-08,South,Software,182.45
ORD-004263,2026-05-08,South,Hardware,375.30
ORD-004264,2026-05-08,South,Software,115.79
ORD-004265,2026-05-08,South,Services,1302.87
ORD-004266,2026-05-08,South,Hardware,437.81
ORD-004267,2026-05-08,South,Hardware,300.21
ORD-004268,2026-05-08,South,Software,131.23
ORD-004269,2026-05-08,South,Services,817.39
ORD-004270,2026-05-08,South,Software,159.78
ORD-004271,2026-05-08,South,Software,155.47
ORD-004272,2026-05-08,South,Software,71.91
ORD-004273,2026-05-08,South,Software,96.47
ORD-004274,2026-05-08,South,Hardware,324.22
ORD-004275,2026-05-08,South,Accessories,56.92
ORD-004276,2026-05-08,South,Hardware,307.10
ORD-004277,2026-05-08,South,Software,109.30
ORD-004278,2026-05-08,South,Software,104.48
ORD-004279,2026-05-08,South,Accessories,79.18
ORD-004280,2026-05-08,South,Accessories,36.94
ORD-004281,2026-05-08,South,Accessories,35.96
ORD-004282,2026-05-08,South,Hardware,626.70
ORD-004283,2026-05-08,South,Software,609.44
ORD-004284,2026-05-09,North,Hardware,342.14
ORD-004285,2026-05-09,North,Accessories,27.75
ORD-004286,2026-05-09,North,Services,166.83
ORD-004287,2026-05-09,North,Accessories,52.98
ORD-004288,2026-05-09,North,Accessories,56.78
ORD-004289,2026-05-09,North,Services,604.33
ORD-004290,2026-05-09,North,Hardware,336.27
ORD-004291,2026-05-09,North,Software,246.91
ORD-004292,2026-05-09,North,Hardware,268.71
ORD-004293,2026-05-09,North,Services,2089.96
ORD-004294,2026-05-09,North,Accessories,54.33
ORD-004295,2026-05-09,North,Hardware,502.09
ORD-004296,2026-05-09,North,Hardware,448.05
ORD-004297,2026-05-09,North,Hardware,264.05
ORD-004298,2026-05-09,North,Accessories,74.87
ORD-004299,2026-05-09,North,Services,416.33
ORD-004300,2026-05-09,North,Services,494.15
ORD-004301,2026-05-09,North,Accessories,43.82
ORD-004302,2026-05-09,North,Services,263.80
ORD-004303,2026-05-09,North,Software,171.30
ORD-004304,2026-05-09,North,Hardware,317.94
ORD-004305,2026-05-09,North,Software,168.22
ORD-004306,2026-05-09,North,Software,96.98
ORD-004307,2026-05-09,North,Hardware,267.73
ORD-004308,2026-05-09,North,Accessories,63.58
ORD-004309,2026-05-09,North,Software,76.31
ORD-004310,2026-05-09,North,Software,60.16
ORD-004311,2026-05-09,North,Software,59.57
ORD-004312,2026-05-09,North,Software,111.04
ORD-004313,2026-05-09,North,Services,490.28
ORD-004314,2026-05-09,North,Services,370.49
ORD-004315,2026-05-09,North,Software,146.62
ORD-004316,2026-05-09,North,Services,1089.53
ORD-004317,2026-05-09,North,Accessories,57.55
ORD-004318,2026-05-09,North,Hardware,680.62
ORD-004319,2026-05-09,North,Accessories,77.68
ORD-004320,2026-05-09,North,Hardware,177.92
ORD-004321,2026-05-09,North,Accessories,30.68
ORD-004322,2026-05-09,Central,Services,456.89
ORD-004323,2026-05-09,Central,Software,278.02
ORD-004324,2026-05-09,Central,Services,206.32
ORD-004325,2026-05-09,Central,Services,367.49
ORD-004326,2026-05-09,Central,Services,806.58
ORD-004327,2026-05-09,Central,Accessories,36.82
ORD-004328,2026-05-09,Central,Software,47.54
ORD-004329,2026-05-09,Central,Accessories,32.57
ORD-004330,2026-05-09,Central,Hardware,804.38
ORD-004331,2026-05-09,Central,Services,858.11
ORD-004332,2026-05-09,Central,Services,660.88
ORD-004333,2026-05-09,Central,Software,159.09
ORD-004334,2026-05-09,Central,Services,985.04
ORD-004335,2026-05-09,Central,Software,88.63
ORD-004336,2026-05-09,Central,Services,531.31
ORD-004337,2026-05-09,Central,Software,152.68
ORD-004338,2026-05-09,Central,Services,617.08
ORD-004339,2026-05-09,Central,Hardware,71.24
ORD-004340,2026-05-09,Central,Hardware,250.32
ORD-004341,2026-05-09,Central,Hardware,339.81
ORD-004342,2026-05-09,Central,Services,425.27
ORD-004343,2026-05-09,Central,Accessories,27.55
ORD-004344,2026-05-09,Central,Hardware,250.07
ORD-004345,2026-05-09,Central,Software,89.36
ORD-004346,2026-05-09,Central,Accessories,35.72
ORD-004347,2026-05-09,Central,Hardware,486.28
ORD-004348,2026-05-09,Central,Software,75.40
ORD-004349,2026-05-09,South,Software,61.09
ORD-004350,2026-05-09,South,Services,1016.26
ORD-004351,2026-05-09,South,Services,532.73
ORD-004352,2026-05-09,South,Hardware,558.65
ORD-004353,2026-05-09,South,Hardware,192.79
ORD-004354,2026-05-09,South,Software,158.31
ORD-004355,2026-05-09,South,Hardware,485.59
ORD-004356,2026-05-09,South,Software,280.76
ORD-004357,2026-05-09,South,Services,1197.35
ORD-004358,2026-05-09,South,Hardware,181.35
ORD-004359,2026-05-09,South,Accessories,18.70
ORD-004360,2026-05-09,South,Hardware,294.24
ORD-004361,2026-05-09,South,Software,200.47
ORD-004362,2026-05-09,South,Accessories,47.50
ORD-004363,2026-05-09,South,Hardware,272.00
ORD-004364,2026-05-09,South,,187.22
ORD-004365,2026-05-09,South,Services,163.79
ORD-004366,2026-05-09,South,Software,278.88
ORD-004367,2026-05-09,South,Software,284.73
ORD-004368,2026-05-09,South,Hardware,343.27
ORD-004369,2026-05-09,South,Software,192.32
ORD-004370,2026-05-09,South,,51.63
ORD-004371,2026-05-10,North,Services,303.05
ORD-004372,2026-05-10,North,Software,222.56
ORD-004373,2026-05-10,North,Hardware,508.02
ORD-004374,2026-05-10,North,Software,116.80
ORD-004375,2026-05-10,North,Accessories,40.08
ORD-004376,2026-05-10,North,Accessories,85.72
ORD-004377,2026-05-10,North,Services,272.42
ORD-004378,2026-05-10,North,Software,185.85
ORD-004379,2026-05-10,North,Accessories,26.15
ORD-004380,2026-05-10,North,Software,235.73
ORD-004381,2026-05-10,North,Services,972.00
ORD-004382,2026-05-10,North,Software,173.49
ORD-004383,2026-05-10,North,Services,318.87
ORD-004384,2026-05-10,North,Services,703.72
ORD-004385,2026-05-10,North,Accessories,44.05
ORD-004386,2026-05-10,North,Hardware,931.05
ORD-004387,2026-05-10,North,Accessories,52.58
ORD-004388,2026-05-10,North,Software,178.40
ORD-004389,2026-05-10,North,Software,210.02
ORD-004390,2026-05-10,North,Software,86.30
ORD-004391,2026-05-10,North,Accessories,33.26
ORD-004392,2026-05-10,North,Software,199.95
ORD-004393,2026-05-10,North,Software,100.25
ORD-004394,2026-05-10,North,Accessories,28.26
ORD-004395,2026-05-10,North,Software,433.78
ORD-004396,2026-05-10,North,Hardware,823.03
ORD-004397,2026-05-10,North,Services,493.07
ORD-004398,2026-05-10,North,Software,147.37
ORD-004399,2026-05-10,Central,Accessories,40.64
ORD-004400,2026-05-10,Central,Software,114.11
ORD-004401,2026-05-10,Central,Software,141.82
ORD-004402,2026-05-10,Central,Services,206.25
ORD-004403,2026-05-10,Central,Services,397.89
ORD-004404,2026-05-10,Central,Hardware,641.06
ORD-004405,2026-05-10,Central,Accessories,53.83
ORD-004406,2026-05-10,Central,Hardware,154.49
ORD-004407,2026-05-10,Central,Services,756.89
ORD-004408,2026-05-10,Central,Software,86.36
ORD-004409,2026-05-10,Central,Hardware,654.64
ORD-004410,2026-05-10,Central,Services,159.96
ORD-004411,2026-05-10,Central,Software,324.67
ORD-004412,2026-05-10,Central,Services,443.06
ORD-004413,2026-05-10,Central,Hardware,335.72
ORD-004414,2026-05-10,Central,Hardware,483.58
ORD-004415,2026-05-10,Central,Hardware,270.20
ORD-004416,2026-05-10,Central,Accessories,29.98
ORD-004417,2026-05-10,Central,Accessories,38.61
ORD-004418,2026-05-10,South,Services,876.56
ORD-004419,2026-05-10,South,Accessories,72.49
ORD-004420,2026-05-10,South,Services,324.53
ORD-004421,2026-05-10,South,Software,132.24
ORD-004422,2026-05-10,South,Hardware,274.29
ORD-004423,2026-05-10,South,Accessories,49.81
ORD-004424,2026-05-10,South,Services,170.42
ORD-004425,2026-05-10,South,Services,1716.29
ORD-004426,2026-05-10,South,Services,315.57
ORD-004427,2026-05-10,South,Services,627.67
ORD-004428,2026-05-10,South,Accessories,93.77
ORD-004429,2026-05-10,South,Services,482.93
ORD-004430,2026-05-10,South,Accessories,37.02
ORD-004431,2026-05-10,South,Services,1529.12
ORD-004432,2026-05-10,South,Hardware,116.71
ORD-004433,2026-05-10,South,Accessories,45.24
ORD-004434,2026-05-10,South,Services,935.10
ORD-004435,2026-05-10,South,Accessories,82.93
ORD-004436,2026-05-10,South,Hardware,361.76
ORD-004437,2026-05-10,South,Accessories,22.61
ORD-004438,2026-05-10,South,Hardware,438.00
ORD-004439,2026-05-10,South,Accessories,88.35
ORD-004440,2026-05-10,South,Hardware,228.71
ORD-004441,2026-05-11,North,Hardware,273.88
ORD-004442,2026-05-11,North,Software,49.26
ORD-004443,2026-05-11,North,Accessories,55.27
ORD-004444,2026-05-11,North,Accessories,37.00
ORD-004445,2026-05-11,North,Accessories,17.29
ORD-004446,2026-05-11,North,Services,477.02
ORD-004447,2026-05-11,North,Hardware,167.59
ORD-004448,2026-05-11,North,,98.87
ORD-004449,2026-05-11,North,Accessories,34.75
ORD-004450,2026-05-11,North,Software,138.44
ORD-004451,2026-05-11,North,Software,111.88
ORD-004452,2026-05-11,North,Accessories,58.14
ORD-004453,2026-05-11,North,Hardware,225.97
ORD-004454,2026-05-11,North,Hardware,317.65
ORD-004455,2026-05-11,North,Hardware,504.94
ORD-004456,2026-05-11,North,Accessories,25.38
ORD-004457,2026-05-11,North,Services,2103.91
ORD-004458,2026-05-11,North,Software,96.62
ORD-004459,2026-05-11,North,Accessories,27.29
ORD-004460,2026-05-11,North,Software,112.04
ORD-004461,2026-05-11,North,Hardware,229.61
ORD-004462,2026-05-11,North,Software,101.74
ORD-004463,2026-05-11,North,Software,62.36
ORD-004464,2026-05-11,North,Services,258.16
ORD-004465,2026-05-11,North,Software,206.76
ORD-004466,2026-05-11,North,Software,132.04
ORD-004467,2026-05-11,North,Software,196.84
ORD-004468,2026-05-11,North,Software,120.77
ORD-004469,2026-05-11,North,Software,225.91
ORD-004470,2026-05-11,North,Hardware,181.51
ORD-004471,2026-05-11,North,Services,1122.66
ORD-004472,2026-05-11,North,Software,100.26
ORD-004473,2026-05-11,North,Accessories,26.04
ORD-004474,2026-05-11,North,Services,468.50
ORD-004475,2026-05-11,North,Hardware,360.22
ORD-004476,2026-05-11,North,Software,166.37
ORD-004477,2026-05-11,North,Accessories,14.05
ORD-004478,2026-05-11,North,Hardware,348.03
ORD-004479,2026-05-11,North,Hardware,438.03
ORD-004480,2026-05-11,North,Hardware,260.11
ORD-004481,2026-05-11,Central,Services,328.43
ORD-004482,2026-05-11,Central,Hardware,281.95
ORD-004483,2026-05-11,Central,Software,136.52
ORD-004484,2026-05-11,Central,Software,55.26
ORD-004485,2026-05-11,Central,Services,236.37
ORD-004486,2026-05-11,Central,Hardware,167.80
ORD-004487,2026-05-11,Central,Accessories,79.96
ORD-004488,2026-05-11,Central,Services,440.89
ORD-004489,2026-05-11,Central,Services,1518.56
ORD-004490,2026-05-11,Central,Accessories,45.91
ORD-004491,2026-05-11,Central,Services,942.28
ORD-004492,2026-05-11,Central,Accessories,16.57
ORD-004493,2026-05-11,Central,Services,368.16
ORD-004494,2026-05-11,Central,Accessories,104.26
ORD-004495,2026-05-11,Central,,55.54
ORD-004496,2026-05-11,Central,Hardware,213.93
ORD-004497,2026-05-11,Central,Hardware,276.06
ORD-004498,2026-05-11,Central,Software,110.79
ORD-004499,2026-05-11,Central,Hardware,201.97
ORD-004500,2026-05-11,Central,Software,228.90
ORD-004501,2026-05-11,Central,Accessories,43.71
ORD-004502,2026-05-11,Central,Accessories,27.38
ORD-004503,2026-05-11,Central,Services,389.41
ORD-004504,2026-05-11,Central,Services,652.58
ORD-004505,2026-05-11,Central,Accessories,14.59
ORD-004506,2026-05-11,Central,,36.75
ORD-004507,2026-05-11,Central,Accessories,70.64
ORD-004508,2026-05-11,Central,,830.43
ORD-004509,2026-05-11,Central,Accessories,97.90
ORD-004510,2026-05-11,Central,Hardware,446.79
ORD-004511,2026-05-11,Central,Hardware,247.58
ORD-004512,2026-05-11,Central,Services,486.10
ORD-004513,2026-05-11,Central,Software,106.79
ORD-004514,2026-05-11,Central,Services,86.09
ORD-004515,2026-05-11,Central,Software,114.41
ORD-004516,2026-05-11,Central,Accessories,20.31
ORD-004517,2026-05-11,Central,Accessories,37.67
ORD-004518,2026-05-11,South,Software,63.75
ORD-004519,2026-05-11,South,Hardware,328.21
ORD-004520,2026-05-11,South,Accessories,24.42
ORD-004521,2026-05-11,South,Software,191.15
ORD-004522,2026-05-11,South,Hardware,192.47
ORD-004523,2026-05-11,South,Services,226.10
ORD-004524,2026-05-11,South,Services,487.96
ORD-004525,2026-05-11,South,Services,1124.56
ORD-004526,2026-05-11,South,Accessories,45.69
ORD-004527,2026-05-11,South,Accessories,37.30
ORD-004528,2026-05-11,South,Accessories,16.53
ORD-004529,2026-05-11,South,Services,354.67
ORD-004530,2026-05-11,South,Accessories,26.66
ORD-004531,2026-05-11,South,Accessories,195.61
ORD-004532,2026-05-11,South,Accessories,16.74
ORD-004533,2026-05-11,South,Hardware,346.06
ORD-004534,2026-05-11,South,Accessories,25.91
ORD-004535,2026-05-11,South,Services,216.72
ORD-004536,2026-05-11,South,Software,183.26
ORD-004537,2026-05-11,South,Services,387.02
ORD-004538,2026-05-11,South,Services,645.71
ORD-004539,2026-05-11,South,Software,238.93
ORD-004540,2026-05-11,South,Accessories,65.75
ORD-004541,2026-05-11,South,Hardware,534.84
ORD-004542,2026-05-11,South,Hardware,691.18
ORD-004543,2026-05-11,South,Hardware,497.80
ORD-004544,2026-05-12,North,Hardware,368.73
ORD-004545,2026-05-12,North,Hardware,515.76
ORD-004546,2026-05-12,North,Software,101.26
ORD-004547,2026-05-12,North,Accessories,64.84
ORD-004548,2026-05-12,North,Accessories,26.39
ORD-004549,2026-05-12,North,Software,215.18
ORD-004550,2026-05-12,North,Software,350.26
ORD-004551,2026-05-12,North,Accessories,29.94
ORD-004552,2026-05-12,North,Software,105.12
ORD-004553,2026-05-12,North,Hardware,138.50
ORD-004554,2026-05-12,North,Accessories,109.95
ORD-004555,2026-05-12,North,Services,239.21
ORD-004556,2026-05-12,North,Accessories,68.49
ORD-004557,2026-05-12,North,Hardware,384.10
ORD-004558,2026-05-12,North,Services,653.85
ORD-004559,2026-05-12,North,Software,134.58
ORD-004560,2026-05-12,North,Accessories,81.84
ORD-004561,2026-05-12,North,Software,99.64
ORD-004562,2026-05-12,North,Accessories,66.88
ORD-004563,2026-05-12,North,Software,132.05
ORD-004564,2026-05-12,North,Accessories,32.18
ORD-004565,2026-05-12,North,Accessories,40.51
ORD-004566,2026-05-12,North,Software,289.76
ORD-004567,2026-05-12,North,Hardware,766.18
ORD-004568,2026-05-12,North,Accessories,27.21
ORD-004569,2026-05-12,North,Hardware,302.45
ORD-004570,2026-05-12,North,Services,635.11
ORD-004571,2026-05-12,North,Services,739.56
ORD-004572,2026-05-12,North,Services,287.77
ORD-004573,2026-05-12,North,Services,921.62
ORD-004574,2026-05-12,North,Accessories,197.03
ORD-004575,2026-05-12,North,Software,119.35
ORD-004576,2026-05-12,North,Software,59.49
ORD-004577,2026-05-12,North,Software,45.06
ORD-004578,2026-05-12,North,Services,520.14
ORD-004579,2026-05-12,North,Services,481.72
ORD-004580,2026-05-12,North,Hardware,170.72
ORD-004581,2026-05-12,North,Software,151.80
ORD-004582,2026-05-12,North,Accessories,91.21
ORD-004583,2026-05-12,North,Software,447.64
ORD-004584,2026-05-12,North,Hardware,182.81
ORD-004585,2026-05-12,North,Services,978.42
ORD-004586,2026-05-12,North,Accessories,30.38
ORD-004587,2026-05-12,North,Accessories,72.33
ORD-004588,2026-05-12,North,Services,223.71
ORD-004589,2026-05-12,North,Hardware,249.30
ORD-004590,2026-05-12,North,,566.83
ORD-004591,2026-05-12,North,Accessories,22.63
ORD-004592,2026-05-12,North,Software,236.30
ORD-004593,2026-05-12,North,Software,215.98
ORD-004594,2026-05-12,North,Accessories,57.58
ORD-004595,2026-05-12,North,Hardware,413.37
ORD-004596,2026-05-12,North,Software,101.41
ORD-004597,2026-05-12,Central,Software,106.20
ORD-004598,2026-05-12,Central,Hardware,143.39
ORD-004599,2026-05-12,Central,Hardware,125.19
ORD-004600,2026-05-12,Central,Services,567.07
ORD-004601,2026-05-12,Central,Software,179.56
ORD-004602,2026-05-12,Central,Hardware,152.36
ORD-004603,2026-05-12,Central,Hardware,735.75
ORD-004604,2026-05-12,Central,Hardware,392.38
ORD-004605,2026-05-12,Central,Accessories,46.59
ORD-004606,2026-05-12,Central,Services,556.18
ORD-004607,2026-05-12,Central,Accessories,71.73
ORD-004608,2026-05-12,Central,Hardware,552.11
ORD-004609,2026-05-12,Central,Accessories,27.33
ORD-004610,2026-05-12,Central,Services,189.83
ORD-004611,2026-05-12,Central,,236.04
ORD-004612,2026-05-12,Central,Accessories,26.07
ORD-004613,2026-05-12,Central,Hardware,179.40
ORD-004614,2026-05-12,Central,Accessories,47.30
ORD-004615,2026-05-12,Central,Accessories,30.15
ORD-004616,2026-05-12,Central,Hardware,312.22
ORD-004617,2026-05-12,Central,Hardware,139.33
ORD-004618,2026-05-12,Central,Hardware,71.14
ORD-004619,2026-05-12,Central,Hardware,322.72
ORD-004620,2026-05-12,Central,Software,96.04
ORD-004621,2026-05-12,Central,Accessories,21.55
ORD-004622,2026-05-12,Central,Services,563.04
ORD-004623,2026-05-12,Central,Hardware,704.39
ORD-004624,2026-05-12,Central,Hardware,509.84
ORD-004625,2026-05-12,Central,Services,622.84
ORD-004626,2026-05-12,Central,Hardware,350.09
ORD-004627,2026-05-12,Central,Services,717.85
ORD-004628,2026-05-12,Central,Accessories,23.10
ORD-004629,2026-05-12,Central,Software,192.30
ORD-004630,2026-05-12,Central,Hardware,141.15
ORD-004631,2026-05-12,Central,Software,183.25
ORD-004632,2026-05-12,Central,Services,539.26
ORD-004633,2026-05-12,Central,Software,153.96
ORD-004634,2026-05-12,Central,Software,117.93
ORD-004635,2026-05-12,Central,Hardware,152.14
ORD-004636,2026-05-12,Central,Software,388.71
ORD-004637,2026-05-12,Central,Software,179.41
ORD-004638,2026-05-12,Central,Accessories,23.73
ORD-004639,2026-05-12,Central,,149.94
ORD-004640,2026-05-12,Central,Software,108.82
ORD-004641,2026-05-12,Central,Accessories,50.74
ORD-004642,2026-05-12,Central,Accessories,40.72
ORD-004643,2026-05-12,Central,Accessories,36.76
ORD-004644,2026-05-12,Central,Accessories,20.41
ORD-004645,2026-05-12,Central,Software,507.96
ORD-004646,2026-05-12,Central,Services,242.99
ORD-004647,2026-05-12,Central,Accessories,72.01
ORD-004648,2026-05-12,Central,Software,162.95
ORD-004649,2026-05-12,Central,Services,339.60
ORD-004650,2026-05-12,Central,Hardware,534.69
ORD-004651,2026-05-12,Central,Accessories,38.86
ORD-004652,2026-05-12,Central,Hardware,1052.10
ORD-004653,2026-05-12,Central,Hardware,302.42
ORD-004654,2026-05-12,South,Hardware,363.71
ORD-004655,2026-05-12,South,Services,560.77
ORD-004656,2026-05-12,South,Hardware,261.18
ORD-004657,2026-05-12,South,Software,154.28
ORD-004658,2026-05-12,South,Accessories,74.35
ORD-004659,2026-05-12,South,Accessories,111.71
ORD-004660,2026-05-12,South,Accessories,29.84
ORD-004661,2026-05-12,South,Accessories,28.35
ORD-004662,2026-05-12,South,Software,156.09
ORD-004663,2026-05-12,South,Hardware,204.30
ORD-004664,2026-05-12,South,Software,147.45
ORD-004665,2026-05-12,South,Hardware,191.27
ORD-004666,2026-05-12,South,Services,245.12
ORD-004667,2026-05-12,South,Services,300.57
ORD-004668,2026-05-12,South,Services,213.84
ORD-004669,2026-05-12,South,Software,158.54
ORD-004670,2026-05-12,South,Software,367.86
ORD-004671,2026-05-12,South,Services,183.59
ORD-004672,2026-05-12,South,Software,126.22
ORD-004673,2026-05-12,South,Software,386.95
ORD-004674,2026-05-12,South,Accessories,33.79
ORD-004675,2026-05-12,South,Software,152.08
ORD-004676,2026-05-12,South,Hardware,288.13
ORD-004677,2026-05-12,South,Accessories,39.10
ORD-004678,2026-05-13,North,Software,170.20
ORD-004679,2026-05-13,North,Hardware,423.25
ORD-004680,2026-05-13,North,Hardware,365.08
ORD-004681,2026-05-13,North,Services,471.61
ORD-004682,2026-05-13,North,Hardware,287.14
ORD-004683,2026-05-13,North,Services,327.58
ORD-004684,2026-05-13,North,Software,267.08
ORD-004685,2026-05-13,North,,65.30
ORD-004686,2026-05-13,North,Services,369.01
ORD-004687,2026-05-13,North,Services,812.31
ORD-004688,2026-05-13,North,Services,317.11
ORD-004689,2026-05-13,North,Services,591.98
ORD-004690,2026-05-13,North,Hardware,404.98
ORD-004691,2026-05-13,North,Accessories,12.41
ORD-004692,2026-05-13,North,Services,1336.77
ORD-004693,2026-05-13,North,Services,311.54
ORD-004694,2026-05-13,North,Accessories,24.99
ORD-004695,2026-05-13,North,Services,244.37
ORD-004696,2026-05-13,North,Software,378.26
ORD-004697,2026-05-13,North,Services,1208.11
ORD-004698,2026-05-13,North,Services,450.76
ORD-004699,2026-05-13,North,Hardware,294.87
ORD-004700,2026-05-13,North,Accessories,72.40
ORD-004701,2026-05-13,North,Hardware,198.14
ORD-004702,2026-05-13,North,Hardware,408.70
ORD-004703,2026-05-13,North,Hardware,612.42
ORD-004704,2026-05-13,North,Accessories,33.43
ORD-004705,2026-05-13,North,Hardware,733.95
ORD-004706,2026-05-13,North,Hardware,938.38
ORD-004707,2026-05-13,North,Services,111.90
ORD-004708,2026-05-13,North,Software,91.51
ORD-004709,2026-05-13,North,Software,62.23
ORD-004710,2026-05-13,North,Software,89.54
ORD-004711,2026-05-13,North,Hardware,441.03
ORD-004712,2026-05-13,North,Accessories,28.74
ORD-004713,2026-05-13,North,Software,214.56
ORD-004714,2026-05-13,North,Services,920.99
ORD-004715,2026-05-13,North,Accessories,48.14
ORD-004716,2026-05-13,North,Accessories,20.04
ORD-004717,2026-05-13,North,Accessories,21.34
ORD-004718,2026-05-13,North,Software,73.29
ORD-004719,2026-05-13,North,Software,279.58
ORD-004720,2026-05-13,North,Accessories,39.53
ORD-004721,2026-05-13,North,Services,451.17
ORD-004722,2026-05-13,North,,383.98
ORD-004723,2026-05-13,North,Software,66.85
ORD-004724,2026-05-13,North,Software,165.93
ORD-004725,2026-05-13,North,Hardware,270.11
ORD-004726,2026-05-13,North,Hardware,112.43
ORD-004727,2026-05-13,North,Services,381.38
ORD-004728,2026-05-13,North,,29.76
ORD-004729,2026-05-13,North,Accessories,20.71
ORD-004730,2026-05-13,North,Accessories,19.84
ORD-004731,2026-05-13,Central,Software,63.97
ORD-004732,2026-05-13,Central,Software,438.63
ORD-004733,2026-05-13,Central,Hardware,235.93
ORD-004734,2026-05-13,Central,Hardware,274.11
ORD-004735,2026-05-13,Central,Software,93.59
ORD-004736,2026-05-13,Central,Hardware,389.11
ORD-004737,2026-05-13,Central,Services,831.74
ORD-004738,2026-05-13,Central,Software,102.55
ORD-004739,2026-05-13,Central,Software,118.29
ORD-004740,2026-05-13,Central,Hardware,187.59
ORD-004741,2026-05-13,Central,Services,617.50
ORD-004742,2026-05-13,Central,Hardware,425.13
ORD-004743,2026-05-13,Central,Services,688.37
ORD-004744,2026-05-13,Central,Services,546.95
ORD-004745,2026-05-13,Central,Accessories,85.68
ORD-004746,2026-05-13,Central,Hardware,604.06
ORD-004747,2026-05-13,Central,Accessories,13.93
ORD-004748,2026-05-13,Central,Hardware,596.50
ORD-004749,2026-05-13,Central,,588.66
ORD-004750,2026-05-13,Central,Hardware,245.37
ORD-004751,2026-05-13,Central,Hardware,253.74
ORD-004752,2026-05-13,Central,Hardware,221.30
ORD-004753,2026-05-13,Central,Hardware,141.17
ORD-004754,2026-05-13,Central,Hardware,503.23
ORD-004755,2026-05-13,Central,Hardware,492.37
ORD-004756,2026-05-13,Central,Software,90.28
ORD-004757,2026-05-13,Central,Accessories,17.60
ORD-004758,2026-05-13,Central,Hardware,480.79
ORD-004759,2026-05-13,Central,Services,834.03
ORD-004760,2026-05-13,Central,Services,768.27
ORD-004761,2026-05-13,Central,Services,345.11
ORD-004762,2026-05-13,Central,Services,390.86
ORD-004763,2026-05-13,Central,Software,204.40
ORD-004764,2026-05-13,Central,Accessories,30.70
ORD-004765,2026-05-13,Central,Services,460.97
ORD-004766,2026-05-13,Central,Services,1003.77
ORD-004767,2026-05-13,Central,Accessories,21.20
ORD-004768,2026-05-13,Central,Hardware,165.25
ORD-004769,2026-05-13,Central,Hardware,760.43
ORD-004770,2026-05-13,Central,Software,202.02
ORD-004771,2026-05-13,Central,Accessories,19.21
ORD-004772,2026-05-13,Central,Accessories,23.09
ORD-004773,2026-05-13,South,Software,141.38
ORD-004774,2026-05-13,South,Hardware,245.01
ORD-004775,2026-05-13,South,Software,40.35
ORD-004776,2026-05-13,South,Accessories,48.49
ORD-004777,2026-05-13,South,Software,143.64
ORD-004778,2026-05-13,South,Software,123.60
ORD-004779,2026-05-13,South,Hardware,307.26
ORD-004780,2026-05-13,South,Hardware,387.54
ORD-004781,2026-05-13,South,Hardware,227.62
ORD-004782,2026-05-13,South,Services,209.80
ORD-004783,2026-05-13,South,Accessories,56.50
ORD-004784,2026-05-13,South,Software,71.72
ORD-004785,2026-05-13,South,Software,67.04
ORD-004786,2026-05-13,South,Accessories,25.06
ORD-004787,2026-05-13,South,Services,349.95
ORD-004788,2026-05-13,South,Accessories,61.71
ORD-004789,2026-05-13,South,Hardware,454.92
ORD-004790,2026-05-13,South,Services,941.21
ORD-004791,2026-05-13,South,Hardware,178.88
ORD-004792,2026-05-13,South,Software,130.66
ORD-004793,2026-05-13,South,Services,800.25
ORD-004794,2026-05-13,South,Hardware,210.09
ORD-004795,2026-05-13,South,Services,1284.46
ORD-004796,2026-05-13,South,Accessories,37.10
ORD-004797,2026-05-13,South,Services,268.08
ORD-004798,2026-05-14,North,Hardware,613.51
ORD-004799,2026-05-14,North,Accessories,36.89
ORD-004800,2026-05-14,North,,813.36
ORD-004801,2026-05-14,North,Services,559.29
ORD-004802,2026-05-14,North,Hardware,286.17
ORD-004803,2026-05-14,North,Hardware,247.26
ORD-004804,2026-05-14,North,Hardware,450.50
ORD-004805,2026-05-14,North,Services,731.33
ORD-004806,2026-05-14,North,Software,111.30
ORD-004807,2026-05-14,North,Hardware,461.33
ORD-004808,2026-05-14,North,Accessories,26.26
ORD-004809,2026-05-14,North,Hardware,296.01
ORD-004810,2026-05-14,North,Services,270.61
ORD-004811,2026-05-14,North,Hardware,207.48
ORD-004812,2026-05-14,North,Accessories,41.53
ORD-004813,2026-05-14,North,Accessories,32.62
ORD-004814,2026-05-14,North,Services,497.59
ORD-004815,2026-05-14,North,Accessories,16.56
ORD-004816,2026-05-14,North,Software,137.55
ORD-004817,2026-05-14,North,Software,83.41
ORD-004818,2026-05-14,North,Hardware,1187.47
ORD-004819,2026-05-14,North,Services,1204.22
ORD-004820,2026-05-14,North,Hardware,202.53
ORD-004821,2026-05-14,North,Accessories,24.99
ORD-004822,2026-05-14,North,Hardware,126.34
ORD-004823,2026-05-14,North,Software,319.08
ORD-004824,2026-05-14,North,Software,298.68
ORD-004825,2026-05-14,North,Hardware,306.26
ORD-004826,2026-05-14,North,Services,714.48
ORD-004827,2026-05-14,North,Services,502.04
ORD-004828,2026-05-14,North,Software,154.09
ORD-004829,2026-05-14,North,Hardware,620.00
ORD-004830,2026-05-14,North,Hardware,461.77
ORD-004831,2026-05-14,North,Hardware,523.24
ORD-004832,2026-05-14,North,Accessories,49.06
ORD-004833,2026-05-14,North,Services,955.60
ORD-004834,2026-05-14,North,Hardware,437.54
ORD-004835,2026-05-14,North,Hardware,331.91
ORD-004836,2026-05-14,North,Hardware,554.20
ORD-004837,2026-05-14,North,Hardware,390.71
ORD-004838,2026-05-14,North,Hardware,118.76
ORD-004839,2026-05-14,North,Services,309.06
ORD-004840,2026-05-14,Central,Accessories,92.64
ORD-004841,2026-05-14,Central,Accessories,32.67
ORD-004842,2026-05-14,Central,Accessories,21.17
ORD-004843,2026-05-14,Central,Software,585.21
ORD-004844,2026-05-14,Central,Services,717.82
ORD-004845,2026-05-14,Central,Hardware,274.03
ORD-004846,2026-05-14,Central,Accessories,63.64
ORD-004847,2026-05-14,Central,Accessories,16.42
ORD-004848,2026-05-14,Central,Services,255.29
ORD-004849,2026-05-14,Central,Software,101.33
ORD-004850,2026-05-14,Central,Accessories,62.31
ORD-004851,2026-05-14,Central,Hardware,789.47
ORD-004852,2026-05-14,Central,Hardware,142.04
ORD-004853,2026-05-14,Central,Hardware,291.69
ORD-004854,2026-05-14,Central,,481.55
ORD-004855,2026-05-14,Central,Services,1047.35
ORD-004856,2026-05-14,Central,Services,612.50
ORD-004857,2026-05-14,Central,Software,228.89
ORD-004858,2026-05-14,Central,Accessories,30.24
ORD-004859,2026-05-14,Central,Services,331.62
ORD-004860,2026-05-14,Central,Services,1153.50
ORD-004861,2026-05-14,Central,Software,73.91
ORD-004862,2026-05-14,Central,Services,991.99
ORD-004863,2026-05-14,Central,Accessories,17.02
ORD-004864,2026-05-14,Central,Services,408.59
ORD-004865,2026-05-14,Central,Services,494.50
ORD-004866,2026-05-14,Central,Services,615.76
ORD-004867,2026-05-14,Central,Software,227.48
ORD-004868,2026-05-14,Central,,262.27
ORD-004869,2026-05-14,Central,Services,839.70
ORD-004870,2026-05-14,Central,Accessories,14.10
ORD-004871,2026-05-14,Central,Software,209.54
ORD-004872,2026-05-14,Central,Hardware,412.66
ORD-004873,2026-05-14,Central,Hardware,366.09
ORD-004874,2026-05-14,South,Hardware,326.47
ORD-004875,2026-05-14,South,Hardware,194.13
ORD-004876,2026-05-14,South,Accessories,25.86
ORD-004877,2026-05-14,South,Software,242.66
ORD-004878,2026-05-14,South,Services,907.36
ORD-004879,2026-05-14,South,Hardware,450.73
ORD-004880,2026-05-14,South,Services,410.12
ORD-004881,2026-05-14,South,Hardware,169.64
ORD-004882,2026-05-14,South,Services,566.50
ORD-004883,2026-05-14,South,Accessories,29.07
ORD-004884,2026-05-14,South,Services,489.13
ORD-004885,2026-05-14,South,Hardware,365.21
ORD-004886,2026-05-14,South,Services,814.17
ORD-004887,2026-05-14,South,Accessories,35.69
ORD-004888,2026-05-14,South,Software,210.50
ORD-004889,2026-05-14,South,Accessories,53.91
ORD-004890,2026-05-14,South,Accessories,31.24
ORD-004891,2026-05-14,South,,77.13
ORD-004892,2026-05-14,South,Software,136.62
ORD-004893,2026-05-14,South,Accessories,97.83
ORD-004894,2026-05-14,South,Software,141.84
ORD-004895,2026-05-14,South,Services,928.08
ORD-004896,2026-05-14,South,Accessories,31.63
ORD-004897,2026-05-14,South,Hardware,286.32
ORD-004898,2026-05-14,South,Accessories,54.04
ORD-004899,2026-05-14,South,Accessories,28.58
ORD-004900,2026-05-14,South,Hardware,199.83
ORD-004901,2026-05-14,South,Hardware,437.45
ORD-004902,2026-05-14,South,Software,221.35
ORD-004903,2026-05-14,South,Hardware,226.09
ORD-004904,2026-05-14,South,Software,180.95
ORD-004905,2026-05-15,North,Software,215.48
ORD-004906,2026-05-15,North,Hardware,660.88
ORD-004907,2026-05-15,North,Services,975.71
ORD-004908,2026-05-15,North,Accessories,26.30
ORD-004909,2026-05-15,North,Software,41.83
ORD-004910,2026-05-15,North,Hardware,211.23
ORD-004911,2026-05-15,North,Hardware,766.56
ORD-004912,2026-05-15,North,Services,656.94
ORD-004913,2026-05-15,North,Software,120.92
ORD-004914,2026-05-15,North,Accessories,35.00
ORD-004915,2026-05-15,North,Hardware,753.34
ORD-004916,2026-05-15,North,Software,100.94
ORD-004917,2026-05-15,North,Software,152.13
ORD-004918,2026-05-15,North,Software,92.06
ORD-004919,2026-05-15,North,Accessories,41.05
ORD-004920,2026-05-15,North,Accessories,65.43
ORD-004921,2026-05-15,North,Accessories,36.03
ORD-004922,2026-05-15,North,Accessories,21.07
ORD-004923,2026-05-15,North,Hardware,465.00
ORD-004924,2026-05-15,North,Software,97.33
ORD-004925,2026-05-15,North,Hardware,212.54
ORD-004926,2026-05-15,North,Hardware,481.44
ORD-004927,2026-05-15,North,Services,303.58
ORD-004928,2026-05-15,North,Software,248.23
ORD-004929,2026-05-15,North,Services,631.81
ORD-004930,2026-05-15,North,Services,1001.24
ORD-004931,2026-05-15,North,Services,229.43
ORD-004932,2026-05-15,North,Accessories,22.19
ORD-004933,2026-05-15,North,Software,272.15
ORD-004934,2026-05-15,North,Accessories,90.83
ORD-004935,2026-05-15,North,Hardware,522.09
ORD-004936,2026-05-15,North,Accessories,20.99
ORD-004937,2026-05-15,North,Services,511.73
ORD-004938,2026-05-15,North,Services,229.18
ORD-004939,2026-05-15,North,Services,521.81
ORD-004940,2026-05-15,North,Software,339.59
ORD-004941,2026-05-15,North,Accessories,16.36
ORD-004942,2026-05-15,North,Accessories,69.63
ORD-004943,2026-05-15,North,Software,172.05
ORD-004944,2026-05-15,North,Services,595.98
ORD-004945,2026-05-15,Central,Accessories,48.82
ORD-004946,2026-05-15,Central,Software,111.99
ORD-004947,2026-05-15,Central,Accessories,46.73
ORD-004948,2026-05-15,Central,Software,170.83
ORD-004949,2026-05-15,Central,Software,93.54
ORD-004950,2026-05-15,Central,Hardware,280.42
ORD-004951,2026-05-15,Central,Software,82.64
ORD-004952,2026-05-15,Central,Hardware,441.87
ORD-004953,2026-05-15,Central,Accessories,37.58
ORD-004954,2026-05-15,Central,Software,298.95
ORD-004955,2026-05-15,Central,Accessories,47.26
ORD-004956,2026-05-15,Central,Hardware,384.41
ORD-004957,2026-05-15,Central,Hardware,241.57
ORD-004958,2026-05-15,Central,Accessories,69.67
ORD-004959,2026-05-15,Central,,86.24
ORD-004960,2026-05-15,Central,Accessories,60.91
ORD-004961,2026-05-15,Central,Hardware,299.19
ORD-004962,2026-05-15,Central,Accessories,62.96
ORD-004963,2026-05-15,Central,Software,127.10
ORD-004964,2026-05-15,Central,Accessories,54.97
ORD-004965,2026-05-15,Central,Accessories,17.05
ORD-004966,2026-05-15,Central,Services,686.82
ORD-004967,2026-05-15,Central,Accessories,46.47
ORD-004968,2026-05-15,Central,Services,504.28
ORD-004969,2026-05-15,Central,Accessories,32.67
ORD-004970,2026-05-15,Central,,107.98
ORD-004971,2026-05-15,Central,Hardware,802.38
ORD-004972,2026-05-15,Central,Software,121.14
ORD-004973,2026-05-15,Central,Hardware,155.77
ORD-004974,2026-05-15,Central,Software,145.54
ORD-004975,2026-05-15,Central,Software,63.63
ORD-004976,2026-05-15,Central,Hardware,175.13
ORD-004977,2026-05-15,Central,Hardware,305.84
ORD-004978,2026-05-15,Central,Services,426.64
ORD-004979,2026-05-15,Central,Services,509.87
ORD-004980,2026-05-15,Central,Accessories,115.17
ORD-004981,2026-05-15,Central,Software,186.70
ORD-004982,2026-05-15,Central,Accessories,80.85
ORD-004983,2026-05-15,Central,Hardware,316.49
ORD-004984,2026-05-15,Central,Accessories,11.45
ORD-004985,2026-05-15,Central,,632.20
ORD-004986,2026-05-15,Central,Accessories,86.65
ORD-004987,2026-05-15,Central,Hardware,180.56
ORD-004988,2026-05-15,Central,Hardware,176.94
ORD-004989,2026-05-15,Central,Services,339.62
ORD-004990,2026-05-15,Central,Services,635.79
ORD-004991,2026-05-15,Central,Software,175.52
ORD-004992,2026-05-15,Central,Software,301.78
ORD-004993,2026-05-15,Central,Services,555.88
ORD-004994,2026-05-15,Central,Hardware,237.66
ORD-004995,2026-05-15,Central,Hardware,277.31
ORD-004996,2026-05-15,Central,Software,54.52
ORD-004997,2026-05-15,Central,Services,379.44
ORD-004998,2026-05-15,Central,Accessories,74.76
ORD-004999,2026-05-15,South,Hardware,522.86
ORD-005000,2026-05-15,South,Hardware,274.82
ORD-005001,2026-05-15,South,Accessories,14.47
ORD-005002,2026-05-15,South,Hardware,472.49
ORD-005003,2026-05-15,South,Services,273.94
ORD-005004,2026-05-15,South,Accessories,43.50
ORD-005005,2026-05-15,South,Accessories,41.66
ORD-005006,2026-05-15,South,,420.18
ORD-005007,2026-05-15,South,Software,205.81
ORD-005008,2026-05-15,South,Software,38.97
ORD-005009,2026-05-15,South,Software,144.10
ORD-005010,2026-05-15,South,Accessories,45.97
ORD-005011,2026-05-15,South,Software,274.00
ORD-005012,2026-05-15,South,Hardware,278.41
ORD-005013,2026-05-15,South,Services,194.35
ORD-005014,2026-05-15,South,Accessories,60.25
ORD-005015,2026-05-15,South,Hardware,229.23
ORD-005016,2026-05-15,South,Software,163.40
ORD-005017,2026-05-15,South,Services,543.76
ORD-005018,2026-05-15,South,Services,648.00
ORD-005019,2026-05-15,South,Accessories,43.72
ORD-005020,2026-05-15,South,Software,223.39
ORD-005021,2026-05-15,South,Hardware,611.80
ORD-005022,2026-05-15,South,Hardware,590.61
ORD-005023,2026-05-15,South,Software,73.41
ORD-005024,2026-05-15,South,Accessories,36.74
ORD-005025,2026-05-15,South,Hardware,513.34
ORD-005026,2026-05-15,South,Software,283.76
ORD-005027,2026-05-15,South,Hardware,626.77
ORD-005028,2026-05-15,South,Services,629.69
ORD-005029,2026-05-15,South,Accessories,41.01
ORD-005030,2026-05-15,South,Hardware,210.99
ORD-005031,2026-05-15,South,Accessories,120.79
ORD-005032,2026-05-15,South,Hardware,194.68
ORD-005033,2026-05-16,North,Hardware,594.84
ORD-005034,2026-05-16,North,Software,80.18
ORD-005035,2026-05-16,North,Services,180.17
ORD-005036,2026-05-16,North,Accessories,31.13
ORD-005037,2026-05-16,North,Hardware,461.09
ORD-005038,2026-05-16,North,Hardware,389.00
ORD-005039,2026-05-16,North,Software,54.87
ORD-005040,2026-05-16,North,Accessories,31.12
ORD-005041,2026-05-16,North,Hardware,248.68
ORD-005042,2026-05-16,North,Hardware,516.34
ORD-005043,2026-05-16,North,Software,258.41
ORD-005044,2026-05-16,North,Hardware,386.11
ORD-005045,2026-05-16,North,Software,124.06
ORD-005046,2026-05-16,North,Services,463.95
ORD-005047,2026-05-16,North,Software,250.05
ORD-005048,2026-05-16,North,Software,130.63
ORD-005049,2026-05-16,North,Accessories,50.02
ORD-005050,2026-05-16,North,Software,105.85
ORD-005051,2026-05-16,North,Accessories,61.56
ORD-005052,2026-05-16,North,Hardware,338.45
ORD-005053,2026-05-16,North,Accessories,24.57
ORD-005054,2026-05-16,North,Services,1513.75
ORD-005055,2026-05-16,North,Hardware,322.22
ORD-005056,2026-05-16,North,Accessories,53.07
ORD-005057,2026-05-16,North,Hardware,104.27
ORD-005058,2026-05-16,North,Software,295.16
ORD-005059,2026-05-16,North,Services,793.26
ORD-005060,2026-05-16,North,Hardware,248.86
ORD-005061,2026-05-16,North,Services,537.39
ORD-005062,2026-05-16,North,Accessories,65.75
ORD-005063,2026-05-16,North,Services,1279.73
ORD-005064,2026-05-16,North,Hardware,209.26
ORD-005065,2026-05-16,North,Software,146.06
ORD-005066,2026-05-16,North,Accessories,28.65
ORD-005067,2026-05-16,North,Hardware,197.65
ORD-005068,2026-05-16,North,Hardware,180.66
ORD-005069,2026-05-16,North,Accessories,72.29
ORD-005070,2026-05-16,North,Hardware,395.03
ORD-005071,2026-05-16,Central,Hardware,190.51
ORD-005072,2026-05-16,Central,Accessories,26.38
ORD-005073,2026-05-16,Central,Software,134.13
ORD-005074,2026-05-16,Central,Services,346.96
ORD-005075,2026-05-16,Central,Hardware,521.35
ORD-005076,2026-05-16,Central,Services,567.29
ORD-005077,2026-05-16,Central,Services,810.05
ORD-005078,2026-05-16,Central,Services,222.40
ORD-005079,2026-05-16,Central,Software,72.20
ORD-005080,2026-05-16,Central,Accessories,33.75
ORD-005081,2026-05-16,Central,Accessories,28.31
ORD-005082,2026-05-16,Central,Services,237.43
ORD-005083,2026-05-16,Central,Software,168.65
ORD-005084,2026-05-16,Central,Software,244.67
ORD-005085,2026-05-16,Central,Accessories,71.42
ORD-005086,2026-05-16,Central,Services,221.95
ORD-005087,2026-05-16,Central,Software,85.41
ORD-005088,2026-05-16,Central,Software,333.14
ORD-005089,2026-05-16,Central,Software,120.37
ORD-005090,2026-05-16,Central,Software,70.22
ORD-005091,2026-05-16,Central,Services,286.04
ORD-005092,2026-05-16,Central,Accessories,126.26
ORD-005093,2026-05-16,Central,Software,80.83
ORD-005094,2026-05-16,Central,Services,290.17
ORD-005095,2026-05-16,Central,Software,228.48
ORD-005096,2026-05-16,Central,Software,401.16
ORD-005097,2026-05-16,Central,Hardware,191.43
ORD-005098,2026-05-16,Central,Hardware,178.03
ORD-005099,2026-05-16,Central,Services,430.43
ORD-005100,2026-05-16,South,Hardware,254.06
ORD-005101,2026-05-16,South,Services,540.07
ORD-005102,2026-05-16,South,Services,743.26
ORD-005103,2026-05-16,South,Accessories,114.27
ORD-005104,2026-05-16,South,Hardware,347.01
ORD-005105,2026-05-16,South,Accessories,124.72
ORD-005106,2026-05-16,South,Software,116.98
ORD-005107,2026-05-16,South,Hardware,565.13
ORD-005108,2026-05-16,South,Services,604.99
ORD-005109,2026-05-16,South,Hardware,494.47
ORD-005110,2026-05-16,South,Hardware,284.12
ORD-005111,2026-05-16,South,Hardware,629.54
ORD-005112,2026-05-16,South,Accessories,27.52
ORD-005113,2026-05-16,South,Hardware,1254.58
ORD-005114,2026-05-16,South,Services,682.25
ORD-005115,2026-05-17,North,Software,104.32
ORD-005116,2026-05-17,North,Accessories,38.96
ORD-005117,2026-05-17,North,Hardware,543.16
ORD-005118,2026-05-17,North,Software,173.98
ORD-005119,2026-05-17,North,Accessories,35.73
ORD-005120,2026-05-17,North,Hardware,603.54
ORD-005121,2026-05-17,North,Accessories,19.68
ORD-005122,2026-05-17,North,Services,490.65
ORD-005123,2026-05-17,North,Software,196.89
ORD-005124,2026-05-17,North,Hardware,179.34
ORD-005125,2026-05-17,North,Hardware,211.53
ORD-005126,2026-05-17,North,Software,83.46
ORD-005127,2026-05-17,North,Software,318.31
ORD-005128,2026-05-17,North,Services,1202.08
ORD-005129,2026-05-17,North,Services,759.07
ORD-005130,2026-05-17,North,Software,96.26
ORD-005131,2026-05-17,North,Software,202.75
ORD-005132,2026-05-17,North,Hardware,171.50
ORD-005133,2026-05-17,North,Hardware,1285.35
ORD-005134,2026-05-17,North,Services,359.69
ORD-005135,2026-05-17,North,Services,287.94
ORD-005136,2026-05-17,North,Accessories,27.30
ORD-005137,2026-05-17,North,Software,259.80
ORD-005138,2026-05-17,North,Accessories,15.59
ORD-005139,2026-05-17,North,Accessories,28.27
ORD-005140,2026-05-17,North,Services,412.84
ORD-005141,2026-05-17,North,Software,133.59
ORD-005142,2026-05-17,North,Accessories,39.11
ORD-005143,2026-05-17,North,Hardware,891.07
ORD-005144,2026-05-17,North,Hardware,351.21
ORD-005145,2026-05-17,North,Hardware,591.95
ORD-005146,2026-05-17,North,Hardware,209.57
ORD-005147,2026-05-17,North,Accessories,21.59
ORD-005148,2026-05-17,North,Accessories,23.05
ORD-005149,2026-05-17,North,Software,63.59
ORD-005150,2026-05-17,North,Software,47.34
ORD-005151,2026-05-17,North,Services,265.05
ORD-005152,2026-05-17,North,Hardware,264.56
ORD-005153,2026-05-17,North,Hardware,230.50
ORD-005154,2026-05-17,Central,Services,980.73
ORD-005155,2026-05-17,Central,Accessories,27.22
ORD-005156,2026-05-17,Central,Hardware,195.89
ORD-005157,2026-05-17,Central,Hardware,350.43
ORD-005158,2026-05-17,Central,Software,168.16
ORD-005159,2026-05-17,Central,Software,64.05
ORD-005160,2026-05-17,Central,Services,886.77
ORD-005161,2026-05-17,Central,Hardware,128.33
ORD-005162,2026-05-17,Central,Accessories,50.16
ORD-005163,2026-05-17,Central,Hardware,268.86
ORD-005164,2026-05-17,Central,Accessories,29.44
ORD-005165,2026-05-17,Central,Hardware,416.70
ORD-005166,2026-05-17,Central,Software,182.69
ORD-005167,2026-05-17,Central,Hardware,429.31
ORD-005168,2026-05-17,Central,Accessories,26.77
ORD-005169,2026-05-17,Central,Accessories,96.04
ORD-005170,2026-05-17,Central,Accessories,19.71
ORD-005171,2026-05-17,Central,Hardware,389.38
ORD-005172,2026-05-17,Central,Hardware,136.65
ORD-005173,2026-05-17,Central,Software,287.20
ORD-005174,2026-05-17,Central,Software,74.67
ORD-005175,2026-05-17,Central,Hardware,581.93
ORD-005176,2026-05-17,Central,Hardware,139.85
ORD-005177,2026-05-17,Central,Services,588.62
ORD-005178,2026-05-17,Central,Software,138.42
ORD-005179,2026-05-17,Central,Accessories,47.63
ORD-005180,2026-05-17,Central,Services,382.97
ORD-005181,2026-05-17,Central,Hardware,180.21
ORD-005182,2026-05-17,Central,Software,101.60
ORD-005183,2026-05-17,Central,Hardware,605.74
ORD-005184,2026-05-17,Central,Services,341.66
ORD-005185,2026-05-17,Central,Services,381.41
ORD-005186,2026-05-17,Central,Accessories,261.94
ORD-005187,2026-05-17,Central,Accessories,24.57
ORD-005188,2026-05-17,Central,Software,79.99
ORD-005189,2026-05-17,Central,Software,134.03
ORD-005190,2026-05-17,Central,,641.65
ORD-005191,2026-05-17,Central,Services,766.06
ORD-005192,2026-05-17,Central,Accessories,94.25
ORD-005193,2026-05-17,Central,Hardware,412.61
ORD-005194,2026-05-17,South,Services,496.17
ORD-005195,2026-05-17,South,Accessories,36.05
ORD-005196,2026-05-17,South,Software,78.71
ORD-005197,2026-05-17,South,Accessories,13.97
ORD-005198,2026-05-17,South,Hardware,1304.75
ORD-005199,2026-05-17,South,Accessories,23.61
ORD-005200,2026-05-17,South,Accessories,54.57
ORD-005201,2026-05-17,South,Software,131.41
ORD-005202,2026-05-17,South,Hardware,332.96
ORD-005203,2026-05-17,South,Hardware,398.75
ORD-005204,2026-05-17,South,Software,161.53
ORD-005205,2026-05-17,South,Accessories,67.54
ORD-005206,2026-05-17,South,Accessories,89.57
ORD-005207,2026-05-17,South,Services,479.06
ORD-005208,2026-05-17,South,Services,506.36
ORD-005209,2026-05-17,South,Software,126.11
ORD-005210,2026-05-17,South,Software,126.53
ORD-005211,2026-05-17,South,Accessories,48.23
ORD-005212,2026-05-17,South,Services,651.42
ORD-005213,2026-05-17,South,Software,93.90
ORD-005214,2026-05-17,South,Services,577.01
ORD-005215,2026-05-17,South,Software,120.77
ORD-005216,2026-05-17,South,Services,393.03
ORD-005217,2026-05-17,South,Services,354.95
ORD-005218,2026-05-17,South,Services,243.27
ORD-005219,2026-05-18,North,Accessories,84.89
ORD-005220,2026-05-18,North,Hardware,130.04
ORD-005221,2026-05-18,North,Hardware,194.58
ORD-005222,2026-05-18,North,Software,235.61
ORD-005223,2026-05-18,North,Accessories,25.36
ORD-005224,2026-05-18,North,Accessories,41.05
ORD-005225,2026-05-18,North,Hardware,145.37
ORD-005226,2026-05-18,North,Accessories,29.37
ORD-005227,2026-05-18,North,Software,115.41
ORD-005228,2026-05-18,North,Hardware,223.79
ORD-005229,2026-05-18,North,Services,1587.11
ORD-005230,2026-05-18,North,Hardware,658.91
ORD-005231,2026-05-18,North,Services,1287.31
ORD-005232,2026-05-18,North,Software,247.61
ORD-005233,2026-05-18,North,Hardware,317.30
ORD-005234,2026-05-18,North,,555.38
ORD-005235,2026-05-18,North,Software,286.96
ORD-005236,2026-05-18,North,Software,184.90
ORD-005237,2026-05-18,North,Hardware,283.98
ORD-005238,2026-05-18,North,Hardware,778.19
ORD-005239,2026-05-18,North,Accessories,41.33
ORD-005240,2026-05-18,North,Accessories,40.10
ORD-005241,2026-05-18,North,Accessories,21.91
ORD-005242,2026-05-18,North,Software,142.51
ORD-005243,2026-05-18,North,Software,214.86
ORD-005244,2026-05-18,North,Software,102.26
ORD-005245,2026-05-18,North,Software,162.50
ORD-005246,2026-05-18,North,Hardware,610.54
ORD-005247,2026-05-18,North,Software,110.39
ORD-005248,2026-05-18,North,Services,284.60
ORD-005249,2026-05-18,North,Hardware,609.22
ORD-005250,2026-05-18,North,Services,1083.38
ORD-005251,2026-05-18,North,Accessories,62.63
ORD-005252,2026-05-18,North,Services,724.03
ORD-005253,2026-05-18,North,Software,179.82
ORD-005254,2026-05-18,North,Hardware,330.59
ORD-005255,2026-05-18,North,Accessories,60.51
ORD-005256,2026-05-18,North,Software,232.11
ORD-005257,2026-05-18,North,Hardware,169.65
ORD-005258,2026-05-18,North,Hardware,717.03
ORD-005259,2026-05-18,North,Hardware,587.59
ORD-005260,2026-05-18,North,Hardware,273.51
ORD-005261,2026-05-18,North,Services,122.25
ORD-005262,2026-05-18,North,Hardware,658.01
ORD-005263,2026-05-18,North,Software,256.95
ORD-005264,2026-05-18,North,Accessories,22.75
ORD-005265,2026-05-18,North,Accessories,58.70
ORD-005266,2026-05-18,North,Hardware,153.99
ORD-005267,2026-05-18,North,Accessories,30.61
ORD-005268,2026-05-18,North,Hardware,149.06
ORD-005269,2026-05-18,North,Hardware,212.11
ORD-005270,2026-05-18,North,Software,80.26
ORD-005271,2026-05-18,North,Hardware,509.11
ORD-005272,2026-05-18,North,Hardware,193.94
ORD-005273,2026-05-18,Central,Software,108.81
ORD-005274,2026-05-18,Central,Hardware,331.55
ORD-005275,2026-05-18,Central,Software,92.47
ORD-005276,2026-05-18,Central,Hardware,603.67
ORD-005277,2026-05-18,Central,Software,176.18
ORD-005278,2026-05-18,Central,Software,130.43
ORD-005279,2026-05-18,Central,Services,523.24
ORD-005280,2026-05-18,Central,Accessories,33.94
ORD-005281,2026-05-18,Central,Services,539.63
ORD-005282,2026-05-18,Central,Services,840.12
ORD-005283,2026-05-18,Central,Accessories,15.32
ORD-005284,2026-05-18,Central,Services,794.19
ORD-005285,2026-05-18,Central,Hardware,237.13
ORD-005286,2026-05-18,Central,Services,626.21
ORD-005287,2026-05-18,Central,Services,236.87
ORD-005288,2026-05-18,Central,Software,262.14
ORD-005289,2026-05-18,Central,Services,963.30
ORD-005290,2026-05-18,Central,Software,15.36
ORD-005291,2026-05-18,Central,Software,244.53
ORD-005292,2026-05-18,Central,Software,384.27
ORD-005293,2026-05-18,Central,Services,423.68
ORD-005294,2026-05-18,Central,Services,244.48
ORD-005295,2026-05-18,Central,Services,436.82
ORD-005296,2026-05-18,Central,Hardware,203.92
ORD-005297,2026-05-18,Central,Hardware,215.70
ORD-005298,2026-05-18,Central,Hardware,570.22
ORD-005299,2026-05-18,Central,Software,62.61
ORD-005300,2026-05-18,Central,Accessories,15.71
ORD-005301,2026-05-18,Central,Software,45.46
ORD-005302,2026-05-18,Central,Software,256.26
ORD-005303,2026-05-18,Central,Software,83.44
ORD-005304,2026-05-18,Central,Hardware,345.68
ORD-005305,2026-05-18,Central,Accessories,31.60
ORD-005306,2026-05-18,Central,Accessories,35.51
ORD-005307,2026-05-18,Central,Software,135.29
ORD-005308,2026-05-18,Central,Hardware,342.04
ORD-005309,2026-05-18,Central,Hardware,458.36
ORD-005310,2026-05-18,Central,Hardware,280.19
ORD-005311,2026-05-18,Central,,169.15
ORD-005312,2026-05-18,Central,Software,158.86
ORD-005313,2026-05-18,Central,Services,216.70
ORD-005314,2026-05-18,Central,Software,65.07
ORD-005315,2026-05-18,Central,Software,192.30
ORD-005316,2026-05-18,Central,Software,162.91
ORD-005317,2026-05-18,Central,Hardware,446.76
ORD-005318,2026-05-18,South,Software,136.57
ORD-005319,2026-05-18,South,Software,82.45
ORD-005320,2026-05-18,South,Software,281.42
ORD-005321,2026-05-18,South,Software,199.59
ORD-005322,2026-05-18,South,Accessories,28.91
ORD-005323,2026-05-18,South,Services,397.45
ORD-005324,2026-05-18,South,Hardware,193.41
ORD-005325,2026-05-18,South,Accessories,16.43
ORD-005326,2026-05-18,South,Hardware,242.26
ORD-005327,2026-05-18,South,Software,121.74
ORD-005328,2026-05-18,South,Accessories,26.39
ORD-005329,2026-05-18,South,Hardware,353.17
ORD-005330,2026-05-18,South,Software,63.49
ORD-005331,2026-05-18,South,Software,237.11
ORD-005332,2026-05-18,South,Services,714.70
ORD-005333,2026-05-18,South,Accessories,32.47
ORD-005334,2026-05-18,South,Accessories,69.40
ORD-005335,2026-05-18,South,Software,158.91
ORD-005336,2026-05-18,South,Accessories,51.14
ORD-005337,2026-05-18,South,Services,351.84
ORD-005338,2026-05-18,South,Software,157.91
ORD-005339,2026-05-18,South,Accessories,83.61
ORD-005340,2026-05-18,South,Hardware,228.80
ORD-005341,2026-05-18,South,Software,209.64
ORD-005342,2026-05-18,South,Hardware,228.59
ORD-005343,2026-05-18,South,Accessories,74.39
ORD-005344,2026-05-18,South,Services,415.57
ORD-005345,2026-05-18,South,Accessories,41.59
ORD-005346,2026-05-18,South,Accessories,8.92
ORD-005347,2026-05-18,South,Hardware,374.32
ORD-005348,2026-05-18,South,Software,277.30
ORD-005349,2026-05-18,South,Hardware,143.09
ORD-005350,2026-05-19,North,Services,476.27
ORD-005351,2026-05-19,North,Accessories,29.84
ORD-005352,2026-05-19,North,Software,82.19
ORD-005353,2026-05-19,North,Software,104.05
ORD-005354,2026-05-19,North,Hardware,394.75
ORD-005355,2026-05-19,North,Accessories,44.34
ORD-005356,2026-05-19,North,Software,112.58
ORD-005357,2026-05-19,North,,721.89
ORD-005358,2026-05-19,North,Software,38.31
ORD-005359,2026-05-19,North,Software,55.61
ORD-005360,2026-05-19,North,Hardware,337.40
ORD-005361,2026-05-19,North,Hardware,589.03
ORD-005362,2026-05-19,North,Services,595.50
ORD-005363,2026-05-19,North,Services,365.07
ORD-005364,2026-05-19,North,Hardware,280.72
ORD-005365,2026-05-19,North,Accessories,66.64
ORD-005366,2026-05-19,North,Services,282.63
ORD-005367,2026-05-19,North,Services,959.52
ORD-005368,2026-05-19,North,Accessories,46.01
ORD-005369,2026-05-19,North,Software,72.52
ORD-005370,2026-05-19,North,Software,110.42
ORD-005371,2026-05-19,North,Accessories,31.14
ORD-005372,2026-05-19,North,Hardware,989.64
ORD-005373,2026-05-19,North,Services,227.39
ORD-005374,2026-05-19,North,Software,69.76
ORD-005375,2026-05-19,North,Accessories,69.38
ORD-005376,2026-05-19,North,Services,367.30
ORD-005377,2026-05-19,North,Software,148.82
ORD-005378,2026-05-19,North,Software,171.62
ORD-005379,2026-05-19,North,Hardware,305.68
ORD-005380,2026-05-19,North,Services,1093.47
ORD-005381,2026-05-19,North,Hardware,393.63
ORD-005382,2026-05-19,North,Hardware,268.67
ORD-005383,2026-05-19,North,Hardware,148.94
ORD-005384,2026-05-19,North,Services,470.60
ORD-005385,2026-05-19,North,Hardware,131.69
ORD-005386,2026-05-19,North,Accessories,40.66
ORD-005387,2026-05-19,North,Services,793.75
ORD-005388,2026-05-19,North,Services,1082.87
ORD-005389,2026-05-19,North,Services,226.71
ORD-005390,2026-05-19,North,Accessories,49.51
ORD-005391,2026-05-19,North,Hardware,790.95
ORD-005392,2026-05-19,North,Software,153.95
ORD-005393,2026-05-19,North,Hardware,585.07
ORD-005394,2026-05-19,North,Hardware,118.29
ORD-005395,2026-05-19,North,Hardware,111.32
ORD-005396,2026-05-19,North,Hardware,262.07
ORD-005397,2026-05-19,North,Software,172.08
ORD-005398,2026-05-19,Central,Software,120.12
ORD-005399,2026-05-19,Central,Services,451.41
ORD-005400,2026-05-19,Central,Software,114.00
ORD-005401,2026-05-19,Central,Accessories,46.96
ORD-005402,2026-05-19,Central,Hardware,268.26
ORD-005403,2026-05-19,Central,Services,262.42
ORD-005404,2026-05-19,Central,Software,351.68
ORD-005405,2026-05-19,Central,Services,443.05
ORD-005406,2026-05-19,Central,Services,532.23
ORD-005407,2026-05-19,Central,Hardware,220.00
ORD-005408,2026-05-19,Central,Accessories,29.89
ORD-005409,2026-05-19,Central,Hardware,266.72
ORD-005410,2026-05-19,Central,Hardware,200.43
ORD-005411,2026-05-19,Central,Accessories,25.53
ORD-005412,2026-05-19,Central,Software,242.91
ORD-005413,2026-05-19,Central,Accessories,88.48
ORD-005414,2026-05-19,Central,Services,563.45
ORD-005415,2026-05-19,Central,Services,668.80
ORD-005416,2026-05-19,Central,Software,64.46
ORD-005417,2026-05-19,Central,Hardware,351.79
ORD-005418,2026-05-19,Central,Accessories,39.40
ORD-005419,2026-05-19,Central,Software,78.04
ORD-005420,2026-05-19,Central,Services,795.35
ORD-005421,2026-05-19,Central,Hardware,252.74
ORD-005422,2026-05-19,Central,Hardware,349.69
ORD-005423,2026-05-19,Central,Hardware,496.51
ORD-005424,2026-05-19,Central,Accessories,48.23
ORD-005425,2026-05-19,Central,Software,143.44
ORD-005426,2026-05-19,Central,Accessories,37.95
ORD-005427,2026-05-19,Central,Software,97.05
ORD-005428,2026-05-19,Central,Accessories,10.07
ORD-005429,2026-05-19,Central,Hardware,225.42
ORD-005430,2026-05-19,Central,Accessories,67.24
ORD-005431,2026-05-19,Central,Software,171.66
ORD-005432,2026-05-19,Central,Software,247.37
ORD-005433,2026-05-19,Central,Services,237.92
ORD-005434,2026-05-19,Central,Services,526.94
ORD-005435,2026-05-19,Central,Hardware,517.28
ORD-005436,2026-05-19,South,Hardware,139.02
ORD-005437,2026-05-19,South,Services,799.48
ORD-005438,2026-05-19,South,Accessories,36.52
ORD-005439,2026-05-19,South,Hardware,239.87
ORD-005440,2026-05-19,South,Services,864.52
ORD-005441,2026-05-19,South,Hardware,237.76
ORD-005442,2026-05-19,South,Accessories,10.64
ORD-005443,2026-05-19,South,,2022.32
ORD-005444,2026-05-19,South,Hardware,430.75
ORD-005445,2026-05-19,South,Accessories,97.75
ORD-005446,2026-05-19,South,Software,71.70
ORD-005447,2026-05-19,South,Hardware,115.98
ORD-005448,2026-05-19,South,Hardware,807.33
ORD-005449,2026-05-19,South,Software,103.88
ORD-005450,2026-05-19,South,Software,89.51
ORD-005451,2026-05-19,South,Accessories,99.93
ORD-005452,2026-05-19,South,Hardware,182.29
ORD-005453,2026-05-19,South,Hardware,173.35
ORD-005454,2026-05-19,South,Accessories,29.97
ORD-005455,2026-05-19,South,Hardware,220.75
ORD-005456,2026-05-19,South,Software,86.64
ORD-005457,2026-05-19,South,Software,95.36
ORD-005458,2026-05-19,South,Hardware,366.19
ORD-005459,2026-05-19,South,Hardware,360.76
ORD-005460,2026-05-19,South,Services,1542.27
ORD-005461,2026-05-19,South,Accessories,48.79
ORD-005462,2026-05-19,South,Software,242.10
ORD-005463,2026-05-19,South,Software,214.65
ORD-005464,2026-05-19,South,Hardware,574.77
ORD-005465,2026-05-19,South,Software,264.82
ORD-005466,2026-05-19,South,Accessories,17.23
ORD-005467,2026-05-20,North,Accessories,68.44
ORD-005468,2026-05-20,North,Hardware,491.18
ORD-005469,2026-05-20,North,Hardware,309.17
ORD-005470,2026-05-20,North,Software,70.69
ORD-005471,2026-05-20,North,Software,125.90
ORD-005472,2026-05-20,North,Accessories,36.51
ORD-005473,2026-05-20,North,Services,104.97
ORD-005474,2026-05-20,North,Accessories,64.34
ORD-005475,2026-05-20,North,Services,139.45
ORD-005476,2026-05-20,North,Accessories,119.60
ORD-005477,2026-05-20,North,Software,123.31
ORD-005478,2026-05-20,North,Software,86.05
ORD-005479,2026-05-20,North,Hardware,484.39
ORD-005480,2026-05-20,North,Accessories,35.74
ORD-005481,2026-05-20,North,,679.69
ORD-005482,2026-05-20,North,Software,104.67
ORD-005483,2026-05-20,North,Services,1047.77
ORD-005484,2026-05-20,North,Software,120.75
ORD-005485,2026-05-20,North,Services,209.00
ORD-005486,2026-05-20,North,Accessories,41.50
ORD-005487,2026-05-20,North,Hardware,156.98
ORD-005488,2026-05-20,North,Software,196.79
ORD-005489,2026-05-20,North,Hardware,166.11
ORD-005490,2026-05-20,North,Hardware,320.90
ORD-005491,2026-05-20,North,Accessories,16.55
ORD-005492,2026-05-20,North,Accessories,105.64
ORD-005493,2026-05-20,North,Software,124.64
ORD-005494,2026-05-20,North,Accessories,46.59
ORD-005495,2026-05-20,North,Software,126.68
ORD-005496,2026-05-20,North,Hardware,284.96
ORD-005497,2026-05-20,North,Services,1681.62
ORD-005498,2026-05-20,North,Software,108.21
ORD-005499,2026-05-20,North,Hardware,91.99
ORD-005500,2026-05-20,North,Services,550.24
ORD-005501,2026-05-20,North,Hardware,510.52
ORD-005502,2026-05-20,North,Services,733.48
ORD-005503,2026-05-20,North,Accessories,44.11
ORD-005504,2026-05-20,North,,101.42
ORD-005505,2026-05-20,North,Software,72.65
ORD-005506,2026-05-20,North,Accessories,49.24
ORD-005507,2026-05-20,North,Services,240.79
ORD-005508,2026-05-20,North,Services,377.65
ORD-005509,2026-05-20,Central,Software,95.38
ORD-005510,2026-05-20,Central,Services,703.55
ORD-005511,2026-05-20,Central,Software,190.19
ORD-005512,2026-05-20,Central,Software,58.37
ORD-005513,2026-05-20,Central,Services,305.37
ORD-005514,2026-05-20,Central,Accessories,34.11
ORD-005515,2026-05-20,Central,Accessories,79.19
ORD-005516,2026-05-20,Central,Services,340.67
ORD-005517,2026-05-20,Central,Hardware,281.96
ORD-005518,2026-05-20,Central,Hardware,246.67
ORD-005519,2026-05-20,Central,Hardware,177.54
ORD-005520,2026-05-20,Central,Accessories,28.07
ORD-005521,2026-05-20,Central,Hardware,366.13
ORD-005522,2026-05-20,Central,Software,79.54
ORD-005523,2026-05-20,Central,Hardware,307.66
ORD-005524,2026-05-20,Central,Accessories,22.57
ORD-005525,2026-05-20,Central,Services,911.21
ORD-005526,2026-05-20,Central,Hardware,271.92
ORD-005527,2026-05-20,Central,Accessories,112.36
ORD-005528,2026-05-20,Central,Software,259.84
ORD-005529,2026-05-20,Central,Accessories,58.05
ORD-005530,2026-05-20,Central,Software,79.58
ORD-005531,2026-05-20,Central,Services,276.34
ORD-005532,2026-05-20,Central,Services,1072.65
ORD-005533,2026-05-20,Central,Software,86.10
ORD-005534,2026-05-20,Central,Services,531.74
ORD-005535,2026-05-20,Central,Software,205.11
ORD-005536,2026-05-20,Central,Accessories,54.45
ORD-005537,2026-05-20,Central,Hardware,575.50
ORD-005538,2026-05-20,Central,Software,115.81
ORD-005539,2026-05-20,Central,Software,112.84
ORD-005540,2026-05-20,Central,Accessories,39.16
ORD-005541,2026-05-20,Central,Software,218.02
ORD-005542,2026-05-20,Central,Hardware,780.04
ORD-005543,2026-05-20,Central,Software,77.10
ORD-005544,2026-05-20,Central,Hardware,404.34
ORD-005545,2026-05-20,Central,Accessories,14.10
ORD-005546,2026-05-20,Central,Hardware,289.15
ORD-005547,2026-05-20,Central,Hardware,153.50
ORD-005548,2026-05-20,Central,Software,61.06
ORD-005549,2026-05-20,Central,Accessories,47.75
ORD-005550,2026-05-20,Central,Hardware,112.45
ORD-005551,2026-05-20,Central,Software,228.31
ORD-005552,2026-05-20,Central,Accessories,7.70
ORD-005553,2026-05-20,Central,Software,179.54
ORD-005554,2026-05-20,Central,Hardware,361.52
ORD-005555,2026-05-20,Central,Software,165.83
ORD-005556,2026-05-20,Central,Accessories,46.95
ORD-005557,2026-05-20,Central,Hardware,388.70
ORD-005558,2026-05-20,Central,Services,455.11
ORD-005559,2026-05-20,Central,Software,135.60
ORD-005560,2026-05-20,Central,Hardware,389.06
ORD-005561,2026-05-20,South,Accessories,34.49
ORD-005562,2026-05-20,South,Software,76.14
ORD-005563,2026-05-20,South,Services,331.81
ORD-005564,2026-05-20,South,Software,144.75
ORD-005565,2026-05-20,South,Hardware,258.29
ORD-005566,2026-05-20,South,Hardware,233.62
ORD-005567,2026-05-20,South,Services,656.34
ORD-005568,2026-05-20,South,Hardware,385.50
ORD-005569,2026-05-20,South,Accessories,82.87
ORD-005570,2026-05-20,South,Software,210.02
ORD-005571,2026-05-20,South,Services,705.93
ORD-005572,2026-05-20,South,Accessories,40.54
ORD-005573,2026-05-20,South,Software,91.20
ORD-005574,2026-05-20,South,Hardware,435.54
ORD-005575,2026-05-20,South,Hardware,639.53
ORD-005576,2026-05-20,South,Services,500.89
ORD-005577,2026-05-20,South,Software,54.07
ORD-005578,2026-05-20,South,Hardware,120.73
ORD-005579,2026-05-20,South,Software,35.03
ORD-005580,2026-05-20,South,Hardware,391.60
ORD-005581,2026-05-20,South,Accessories,37.35
ORD-005582,2026-05-20,South,Services,747.07
ORD-005583,2026-05-20,South,Accessories,83.96
ORD-005584,2026-05-20,South,Hardware,198.79
ORD-005585,2026-05-20,South,Software,320.33
ORD-005586,2026-05-20,South,Software,214.32
ORD-005587,2026-05-20,South,Hardware,154.14
ORD-005588,2026-05-20,South,Services,294.74
ORD-005589,2026-05-20,South,Hardware,601.97
ORD-005590,2026-05-20,South,Hardware,231.67
ORD-005591,2026-05-20,South,Software,55.38
ORD-005592,2026-05-20,South,Software,40.95
ORD-005593,2026-05-20,South,Hardware,338.73
ORD-005594,2026-05-20,South,Hardware,348.04
ORD-005595,2026-05-20,South,Hardware,345.48
ORD-005596,2026-05-20,South,Software,180.60
ORD-005597,2026-05-20,South,Hardware,336.92
ORD-005598,2026-05-21,North,Software,127.50
ORD-005599,2026-05-21,North,Hardware,278.20
ORD-005600,2026-05-21,North,Accessories,82.52
ORD-005601,2026-05-21,North,Services,652.52
ORD-005602,2026-05-21,North,Accessories,51.60
ORD-005603,2026-05-21,North,Hardware,713.95
ORD-005604,2026-05-21,North,Services,674.63
ORD-005605,2026-05-21,North,Services,573.66
ORD-005606,2026-05-21,North,Accessories,54.93
ORD-005607,2026-05-21,North,Software,234.12
ORD-005608,2026-05-21,North,Accessories,24.10
ORD-005609,2026-05-21,North,Software,197.94
ORD-005610,2026-05-21,North,Software,153.65
ORD-005611,2026-05-21,North,Hardware,369.65
ORD-005612,2026-05-21,North,Services,732.22
ORD-005613,2026-05-21,North,Accessories,34.43
ORD-005614,2026-05-21,North,Hardware,142.04
ORD-005615,2026-05-21,North,Hardware,643.42
ORD-005616,2026-05-21,North,Accessories,66.02
ORD-005617,2026-05-21,North,Accessories,70.62
ORD-005618,2026-05-21,North,Hardware,913.61
ORD-005619,2026-05-21,North,Hardware,473.45
ORD-005620,2026-05-21,North,Accessories,16.60
ORD-005621,2026-05-21,North,Hardware,462.15
ORD-005622,2026-05-21,North,Hardware,313.96
ORD-005623,2026-05-21,North,Software,41.63
ORD-005624,2026-05-21,North,Hardware,317.88
ORD-005625,2026-05-21,North,Hardware,88.69
ORD-005626,2026-05-21,North,Hardware,403.18
ORD-005627,2026-05-21,North,Accessories,36.90
ORD-005628,2026-05-21,North,,187.44
ORD-005629,2026-05-21,North,Services,501.32
ORD-005630,2026-05-21,North,Accessories,33.85
ORD-005631,2026-05-21,North,Services,1085.09
ORD-005632,2026-05-21,North,Services,385.17
ORD-005633,2026-05-21,North,Software,142.06
ORD-005634,2026-05-21,North,Software,113.23
ORD-005635,2026-05-21,North,Services,1594.52
ORD-005636,2026-05-21,North,Services,555.94
ORD-005637,2026-05-21,North,Services,1028.96
ORD-005638,2026-05-21,Central,Services,350.84
ORD-005639,2026-05-21,Central,Hardware,748.91
ORD-005640,2026-05-21,Central,Hardware,951.62
ORD-005641,2026-05-21,Central,Hardware,336.31
ORD-005642,2026-05-21,Central,Hardware,172.84
ORD-005643,2026-05-21,Central,Hardware,555.02
ORD-005644,2026-05-21,Central,Accessories,26.48
ORD-005645,2026-05-21,Central,Services,560.64
ORD-005646,2026-05-21,Central,Accessories,31.32
ORD-005647,2026-05-21,Central,Hardware,129.81
ORD-005648,2026-05-21,Central,Accessories,35.48
ORD-005649,2026-05-21,Central,Hardware,350.87
ORD-005650,2026-05-21,Central,Accessories,56.86
ORD-005651,2026-05-21,Central,Software,200.43
ORD-005652,2026-05-21,Central,Software,269.92
ORD-005653,2026-05-21,Central,Services,977.13
ORD-005654,2026-05-21,Central,Software,92.94
ORD-005655,2026-05-21,Central,Services,896.67
ORD-005656,2026-05-21,Central,,97.68
ORD-005657,2026-05-21,Central,Hardware,205.94
ORD-005658,2026-05-21,Central,Software,54.58
ORD-005659,2026-05-21,Central,Services,1993.80
ORD-005660,2026-05-21,Central,Services,523.10
ORD-005661,2026-05-21,Central,Accessories,18.61
ORD-005662,2026-05-21,Central,Accessories,23.26
ORD-005663,2026-05-21,Central,Hardware,297.92
ORD-005664,2026-05-21,Central,Software,179.57
ORD-005665,2026-05-21,Central,Accessories,43.21
ORD-005666,2026-05-21,Central,Services,756.46
ORD-005667,2026-05-21,Central,Accessories,18.54
ORD-005668,2026-05-21,Central,Services,503.59
ORD-005669,2026-05-21,Central,Hardware,254.55
ORD-005670,2026-05-21,Central,Software,163.88
ORD-005671,2026-05-21,Central,Hardware,121.43
ORD-005672,2026-05-21,Central,Software,95.48
ORD-005673,2026-05-21,Central,Accessories,24.94
ORD-005674,2026-05-21,Central,Accessories,39.89
ORD-005675,2026-05-21,Central,Services,1287.49
ORD-005676,2026-05-21,Central,Software,81.01
ORD-005677,2026-05-21,South,Hardware,282.50
ORD-005678,2026-05-21,South,Hardware,538.95
ORD-005679,2026-05-21,South,Hardware,496.92
ORD-005680,2026-05-21,South,,569.93
ORD-005681,2026-05-21,South,Software,292.99
ORD-005682,2026-05-21,South,Software,83.89
ORD-005683,2026-05-21,South,Hardware,311.39
ORD-005684,2026-05-21,South,Software,87.88
ORD-005685,2026-05-21,South,Services,727.03
ORD-005686,2026-05-21,South,Software,271.06
ORD-005687,2026-05-21,South,Software,203.08
ORD-005688,2026-05-21,South,Hardware,351.67
ORD-005689,2026-05-21,South,,518.58
ORD-005690,2026-05-21,South,Services,624.12
ORD-005691,2026-05-21,South,Software,149.85
ORD-005692,2026-05-21,South,Accessories,24.81
ORD-005693,2026-05-21,South,Software,169.88
ORD-005694,2026-05-21,South,Accessories,91.76
ORD-005695,2026-05-21,South,Hardware,350.16
ORD-005696,2026-05-21,South,Software,135.28
ORD-005697,2026-05-21,South,Services,613.54
ORD-005698,2026-05-21,South,Hardware,819.67
ORD-005699,2026-05-21,South,Software,205.77
ORD-005700,2026-05-21,South,Hardware,249.53
ORD-005701,2026-05-21,South,Services,617.22
ORD-005702,2026-05-21,South,Software,137.55
ORD-005703,2026-05-21,South,Accessories,10.47
ORD-005704,2026-05-21,South,Accessories,20.68
ORD-005705,2026-05-21,South,Hardware,278.05
ORD-005706,2026-05-21,South,Services,529.33
ORD-005707,2026-05-21,South,Hardware,259.34
ORD-005708,2026-05-22,North,Software,199.05
ORD-005709,2026-05-22,North,Accessories,36.43
ORD-005710,2026-05-22,North,,64.13
ORD-005711,2026-05-22,North,Services,462.19
ORD-005712,2026-05-22,North,Software,136.79
ORD-005713,2026-05-22,North,Accessories,62.24
ORD-005714,2026-05-22,North,Software,45.28
ORD-005715,2026-05-22,North,Accessories,35.65
ORD-005716,2026-05-22,North,Services,370.13
ORD-005717,2026-05-22,North,Hardware,593.43
ORD-005718,2026-05-22,North,Accessories,40.37
ORD-005719,2026-05-22,North,Accessories,27.41
ORD-005720,2026-05-22,North,Services,869.18
ORD-005721,2026-05-22,North,Accessories,45.96
ORD-005722,2026-05-22,North,Services,446.54
ORD-005723,2026-05-22,North,Hardware,221.60
ORD-005724,2026-05-22,North,Services,726.74
ORD-005725,2026-05-22,North,Hardware,170.15
ORD-005726,2026-05-22,North,Software,64.47
ORD-005727,2026-05-22,North,Accessories,17.23
ORD-005728,2026-05-22,North,Software,47.41
ORD-005729,2026-05-22,North,Services,379.39
ORD-005730,2026-05-22,North,Hardware,406.86
ORD-005731,2026-05-22,North,Hardware,327.62
ORD-005732,2026-05-22,North,Hardware,211.92
ORD-005733,2026-05-22,North,Accessories,28.09
ORD-005734,2026-05-22,North,Hardware,192.03
ORD-005735,2026-05-22,North,Hardware,622.17
ORD-005736,2026-05-22,North,Accessories,14.77
ORD-005737,2026-05-22,North,Accessories,21.21
ORD-005738,2026-05-22,North,Services,695.89
ORD-005739,2026-05-22,North,Software,129.22
ORD-005740,2026-05-22,North,Services,1227.12
ORD-005741,2026-05-22,North,Accessories,24.17
ORD-005742,2026-05-22,North,Hardware,754.88
ORD-005743,2026-05-22,North,,1459.99
ORD-005744,2026-05-22,North,Accessories,95.54
ORD-005745,2026-05-22,North,Services,886.52
ORD-005746,2026-05-22,North,Accessories,59.00
ORD-005747,2026-05-22,North,Hardware,296.27
ORD-005748,2026-05-22,North,Accessories,39.38
ORD-005749,2026-05-22,North,Services,479.27
ORD-005750,2026-05-22,North,Hardware,325.81
ORD-005751,2026-05-22,North,Hardware,316.34
ORD-005752,2026-05-22,Central,Hardware,238.77
ORD-005753,2026-05-22,Central,Software,107.55
ORD-005754,2026-05-22,Central,Accessories,52.28
ORD-005755,2026-05-22,Central,,64.76
ORD-005756,2026-05-22,Central,Services,290.11
ORD-005757,2026-05-22,Central,Services,1119.22
ORD-005758,2026-05-22,Central,Accessories,47.71
ORD-005759,2026-05-22,Central,Accessories,23.99
ORD-005760,2026-05-22,Central,Accessories,33.37
ORD-005761,2026-05-22,Central,Hardware,172.96
ORD-005762,2026-05-22,Central,Services,80.53
ORD-005763,2026-05-22,Central,Accessories,34.06
ORD-005764,2026-05-22,Central,Hardware,196.14
ORD-005765,2026-05-22,Central,Software,144.50
ORD-005766,2026-05-22,Central,Accessories,36.66
ORD-005767,2026-05-22,Central,Hardware,339.05
ORD-005768,2026-05-22,Central,,101.53
ORD-005769,2026-05-22,Central,Software,154.78
ORD-005770,2026-05-22,Central,Software,144.89
ORD-005771,2026-05-22,Central,Software,147.40
ORD-005772,2026-05-22,Central,Accessories,33.43
ORD-005773,2026-05-22,Central,Accessories,31.80
ORD-005774,2026-05-22,Central,Accessories,52.78
ORD-005775,2026-05-22,Central,Software,66.98
ORD-005776,2026-05-22,Central,Hardware,505.32
ORD-005777,2026-05-22,Central,Accessories,36.74
ORD-005778,2026-05-22,Central,Accessories,17.37
ORD-005779,2026-05-22,Central,Services,433.97
ORD-005780,2026-05-22,Central,Services,325.24
ORD-005781,2026-05-22,Central,Software,78.94
ORD-005782,2026-05-22,Central,Hardware,229.92
ORD-005783,2026-05-22,Central,Accessories,24.68
ORD-005784,2026-05-22,Central,Hardware,256.79
ORD-005785,2026-05-22,Central,Hardware,310.62
ORD-005786,2026-05-22,Central,Hardware,845.59
ORD-005787,2026-05-22,Central,Hardware,474.88
ORD-005788,2026-05-22,Central,Software,120.71
ORD-005789,2026-05-22,Central,Software,122.16
ORD-005790,2026-05-22,Central,Hardware,317.91
ORD-005791,2026-05-22,Central,Services,740.85
ORD-005792,2026-05-22,Central,Services,206.25
ORD-005793,2026-05-22,Central,Services,2214.64
ORD-005794,2026-05-22,Central,Accessories,26.38
ORD-005795,2026-05-22,Central,Accessories,61.98
ORD-005796,2026-05-22,South,Software,168.00
ORD-005797,2026-05-22,South,Software,167.43
ORD-005798,2026-05-22,South,Hardware,333.55
ORD-005799,2026-05-22,South,Accessories,16.77
ORD-005800,2026-05-22,South,Hardware,288.33
ORD-005801,2026-05-22,South,Hardware,290.10
ORD-005802,2026-05-22,South,Software,183.33
ORD-005803,2026-05-22,South,Accessories,105.03
ORD-005804,2026-05-22,South,Software,266.80
ORD-005805,2026-05-22,South,Hardware,427.02
ORD-005806,2026-05-22,South,Software,35.45
ORD-005807,2026-05-22,South,Services,654.30
ORD-005808,2026-05-22,South,Accessories,44.70
ORD-005809,2026-05-22,South,Software,767.18
ORD-005810,2026-05-22,South,Accessories,33.30
ORD-005811,2026-05-22,South,Software,109.19
ORD-005812,2026-05-22,South,Software,147.01
ORD-005813,2026-05-22,South,Hardware,364.75
ORD-005814,2026-05-22,South,Software,113.54
ORD-005815,2026-05-22,South,Accessories,40.11
ORD-005816,2026-05-22,South,Hardware,595.32
ORD-005817,2026-05-22,South,Software,162.85
ORD-005818,2026-05-22,South,Hardware,699.80
ORD-005819,2026-05-22,South,Services,390.12
ORD-005820,2026-05-22,South,Accessories,17.52
ORD-005821,2026-05-22,South,Services,542.37
ORD-005822,2026-05-22,South,Accessories,140.08
ORD-005823,2026-05-22,South,Services,681.92
ORD-005824,2026-05-22,South,Accessories,29.85
ORD-005825,2026-05-22,South,Software,103.07
ORD-005826,2026-05-22,South,Hardware,150.36
ORD-005827,2026-05-22,South,Accessories,39.68
ORD-005828,2026-05-22,South,Accessories,36.64
ORD-005829,2026-05-22,South,Software,170.74
ORD-005830,2026-05-22,South,Hardware,684.98
ORD-005831,2026-05-22,South,Services,412.64
ORD-005832,2026-05-22,South,Software,211.91
ORD-005833,2026-05-22,South,Services,369.39
ORD-005834,2026-05-22,South,Hardware,118.53
ORD-005835,2026-05-22,South,Software,147.39
ORD-005836,2026-05-23,North,Accessories,21.65
ORD-005837,2026-05-23,North,Software,146.54
ORD-005838,2026-05-23,North,Accessories,10.47
ORD-005839,2026-05-23,North,Accessories,13.91
ORD-005840,2026-05-23,North,Accessories,23.24
ORD-005841,2026-05-23,North,Hardware,201.54
ORD-005842,2026-05-23,North,Software,80.85
ORD-005843,2026-05-23,North,Accessories,65.50
ORD-005844,2026-05-23,North,Hardware,339.22
ORD-005845,2026-05-23,North,Services,721.31
ORD-005846,2026-05-23,North,Software,89.93
ORD-005847,2026-05-23,North,Software,41.64
ORD-005848,2026-05-23,North,Accessories,38.88
ORD-005849,2026-05-23,North,Hardware,280.89
ORD-005850,2026-05-23,North,Accessories,67.29
ORD-005851,2026-05-23,North,Software,325.68
ORD-005852,2026-05-23,North,Hardware,134.04
ORD-005853,2026-05-23,North,Hardware,385.82
ORD-005854,2026-05-23,North,Hardware,295.45
ORD-005855,2026-05-23,North,Accessories,21.79
ORD-005856,2026-05-23,North,Accessories,35.72
ORD-005857,2026-05-23,North,Hardware,339.08
ORD-005858,2026-05-23,North,Software,216.78
ORD-005859,2026-05-23,North,Accessories,30.63
ORD-005860,2026-05-23,North,Services,731.70
ORD-005861,2026-05-23,North,Hardware,144.64
ORD-005862,2026-05-23,North,Hardware,252.33
ORD-005863,2026-05-23,North,Software,187.03
ORD-005864,2026-05-23,North,Hardware,354.20
ORD-005865,2026-05-23,North,Accessories,60.06
ORD-005866,2026-05-23,North,Hardware,411.33
ORD-005867,2026-05-23,North,Accessories,43.24
ORD-005868,2026-05-23,Central,Accessories,42.42
ORD-005869,2026-05-23,Central,Services,405.45
ORD-005870,2026-05-23,Central,Software,151.29
ORD-005871,2026-05-23,Central,Hardware,191.85
ORD-005872,2026-05-23,Central,Software,147.53
ORD-005873,2026-05-23,Central,Services,1278.02
ORD-005874,2026-05-23,Central,Hardware,232.52
ORD-005875,2026-05-23,Central,Accessories,64.45
ORD-005876,2026-05-23,Central,Software,78.96
ORD-005877,2026-05-23,Central,Hardware,203.02
ORD-005878,2026-05-23,Central,Software,232.34
ORD-005879,2026-05-23,Central,Software,123.19
ORD-005880,2026-05-23,Central,Hardware,192.91
ORD-005881,2026-05-23,Central,Hardware,634.58
ORD-005882,2026-05-23,Central,Software,127.43
ORD-005883,2026-05-23,Central,Services,301.04
ORD-005884,2026-05-23,Central,Accessories,22.65
ORD-005885,2026-05-23,Central,Services,613.24
ORD-005886,2026-05-23,Central,Accessories,20.16
ORD-005887,2026-05-23,Central,Software,189.67
ORD-005888,2026-05-23,Central,,218.26
ORD-005889,2026-05-23,Central,Accessories,26.38
ORD-005890,2026-05-23,Central,,84.52
ORD-005891,2026-05-23,Central,Accessories,25.73
ORD-005892,2026-05-23,Central,Software,270.23
ORD-005893,2026-05-23,Central,Services,169.01
ORD-005894,2026-05-23,Central,Accessories,27.95
ORD-005895,2026-05-23,Central,Hardware,422.94
ORD-005896,2026-05-23,Central,Accessories,31.02
ORD-005897,2026-05-23,Central,Accessories,36.06
ORD-005898,2026-05-23,Central,Services,970.20
ORD-005899,2026-05-23,Central,Services,405.33
ORD-005900,2026-05-23,Central,Accessories,52.73
ORD-005901,2026-05-23,Central,Hardware,226.41
ORD-005902,2026-05-23,Central,Hardware,508.26
ORD-005903,2026-05-23,Central,Software,59.36
ORD-005904,2026-05-23,Central,Hardware,333.36
ORD-005905,2026-05-23,Central,Accessories,45.60
ORD-005906,2026-05-23,Central,Software,118.22
ORD-005907,2026-05-23,Central,Hardware,638.02
ORD-005908,2026-05-23,South,Hardware,280.91
ORD-005909,2026-05-23,South,,20.85
ORD-005910,2026-05-23,South,Software,223.66
ORD-005911,2026-05-23,South,Services,250.10
ORD-005912,2026-05-23,South,Hardware,703.17
ORD-005913,2026-05-23,South,Accessories,18.99
ORD-005914,2026-05-23,South,Accessories,47.24
ORD-005915,2026-05-23,South,Software,251.13
ORD-005916,2026-05-23,South,Hardware,465.40
ORD-005917,2026-05-23,South,Hardware,636.05
ORD-005918,2026-05-23,South,Software,81.41
ORD-005919,2026-05-23,South,Accessories,82.38
ORD-005920,2026-05-23,South,Services,716.73
ORD-005921,2026-05-23,South,Services,374.12
ORD-005922,2026-05-23,South,Hardware,145.46
ORD-005923,2026-05-23,South,,55.36
ORD-005924,2026-05-23,South,Hardware,136.15
ORD-005925,2026-05-23,South,Accessories,24.19
ORD-005926,2026-05-23,South,Accessories,48.29
ORD-005927,2026-05-23,South,Accessories,56.63
ORD-005928,2026-05-23,South,Services,247.05
ORD-005929,2026-05-24,North,Hardware,74.26
ORD-005930,2026-05-24,North,Hardware,226.47
ORD-005931,2026-05-24,North,Accessories,26.59
ORD-005932,2026-05-24,North,Hardware,351.69
ORD-005933,2026-05-24,North,Software,120.79
ORD-005934,2026-05-24,North,Software,124.97
ORD-005935,2026-05-24,North,Hardware,162.35
ORD-005936,2026-05-24,North,Accessories,36.78
ORD-005937,2026-05-24,North,Hardware,352.04
ORD-005938,2026-05-24,North,Hardware,67.27
ORD-005939,2026-05-24,North,Hardware,92.05
ORD-005940,2026-05-24,North,Services,430.49
ORD-005941,2026-05-24,North,Services,450.04
ORD-005942,2026-05-24,North,Accessories,52.82
ORD-005943,2026-05-24,North,Hardware,239.24
ORD-005944,2026-05-24,North,Software,255.97
ORD-005945,2026-05-24,North,Accessories,81.78
ORD-005946,2026-05-24,North,Services,1370.20
ORD-005947,2026-05-24,North,Accessories,54.20
ORD-005948,2026-05-24,North,Software,63.60
ORD-005949,2026-05-24,North,Software,70.10
ORD-005950,2026-05-24,North,Software,102.60
ORD-005951,2026-05-24,North,Hardware,285.54
ORD-005952,2026-05-24,North,Services,592.60
ORD-005953,2026-05-24,North,Hardware,453.08
ORD-005954,2026-05-24,North,Software,465.93
ORD-005955,2026-05-24,North,Software,171.44
ORD-005956,2026-05-24,North,Software,135.84
ORD-005957,2026-05-24,North,Hardware,207.63
ORD-005958,2026-05-24,North,Services,612.11
ORD-005959,2026-05-24,North,Software,144.10
ORD-005960,2026-05-24,North,Hardware,717.88
ORD-005961,2026-05-24,North,Accessories,36.29
ORD-005962,2026-05-24,North,Accessories,20.84
ORD-005963,2026-05-24,North,Services,813.93
ORD-005964,2026-05-24,North,Accessories,25.69
ORD-005965,2026-05-24,North,Hardware,222.47
ORD-005966,2026-05-24,North,Accessories,91.71
ORD-005967,2026-05-24,Central,Accessories,79.56
ORD-005968,2026-05-24,Central,Hardware,366.76
ORD-005969,2026-05-24,Central,Services,946.65
ORD-005970,2026-05-24,Central,Software,100.42
ORD-005971,2026-05-24,Central,Services,605.13
ORD-005972,2026-05-24,Central,Accessories,28.32
ORD-005973,2026-05-24,Central,Software,257.97
ORD-005974,2026-05-24,Central,Software,310.44
ORD-005975,2026-05-24,Central,Software,172.60
ORD-005976,2026-05-24,Central,Hardware,114.43
ORD-005977,2026-05-24,Central,Software,277.63
ORD-005978,2026-05-24,Central,Services,1816.42
ORD-005979,2026-05-24,Central,Services,418.37
ORD-005980,2026-05-24,Central,Software,67.46
ORD-005981,2026-05-24,Central,Software,68.47
ORD-005982,2026-05-24,Central,Services,689.33
ORD-005983,2026-05-24,Central,Hardware,293.27
ORD-005984,2026-05-24,Central,Services,772.21
ORD-005985,2026-05-24,Central,Software,38.44
ORD-005986,2026-05-24,Central,Software,103.72
ORD-005987,2026-05-24,Central,Hardware,906.18
ORD-005988,2026-05-24,Central,Services,551.61
ORD-005989,2026-05-24,Central,Hardware,294.52
ORD-005990,2026-05-24,Central,Accessories,12.59
ORD-005991,2026-05-24,Central,Hardware,715.85
ORD-005992,2026-05-24,Central,Accessories,105.92
ORD-005993,2026-05-24,Central,Hardware,195.03
ORD-005994,2026-05-24,Central,Hardware,290.87
ORD-005995,2026-05-24,Central,Software,52.47
ORD-005996,2026-05-24,Central,Hardware,870.11
ORD-005997,2026-05-24,Central,Software,161.47
ORD-005998,2026-05-24,Central,Accessories,21.46
ORD-005999,2026-05-24,Central,Hardware,300.27
ORD-006000,2026-05-24,Central,Hardware,678.27
ORD-006001,2026-05-24,Central,Software,98.53
ORD-006002,2026-05-24,Central,Accessories,25.76
ORD-006003,2026-05-24,Central,Services,272.75
ORD-006004,2026-05-24,Central,Hardware,651.00
ORD-006005,2026-05-24,South,Hardware,120.42
ORD-006006,2026-05-24,South,Services,534.60
ORD-006007,2026-05-24,South,Hardware,256.67
ORD-006008,2026-05-24,South,Services,432.45
ORD-006009,2026-05-24,South,Accessories,49.47
ORD-006010,2026-05-24,South,Accessories,25.64
ORD-006011,2026-05-24,South,Hardware,469.81
ORD-006012,2026-05-24,South,Hardware,542.84
ORD-006013,2026-05-24,South,Accessories,103.71
ORD-006014,2026-05-24,South,Accessories,34.04
ORD-006015,2026-05-24,South,Accessories,50.55
ORD-006016,2026-05-24,South,Software,129.76
ORD-006017,2026-05-24,South,Software,114.35
ORD-006018,2026-05-24,South,Software,202.87
ORD-006019,2026-05-24,South,Hardware,141.62
ORD-006020,2026-05-24,South,Accessories,31.36
ORD-006021,2026-05-24,South,Hardware,586.33
ORD-006022,2026-05-24,South,Software,66.60
ORD-006023,2026-05-24,South,Accessories,30.79
ORD-006024,2026-05-25,North,Hardware,342.06
ORD-006025,2026-05-25,North,Accessories,62.06
ORD-006026,2026-05-25,North,Software,503.44
ORD-006027,2026-05-25,North,Accessories,57.71
ORD-006028,2026-05-25,North,Services,321.43
ORD-006029,2026-05-25,North,Hardware,778.26
ORD-006030,2026-05-25,North,Services,693.81
ORD-006031,2026-05-25,North,Accessories,71.03
ORD-006032,2026-05-25,North,Hardware,682.93
ORD-006033,2026-05-25,North,Accessories,31.62
ORD-006034,2026-05-25,North,Hardware,391.63
ORD-006035,2026-05-25,North,Hardware,265.35
ORD-006036,2026-05-25,North,Services,362.49
ORD-006037,2026-05-25,North,Services,439.78
ORD-006038,2026-05-25,North,Hardware,312.50
ORD-006039,2026-05-25,North,Software,135.96
ORD-006040,2026-05-25,North,Accessories,17.21
ORD-006041,2026-05-25,North,Accessories,21.27
ORD-006042,2026-05-25,North,Software,186.00
ORD-006043,2026-05-25,North,Hardware,339.72
ORD-006044,2026-05-25,North,Services,324.82
ORD-006045,2026-05-25,North,Software,49.66
ORD-006046,2026-05-25,North,Hardware,247.46
ORD-006047,2026-05-25,North,Hardware,207.94
ORD-006048,2026-05-25,North,Services,601.57
ORD-006049,2026-05-25,North,Software,157.10
ORD-006050,2026-05-25,North,Hardware,419.24
ORD-006051,2026-05-25,North,Accessories,83.06
ORD-006052,2026-05-25,North,Hardware,435.51
ORD-006053,2026-05-25,North,Services,250.59
ORD-006054,2026-05-25,North,Accessories,23.27
ORD-006055,2026-05-25,North,Software,136.41
ORD-006056,2026-05-25,North,Accessories,43.59
ORD-006057,2026-05-25,North,Hardware,626.64
ORD-006058,2026-05-25,North,Hardware,488.07
ORD-006059,2026-05-25,North,Hardware,601.30
ORD-006060,2026-05-25,North,Accessories,67.28
ORD-006061,2026-05-25,North,Hardware,377.33
ORD-006062,2026-05-25,North,Services,593.24
ORD-006063,2026-05-25,North,Software,65.98
ORD-006064,2026-05-25,North,,56.68
ORD-006065,2026-05-25,North,Accessories,12.10
ORD-006066,2026-05-25,North,Hardware,383.61
ORD-006067,2026-05-25,North,Services,479.65
ORD-006068,2026-05-25,North,Software,363.89
ORD-006069,2026-05-25,North,Hardware,339.82
ORD-006070,2026-05-25,North,Services,537.05
ORD-006071,2026-05-25,North,Services,436.61
ORD-006072,2026-05-25,North,Software,81.03
ORD-006073,2026-05-25,North,Software,135.97
ORD-006074,2026-05-25,North,Accessories,110.31
ORD-006075,2026-05-25,North,Hardware,1040.81
ORD-006076,2026-05-25,North,Accessories,230.57
ORD-006077,2026-05-25,North,Accessories,63.92
ORD-006078,2026-05-25,North,Software,185.28
ORD-006079,2026-05-25,North,Software,261.14
ORD-006080,2026-05-25,Central,Hardware,140.37
ORD-006081,2026-05-25,Central,Services,1041.59
ORD-006082,2026-05-25,Central,Software,190.41
ORD-006083,2026-05-25,Central,Services,292.11
ORD-006084,2026-05-25,Central,Hardware,278.69
ORD-006085,2026-05-25,Central,Accessories,23.20
ORD-006086,2026-05-25,Central,Hardware,442.43
ORD-006087,2026-05-25,Central,Hardware,627.67
ORD-006088,2026-05-25,Central,Accessories,111.71
ORD-006089,2026-05-25,Central,Accessories,28.92
ORD-006090,2026-05-25,Central,Accessories,23.95
ORD-006091,2026-05-25,Central,Software,152.23
ORD-006092,2026-05-25,Central,Hardware,335.95
ORD-006093,2026-05-25,Central,Hardware,140.58
ORD-006094,2026-05-25,Central,Accessories,14.37
ORD-006095,2026-05-25,Central,Services,280.63
ORD-006096,2026-05-25,Central,Software,81.39
ORD-006097,2026-05-25,Central,Hardware,280.71
ORD-006098,2026-05-25,Central,Accessories,55.74
ORD-006099,2026-05-25,Central,Hardware,175.86
ORD-006100,2026-05-25,Central,Hardware,185.08
ORD-006101,2026-05-25,Central,Services,672.28
ORD-006102,2026-05-25,Central,Accessories,35.52
ORD-006103,2026-05-25,Central,Accessories,49.16
ORD-006104,2026-05-25,Central,Accessories,25.49
ORD-006105,2026-05-25,Central,Accessories,15.10
ORD-006106,2026-05-25,Central,Services,1548.26
ORD-006107,2026-05-25,Central,Accessories,38.58
ORD-006108,2026-05-25,Central,Hardware,297.67
ORD-006109,2026-05-25,Central,Software,186.59
ORD-006110,2026-05-25,Central,Hardware,446.73
ORD-006111,2026-05-25,Central,Accessories,21.25
ORD-006112,2026-05-25,Central,Accessories,34.20
ORD-006113,2026-05-25,Central,Hardware,364.09
ORD-006114,2026-05-25,Central,Hardware,305.61
ORD-006115,2026-05-25,Central,Hardware,350.07
ORD-006116,2026-05-25,Central,Software,138.35
ORD-006117,2026-05-25,Central,Services,483.88
ORD-006118,2026-05-25,Central,Software,208.95
ORD-006119,2026-05-25,South,Software,290.64
ORD-006120,2026-05-25,South,Services,1065.10
ORD-006121,2026-05-25,South,Software,157.15
ORD-006122,2026-05-25,South,Hardware,572.53
ORD-006123,2026-05-25,South,Software,115.05
ORD-006124,2026-05-25,South,Hardware,240.52
ORD-006125,2026-05-25,South,Hardware,992.59
ORD-006126,2026-05-25,South,Software,341.65
ORD-006127,2026-05-25,South,Hardware,194.93
ORD-006128,2026-05-25,South,Hardware,280.29
ORD-006129,2026-05-25,South,Services,413.22
ORD-006130,2026-05-25,South,Accessories,42.38
ORD-006131,2026-05-25,South,Software,306.46
ORD-006132,2026-05-25,South,Services,635.87
ORD-006133,2026-05-25,South,Accessories,63.98
ORD-006134,2026-05-25,South,Software,202.86
ORD-006135,2026-05-25,South,Hardware,337.84
ORD-006136,2026-05-25,South,Accessories,48.93
ORD-006137,2026-05-25,South,Accessories,89.42
ORD-006138,2026-05-25,South,Software,256.89
ORD-006139,2026-05-25,South,Services,761.02
ORD-006140,2026-05-25,South,Accessories,24.50
ORD-006141,2026-05-25,South,Hardware,381.79
ORD-006142,2026-05-25,South,Services,283.37
ORD-006143,2026-05-25,South,Accessories,32.01
ORD-006144,2026-05-25,South,Hardware,161.11
ORD-006145,2026-05-25,South,Software,410.63
ORD-006146,2026-05-26,North,Software,211.36
ORD-006147,2026-05-26,North,Accessories,98.32
ORD-006148,2026-05-26,North,Services,512.22
ORD-006149,2026-05-26,North,Accessories,50.47
ORD-006150,2026-05-26,North,Hardware,224.07
ORD-006151,2026-05-26,North,Software,130.64
ORD-006152,2026-05-26,North,Services,255.57
ORD-006153,2026-05-26,North,Software,138.58
ORD-006154,2026-05-26,North,Software,75.57
ORD-006155,2026-05-26,North,Accessories,20.71
ORD-006156,2026-05-26,North,Software,120.23
ORD-006157,2026-05-26,North,Accessories,36.86
ORD-006158,2026-05-26,North,Hardware,595.86
ORD-006159,2026-05-26,North,Services,176.19
ORD-006160,2026-05-26,North,Services,383.16
ORD-006161,2026-05-26,North,Software,138.75
ORD-006162,2026-05-26,North,Services,409.22
ORD-006163,2026-05-26,North,Hardware,358.15
ORD-006164,2026-05-26,North,Hardware,245.95
ORD-006165,2026-05-26,North,Services,308.04
ORD-006166,2026-05-26,North,,294.35
ORD-006167,2026-05-26,North,Software,189.44
ORD-006168,2026-05-26,North,Accessories,41.19
ORD-006169,2026-05-26,North,Services,336.94
ORD-006170,2026-05-26,North,Accessories,75.33
ORD-006171,2026-05-26,North,Software,138.79
ORD-006172,2026-05-26,North,Hardware,327.72
ORD-006173,2026-05-26,North,Hardware,363.65
ORD-006174,2026-05-26,North,Software,64.51
ORD-006175,2026-05-26,North,Services,422.03
ORD-006176,2026-05-26,North,Accessories,46.36
ORD-006177,2026-05-26,North,Services,860.01
ORD-006178,2026-05-26,North,Accessories,28.04
ORD-006179,2026-05-26,North,Software,110.22
ORD-006180,2026-05-26,North,Software,108.54
ORD-006181,2026-05-26,North,Services,401.64
ORD-006182,2026-05-26,North,Accessories,60.55
ORD-006183,2026-05-26,North,Services,2689.86
ORD-006184,2026-05-26,North,Software,92.83
ORD-006185,2026-05-26,North,Hardware,419.58
ORD-006186,2026-05-26,North,Software,100.33
ORD-006187,2026-05-26,North,Hardware,225.95
ORD-006188,2026-05-26,North,Services,622.67
ORD-006189,2026-05-26,Central,Software,220.51
ORD-006190,2026-05-26,Central,Services,196.75
ORD-006191,2026-05-26,Central,Accessories,79.79
ORD-006192,2026-05-26,Central,Accessories,46.49
ORD-006193,2026-05-26,Central,Hardware,363.24
ORD-006194,2026-05-26,Central,Software,151.53
ORD-006195,2026-05-26,Central,Accessories,31.97
ORD-006196,2026-05-26,Central,Hardware,278.71
ORD-006197,2026-05-26,Central,Services,855.55
ORD-006198,2026-05-26,Central,Software,147.01
ORD-006199,2026-05-26,Central,Software,121.85
ORD-006200,2026-05-26,Central,Accessories,35.69
ORD-006201,2026-05-26,Central,Services,292.61
ORD-006202,2026-05-26,Central,Hardware,349.67
ORD-006203,2026-05-26,Central,Accessories,49.92
ORD-006204,2026-05-26,Central,Hardware,584.52
ORD-006205,2026-05-26,Central,Accessories,67.14
ORD-006206,2026-05-26,Central,Accessories,40.94
ORD-006207,2026-05-26,Central,Services,1901.60
ORD-006208,2026-05-26,Central,Hardware,486.93
ORD-006209,2026-05-26,Central,Accessories,38.15
ORD-006210,2026-05-26,Central,Software,215.52
ORD-006211,2026-05-26,Central,Accessories,29.85
ORD-006212,2026-05-26,Central,Services,456.92
ORD-006213,2026-05-26,Central,Accessories,56.30
ORD-006214,2026-05-26,Central,Hardware,117.22
ORD-006215,2026-05-26,Central,Hardware,482.07
ORD-006216,2026-05-26,Central,Hardware,615.10
ORD-006217,2026-05-26,Central,Services,446.94
ORD-006218,2026-05-26,Central,Services,435.30
ORD-006219,2026-05-26,Central,Software,189.10
ORD-006220,2026-05-26,Central,Software,97.62
ORD-006221,2026-05-26,Central,Hardware,179.14
ORD-006222,2026-05-26,Central,Hardware,1176.91
ORD-006223,2026-05-26,Central,Software,295.02
ORD-006224,2026-05-26,Central,Hardware,139.60
ORD-006225,2026-05-26,Central,Software,67.66
ORD-006226,2026-05-26,Central,Accessories,8.54
ORD-006227,2026-05-26,Central,Software,153.60
ORD-006228,2026-05-26,Central,Accessories,30.46
ORD-006229,2026-05-26,Central,Services,458.66
ORD-006230,2026-05-26,Central,Services,428.55
ORD-006231,2026-05-26,Central,Hardware,308.56
ORD-006232,2026-05-26,Central,Software,98.23
ORD-006233,2026-05-26,Central,Hardware,232.60
ORD-006234,2026-05-26,Central,Software,118.29
ORD-006235,2026-05-26,Central,Hardware,227.27
ORD-006236,2026-05-26,Central,Accessories,37.33
ORD-006237,2026-05-26,Central,Hardware,217.92
ORD-006238,2026-05-26,Central,Software,206.28
ORD-006239,2026-05-26,South,Software,117.62
ORD-006240,2026-05-26,South,Accessories,22.28
ORD-006241,2026-05-26,South,Software,143.77
ORD-006242,2026-05-26,South,Hardware,243.15
ORD-006243,2026-05-26,South,Software,231.80
ORD-006244,2026-05-26,South,Accessories,40.14
ORD-006245,2026-05-26,South,Accessories,56.20
ORD-006246,2026-05-26,South,Hardware,464.72
ORD-006247,2026-05-26,South,Accessories,43.01
ORD-006248,2026-05-26,South,Software,88.75
ORD-006249,2026-05-26,South,Software,98.73
ORD-006250,2026-05-26,South,Hardware,144.83
ORD-006251,2026-05-26,South,Software,283.19
ORD-006252,2026-05-26,South,Accessories,62.92
ORD-006253,2026-05-26,South,Software,89.15
ORD-006254,2026-05-26,South,Services,732.09
ORD-006255,2026-05-26,South,Software,132.10
ORD-006256,2026-05-26,South,Accessories,22.88
ORD-006257,2026-05-26,South,Hardware,451.84
ORD-006258,2026-05-26,South,Hardware,479.66
ORD-006259,2026-05-26,South,Hardware,447.56
ORD-006260,2026-05-26,South,Software,154.83
ORD-006261,2026-05-26,South,Accessories,33.80
ORD-006262,2026-05-26,South,Services,534.27
ORD-006263,2026-05-26,South,Accessories,61.90
ORD-006264,2026-05-26,South,Hardware,182.85
ORD-006265,2026-05-26,South,Hardware,238.62
ORD-006266,2026-05-27,North,Services,196.08
ORD-006267,2026-05-27,North,Accessories,37.29
ORD-006268,2026-05-27,North,Services,571.25
ORD-006269,2026-05-27,North,Hardware,336.19
ORD-006270,2026-05-27,North,Accessories,26.75
ORD-006271,2026-05-27,North,Software,110.37
ORD-006272,2026-05-27,North,Accessories,12.42
ORD-006273,2026-05-27,North,Hardware,191.19
ORD-006274,2026-05-27,North,Services,614.65
ORD-006275,2026-05-27,North,Software,121.30
ORD-006276,2026-05-27,North,Services,388.95
ORD-006277,2026-05-27,North,Software,49.85
ORD-006278,2026-05-27,North,Software,160.47
ORD-006279,2026-05-27,North,Services,838.21
ORD-006280,2026-05-27,North,Software,46.50
ORD-006281,2026-05-27,North,Services,1064.36
ORD-006282,2026-05-27,North,Accessories,18.02
ORD-006283,2026-05-27,North,Accessories,37.44
ORD-006284,2026-05-27,North,Accessories,51.12
ORD-006285,2026-05-27,North,Hardware,553.85
ORD-006286,2026-05-27,North,Software,59.76
ORD-006287,2026-05-27,North,Services,424.91
ORD-006288,2026-05-27,North,Hardware,273.41
ORD-006289,2026-05-27,North,Accessories,23.65
ORD-006290,2026-05-27,North,Software,96.79
ORD-006291,2026-05-27,North,Software,127.08
ORD-006292,2026-05-27,North,Software,84.17
ORD-006293,2026-05-27,North,Software,107.43
ORD-006294,2026-05-27,North,Services,228.12
ORD-006295,2026-05-27,North,Hardware,183.51
ORD-006296,2026-05-27,North,Hardware,472.19
ORD-006297,2026-05-27,North,Accessories,38.39
ORD-006298,2026-05-27,North,Services,244.18
ORD-006299,2026-05-27,North,Software,180.50
ORD-006300,2026-05-27,North,Software,114.57
ORD-006301,2026-05-27,North,Hardware,337.89
ORD-006302,2026-05-27,North,Accessories,58.48
ORD-006303,2026-05-27,North,Software,123.55
ORD-006304,2026-05-27,North,Software,114.91
ORD-006305,2026-05-27,North,Services,361.29
ORD-006306,2026-05-27,North,Hardware,502.84
ORD-006307,2026-05-27,North,Accessories,28.54
ORD-006308,2026-05-27,North,Accessories,59.46
ORD-006309,2026-05-27,North,Accessories,26.48
ORD-006310,2026-05-27,North,Accessories,23.86
ORD-006311,2026-05-27,North,Accessories,43.85
ORD-006312,2026-05-27,North,Hardware,272.58
ORD-006313,2026-05-27,North,Software,176.65
ORD-006314,2026-05-27,North,Services,231.90
ORD-006315,2026-05-27,North,Services,645.65
ORD-006316,2026-05-27,North,Services,488.94
ORD-006317,2026-05-27,North,Accessories,30.94
ORD-006318,2026-05-27,North,Software,38.07
ORD-006319,2026-05-27,North,Hardware,785.51
ORD-006320,2026-05-27,North,Hardware,299.13
ORD-006321,2026-05-27,North,Accessories,51.33
ORD-006322,2026-05-27,Central,Accessories,32.72
ORD-006323,2026-05-27,Central,Accessories,73.30
ORD-006324,2026-05-27,Central,Accessories,25.03
ORD-006325,2026-05-27,Central,Services,287.02
ORD-006326,2026-05-27,Central,Accessories,21.79
ORD-006327,2026-05-27,Central,Hardware,119.81
ORD-006328,2026-05-27,Central,,88.16
ORD-006329,2026-05-27,Central,Accessories,35.25
ORD-006330,2026-05-27,Central,Hardware,134.45
ORD-006331,2026-05-27,Central,Hardware,304.33
ORD-006332,2026-05-27,Central,Software,222.40
ORD-006333,2026-05-27,Central,Software,85.65
ORD-006334,2026-05-27,Central,Software,267.99
ORD-006335,2026-05-27,Central,Accessories,35.69
ORD-006336,2026-05-27,Central,Hardware,256.78
ORD-006337,2026-05-27,Central,Services,436.81
ORD-006338,2026-05-27,Central,Software,163.12
ORD-006339,2026-05-27,Central,Accessories,29.74
ORD-006340,2026-05-27,Central,Accessories,30.68
ORD-006341,2026-05-27,Central,Accessories,43.15
ORD-006342,2026-05-27,Central,Hardware,543.74
ORD-006343,2026-05-27,Central,Software,92.15
ORD-006344,2026-05-27,Central,Hardware,393.36
ORD-006345,2026-05-27,Central,Services,1112.74
ORD-006346,2026-05-27,Central,Services,378.68
ORD-006347,2026-05-27,Central,Software,96.54
ORD-006348,2026-05-27,Central,Hardware,267.70
ORD-006349,2026-05-27,Central,Services,732.76
ORD-006350,2026-05-27,Central,Accessories,41.28
ORD-006351,2026-05-27,Central,Accessories,32.36
ORD-006352,2026-05-27,Central,Services,742.51
ORD-006353,2026-05-27,Central,Accessories,62.03
ORD-006354,2026-05-27,Central,Accessories,30.05
ORD-006355,2026-05-27,Central,Software,252.72
ORD-006356,2026-05-27,Central,Accessories,47.47
ORD-006357,2026-05-27,Central,Services,268.74
ORD-006358,2026-05-27,Central,Hardware,187.42
ORD-006359,2026-05-27,South,Software,170.57
ORD-006360,2026-05-27,South,Accessories,11.92
ORD-006361,2026-05-27,South,Hardware,538.24
ORD-006362,2026-05-27,South,Hardware,124.49
ORD-006363,2026-05-27,South,Hardware,186.71
ORD-006364,2026-05-27,South,Software,288.08
ORD-006365,2026-05-27,South,Services,1066.75
ORD-006366,2026-05-27,South,Hardware,311.62
ORD-006367,2026-05-27,South,Software,114.44
ORD-006368,2026-05-27,South,Hardware,336.38
ORD-006369,2026-05-27,South,Software,53.82
ORD-006370,2026-05-27,South,Accessories,18.11
ORD-006371,2026-05-27,South,Software,127.77
ORD-006372,2026-05-27,South,Services,775.04
ORD-006373,2026-05-27,South,Hardware,658.80
ORD-006374,2026-05-27,South,Accessories,63.93
ORD-006375,2026-05-27,South,Hardware,685.59
ORD-006376,2026-05-27,South,Services,1105.40
ORD-006377,2026-05-27,South,Software,240.90
ORD-006378,2026-05-27,South,Hardware,445.21
ORD-006379,2026-05-27,South,Hardware,401.88
ORD-006380,2026-05-27,South,Accessories,32.75
ORD-006381,2026-05-27,South,Accessories,39.27
ORD-006382,2026-05-27,South,Accessories,91.23
ORD-006383,2026-05-27,South,Accessories,20.82
ORD-006384,2026-05-27,South,Hardware,244.58
ORD-006385,2026-05-27,South,,116.71
ORD-006386,2026-05-27,South,Software,235.30
ORD-006387,2026-05-27,South,Hardware,97.56
ORD-006388,2026-05-27,South,Software,83.50
ORD-006389,2026-05-27,South,Services,552.60
ORD-006390,2026-05-28,North,,211.62
ORD-006391,2026-05-28,North,Hardware,175.28
ORD-006392,2026-05-28,North,Hardware,399.03
ORD-006393,2026-05-28,North,Services,496.30
ORD-006394,2026-05-28,North,Software,47.92
ORD-006395,2026-05-28,North,Services,572.16
ORD-006396,2026-05-28,North,Software,172.64
ORD-006397,2026-05-28,North,Hardware,401.16
ORD-006398,2026-05-28,North,Hardware,257.76
ORD-006399,2026-05-28,North,Accessories,29.86
ORD-006400,2026-05-28,North,,174.38
ORD-006401,2026-05-28,North,Accessories,40.62
ORD-006402,2026-05-28,North,,1086.72
ORD-006403,2026-05-28,North,Services,1002.86
ORD-006404,2026-05-28,North,Software,580.95
ORD-006405,2026-05-28,North,Accessories,15.20
ORD-006406,2026-05-28,North,Services,109.29
ORD-006407,2026-05-28,North,Software,234.35
ORD-006408,2026-05-28,North,Services,222.34
ORD-006409,2026-05-28,North,Hardware,562.14
ORD-006410,2026-05-28,North,Accessories,29.69
ORD-006411,2026-05-28,North,Accessories,65.56
ORD-006412,2026-05-28,North,Software,136.37
ORD-006413,2026-05-28,North,Accessories,47.00
ORD-006414,2026-05-28,North,Hardware,460.15
ORD-006415,2026-05-28,North,Services,638.74
ORD-006416,2026-05-28,North,Software,268.69
ORD-006417,2026-05-28,North,Software,190.19
ORD-006418,2026-05-28,North,Accessories,34.32
ORD-006419,2026-05-28,North,Services,454.76
ORD-006420,2026-05-28,North,Hardware,625.48
ORD-006421,2026-05-28,North,Services,406.85
ORD-006422,2026-05-28,North,Services,532.05
ORD-006423,2026-05-28,North,Services,855.10
ORD-006424,2026-05-28,North,Hardware,553.89
ORD-006425,2026-05-28,North,Software,121.18
ORD-006426,2026-05-28,North,Accessories,57.21
ORD-006427,2026-05-28,North,Hardware,359.50
ORD-006428,2026-05-28,North,Hardware,146.15
ORD-006429,2026-05-28,North,Software,133.04
ORD-006430,2026-05-28,North,Services,231.29
ORD-006431,2026-05-28,North,Services,1138.90
ORD-006432,2026-05-28,North,Accessories,54.94
ORD-006433,2026-05-28,North,Accessories,25.36
ORD-006434,2026-05-28,North,Software,146.04
ORD-006435,2026-05-28,North,Software,176.34
ORD-006436,2026-05-28,North,Services,461.99
ORD-006437,2026-05-28,North,Services,166.87
ORD-006438,2026-05-28,North,Software,286.06
ORD-006439,2026-05-28,North,Software,96.74
ORD-006440,2026-05-28,North,Services,482.20
ORD-006441,2026-05-28,North,Hardware,804.10
ORD-006442,2026-05-28,North,Services,841.95
ORD-006443,2026-05-28,North,Software,99.04
ORD-006444,2026-05-28,Central,Hardware,258.12
ORD-006445,2026-05-28,Central,Hardware,186.01
ORD-006446,2026-05-28,Central,Hardware,596.06
ORD-006447,2026-05-28,Central,Hardware,398.72
ORD-006448,2026-05-28,Central,Services,384.52
ORD-006449,2026-05-28,Central,,233.50
ORD-006450,2026-05-28,Central,Accessories,21.77
ORD-006451,2026-05-28,Central,Hardware,408.80
ORD-006452,2026-05-28,Central,Software,77.46
ORD-006453,2026-05-28,Central,Hardware,310.81
ORD-006454,2026-05-28,Central,Accessories,66.98
ORD-006455,2026-05-28,Central,Hardware,343.25
ORD-006456,2026-05-28,Central,Services,644.58
ORD-006457,2026-05-28,Central,Accessories,47.41
ORD-006458,2026-05-28,Central,Services,1126.89
ORD-006459,2026-05-28,Central,Hardware,442.87
ORD-006460,2026-05-28,Central,Software,406.48
ORD-006461,2026-05-28,Central,Hardware,171.55
ORD-006462,2026-05-28,Central,Software,182.43
ORD-006463,2026-05-28,Central,Services,865.33
ORD-006464,2026-05-28,Central,Hardware,335.35
ORD-006465,2026-05-28,Central,Software,84.47
ORD-006466,2026-05-28,Central,Software,135.90
ORD-006467,2026-05-28,Central,Hardware,434.84
ORD-006468,2026-05-28,Central,Software,403.83
ORD-006469,2026-05-28,Central,Software,61.51
ORD-006470,2026-05-28,Central,Accessories,22.37
ORD-006471,2026-05-28,Central,Accessories,48.17
ORD-006472,2026-05-28,Central,Hardware,187.69
ORD-006473,2026-05-28,Central,Accessories,23.30
ORD-006474,2026-05-28,Central,Accessories,25.99
ORD-006475,2026-05-28,Central,Accessories,30.62
ORD-006476,2026-05-28,Central,Accessories,23.11
ORD-006477,2026-05-28,Central,Software,127.58
ORD-006478,2026-05-28,Central,Services,408.91
ORD-006479,2026-05-28,Central,Services,449.37
ORD-006480,2026-05-28,Central,Accessories,49.16
ORD-006481,2026-05-28,Central,Hardware,66.20
ORD-006482,2026-05-28,Central,Services,797.28
ORD-006483,2026-05-28,Central,Software,184.49
ORD-006484,2026-05-28,Central,Accessories,23.58
ORD-006485,2026-05-28,Central,Services,565.12
ORD-006486,2026-05-28,Central,Services,374.15
ORD-006487,2026-05-28,Central,Software,107.24
ORD-006488,2026-05-28,Central,Hardware,126.89
ORD-006489,2026-05-28,Central,Hardware,369.63
ORD-006490,2026-05-28,Central,Services,1424.35
ORD-006491,2026-05-28,Central,Accessories,95.71
ORD-006492,2026-05-28,Central,Hardware,239.25
ORD-006493,2026-05-28,Central,Software,97.46
ORD-006494,2026-05-28,Central,Software,211.10
ORD-006495,2026-05-28,South,Services,851.32
ORD-006496,2026-05-28,South,Accessories,39.59
ORD-006497,2026-05-28,South,Accessories,53.23
ORD-006498,2026-05-28,South,Hardware,467.13
ORD-006499,2026-05-28,South,Software,137.82
ORD-006500,2026-05-28,South,Software,63.44
ORD-006501,2026-05-28,South,Hardware,714.69
ORD-006502,2026-05-28,South,Services,315.34
ORD-006503,2026-05-28,South,Software,392.90
ORD-006504,2026-05-28,South,Hardware,563.15
ORD-006505,2026-05-28,South,Hardware,307.83
ORD-006506,2026-05-28,South,Hardware,804.07
ORD-006507,2026-05-28,South,Software,130.21
ORD-006508,2026-05-28,South,Software,145.95
ORD-006509,2026-05-28,South,Software,526.83
ORD-006510,2026-05-28,South,Software,109.66
ORD-006511,2026-05-28,South,Accessories,29.77
ORD-006512,2026-05-28,South,Hardware,286.20
ORD-006513,2026-05-28,South,Services,934.58
ORD-006514,2026-05-28,South,Services,322.31
ORD-006515,2026-05-28,South,Services,787.59
ORD-006516,2026-05-28,South,Accessories,30.56
ORD-006517,2026-05-28,South,Accessories,42.71
ORD-006518,2026-05-28,South,Accessories,98.62
ORD-006519,2026-05-28,South,Accessories,19.02
ORD-006520,2026-05-28,South,Hardware,251.62
ORD-006521,2026-05-28,South,Services,235.13
ORD-006522,2026-05-28,South,Software,202.33
ORD-006523,2026-05-28,South,Hardware,435.29
ORD-006524,2026-05-28,South,Services,564.77
ORD-006525,2026-05-28,South,Software,87.53
ORD-006526,2026-05-28,South,Services,261.86
ORD-006527,2026-05-28,South,Hardware,160.16
ORD-006528,2026-05-28,South,Hardware,694.75
ORD-006529,2026-05-29,North,Software,64.57
ORD-006530,2026-05-29,North,Services,353.66
ORD-006531,2026-05-29,North,Hardware,126.45
ORD-006532,2026-05-29,North,Software,191.91
ORD-006533,2026-05-29,North,,251.50
ORD-006534,2026-05-29,North,Hardware,223.35
ORD-006535,2026-05-29,North,Hardware,570.47
ORD-006536,2026-05-29,North,Software,234.56
ORD-006537,2026-05-29,North,Hardware,157.16
ORD-006538,2026-05-29,North,Software,48.15
ORD-006539,2026-05-29,North,Hardware,396.88
ORD-006540,2026-05-29,North,Services,719.46
ORD-006541,2026-05-29,North,Services,708.18
ORD-006542,2026-05-29,North,Accessories,81.27
ORD-006543,2026-05-29,North,Hardware,435.00
ORD-006544,2026-05-29,North,Software,189.79
ORD-006545,2026-05-29,North,Services,568.41
ORD-006546,2026-05-29,North,Accessories,60.14
ORD-006547,2026-05-29,North,Software,246.31
ORD-006548,2026-05-29,North,Hardware,354.28
ORD-006549,2026-05-29,North,Software,100.03
ORD-006550,2026-05-29,North,Hardware,191.73
ORD-006551,2026-05-29,North,Services,1433.94
ORD-006552,2026-05-29,North,Accessories,22.45
ORD-006553,2026-05-29,North,Software,178.89
ORD-006554,2026-05-29,North,Hardware,147.83
ORD-006555,2026-05-29,North,Hardware,1341.27
ORD-006556,2026-05-29,North,Accessories,17.09
ORD-006557,2026-05-29,North,Software,117.14
ORD-006558,2026-05-29,North,Services,203.03
ORD-006559,2026-05-29,North,Hardware,306.84
ORD-006560,2026-05-29,North,Hardware,116.50
ORD-006561,2026-05-29,North,Software,578.30
ORD-006562,2026-05-29,North,Software,86.65
ORD-006563,2026-05-29,North,Software,91.89
ORD-006564,2026-05-29,North,Accessories,47.87
ORD-006565,2026-05-29,North,Services,603.79
ORD-006566,2026-05-29,North,Hardware,330.52
ORD-006567,2026-05-29,North,Services,308.60
ORD-006568,2026-05-29,North,Hardware,274.94
ORD-006569,2026-05-29,North,Software,142.95
ORD-006570,2026-05-29,North,Accessories,26.25
ORD-006571,2026-05-29,North,Services,276.04
ORD-006572,2026-05-29,North,Hardware,231.38
ORD-006573,2026-05-29,North,Services,402.84
ORD-006574,2026-05-29,North,Hardware,237.54
ORD-006575,2026-05-29,North,,45.20
ORD-006576,2026-05-29,North,Services,728.92
ORD-006577,2026-05-29,North,Services,445.83
ORD-006578,2026-05-29,North,Software,98.09
ORD-006579,2026-05-29,North,Software,219.26
ORD-006580,2026-05-29,North,Accessories,18.30
ORD-006581,2026-05-29,North,Accessories,34.70
ORD-006582,2026-05-29,Central,Software,128.25
ORD-006583,2026-05-29,Central,Hardware,322.25
ORD-006584,2026-05-29,Central,Software,56.66
ORD-006585,2026-05-29,Central,Services,421.74
ORD-006586,2026-05-29,Central,Hardware,87.71
ORD-006587,2026-05-29,Central,Software,275.77
ORD-006588,2026-05-29,Central,Hardware,337.78
ORD-006589,2026-05-29,Central,Accessories,20.09
ORD-006590,2026-05-29,Central,Hardware,162.75
ORD-006591,2026-05-29,Central,Hardware,425.48
ORD-006592,2026-05-29,Central,Accessories,85.69
ORD-006593,2026-05-29,Central,Hardware,164.82
ORD-006594,2026-05-29,Central,Services,296.13
ORD-006595,2026-05-29,Central,Accessories,43.36
ORD-006596,2026-05-29,Central,Software,160.26
ORD-006597,2026-05-29,Central,Services,317.27
ORD-006598,2026-05-29,Central,Software,239.63
ORD-006599,2026-05-29,Central,Software,94.44
ORD-006600,2026-05-29,Central,Accessories,63.07
ORD-006601,2026-05-29,Central,,352.91
ORD-006602,2026-05-29,Central,Hardware,166.68
ORD-006603,2026-05-29,Central,Services,1500.69
ORD-006604,2026-05-29,Central,Services,281.31
ORD-006605,2026-05-29,Central,Services,1324.02
ORD-006606,2026-05-29,Central,Accessories,38.99
ORD-006607,2026-05-29,Central,Accessories,40.28
ORD-006608,2026-05-29,Central,Software,103.54
ORD-006609,2026-05-29,Central,Software,168.42
ORD-006610,2026-05-29,Central,Services,166.75
ORD-006611,2026-05-29,Central,Accessories,102.49
ORD-006612,2026-05-29,Central,Services,1105.14
ORD-006613,2026-05-29,Central,Hardware,298.63
ORD-006614,2026-05-29,Central,Hardware,411.65
ORD-006615,2026-05-29,Central,Accessories,30.40
ORD-006616,2026-05-29,Central,Accessories,39.74
ORD-006617,2026-05-29,Central,Hardware,346.66
ORD-006618,2026-05-29,Central,Accessories,23.05
ORD-006619,2026-05-29,Central,Hardware,286.67
ORD-006620,2026-05-29,Central,Accessories,16.73
ORD-006621,2026-05-29,Central,Software,181.77
ORD-006622,2026-05-29,Central,Services,544.44
ORD-006623,2026-05-29,Central,Services,429.08
ORD-006624,2026-05-29,Central,Hardware,609.87
ORD-006625,2026-05-29,Central,Services,363.74
ORD-006626,2026-05-29,Central,Hardware,328.73
ORD-006627,2026-05-29,South,Software,183.98
ORD-006628,2026-05-29,South,Accessories,31.01
ORD-006629,2026-05-29,South,Software,48.71
ORD-006630,2026-05-29,South,Software,78.11
ORD-006631,2026-05-29,South,Software,296.27
ORD-006632,2026-05-29,South,Accessories,8.59
ORD-006633,2026-05-29,South,Software,244.47
ORD-006634,2026-05-29,South,Software,283.39
ORD-006635,2026-05-29,South,Services,464.42
ORD-006636,2026-05-29,South,Hardware,219.11
ORD-006637,2026-05-29,South,Accessories,15.59
ORD-006638,2026-05-29,South,Hardware,903.44
ORD-006639,2026-05-29,South,Services,737.88
ORD-006640,2026-05-29,South,Hardware,226.27
ORD-006641,2026-05-29,South,Hardware,171.88
ORD-006642,2026-05-29,South,Services,531.81
ORD-006643,2026-05-29,South,Services,570.58
ORD-006644,2026-05-29,South,Software,41.32
ORD-006645,2026-05-29,South,Services,334.78
ORD-006646,2026-05-29,South,Accessories,33.05
ORD-006647,2026-05-29,South,Hardware,255.40
ORD-006648,2026-05-29,South,Hardware,690.67
ORD-006649,2026-05-29,South,Hardware,415.68
ORD-006650,2026-05-29,South,Software,93.82
ORD-006651,2026-05-29,South,Software,81.90
ORD-006652,2026-05-29,South,Hardware,310.53
ORD-006653,2026-05-29,South,Accessories,45.63
ORD-006654,2026-05-30,North,Accessories,22.00
ORD-006655,2026-05-30,North,Accessories,41.20
ORD-006656,2026-05-30,North,Services,807.28
ORD-006657,2026-05-30,North,Software,72.39
ORD-006658,2026-05-30,North,Software,152.48
ORD-006659,2026-05-30,North,Hardware,137.82
ORD-006660,2026-05-30,North,Accessories,21.44
ORD-006661,2026-05-30,North,Hardware,224.83
ORD-006662,2026-05-30,North,Software,259.00
ORD-006663,2026-05-30,North,Hardware,449.69
ORD-006664,2026-05-30,North,Services,213.71
ORD-006665,2026-05-30,North,Hardware,192.64
ORD-006666,2026-05-30,North,Accessories,36.96
ORD-006667,2026-05-30,North,Hardware,523.13
ORD-006668,2026-05-30,North,Hardware,120.91
ORD-006669,2026-05-30,North,Services,1628.26
ORD-006670,2026-05-30,North,Software,161.28
ORD-006671,2026-05-30,North,Hardware,768.81
ORD-006672,2026-05-30,North,Hardware,250.91
ORD-006673,2026-05-30,North,Accessories,30.06
ORD-006674,2026-05-30,North,Software,147.33
ORD-006675,2026-05-30,North,Software,186.50
ORD-006676,2026-05-30,North,Services,250.57
ORD-006677,2026-05-30,North,Software,237.87
ORD-006678,2026-05-30,North,Accessories,33.02
ORD-006679,2026-05-30,North,Software,107.07
ORD-006680,2026-05-30,North,Services,655.81
ORD-006681,2026-05-30,North,Hardware,278.95
ORD-006682,2026-05-30,North,Services,424.97
ORD-006683,2026-05-30,North,Services,872.77
ORD-006684,2026-05-30,North,Hardware,326.83
ORD-006685,2026-05-30,North,Accessories,48.68
ORD-006686,2026-05-30,Central,Hardware,328.48
ORD-006687,2026-05-30,Central,Services,576.86
ORD-006688,2026-05-30,Central,Services,234.57
ORD-006689,2026-05-30,Central,Accessories,62.71
ORD-006690,2026-05-30,Central,Software,148.64
ORD-006691,2026-05-30,Central,Accessories,20.40
ORD-006692,2026-05-30,Central,Services,573.38
ORD-006693,2026-05-30,Central,Hardware,612.00
ORD-006694,2026-05-30,Central,Accessories,93.66
ORD-006695,2026-05-30,Central,Services,602.29
ORD-006696,2026-05-30,Central,Services,580.14
ORD-006697,2026-05-30,Central,Accessories,36.51
ORD-006698,2026-05-30,Central,Services,712.20
ORD-006699,2026-05-30,Central,Accessories,52.76
ORD-006700,2026-05-30,Central,Software,66.13
ORD-006701,2026-05-30,Central,Accessories,44.05
ORD-006702,2026-05-30,Central,Accessories,54.88
ORD-006703,2026-05-30,Central,Hardware,184.50
ORD-006704,2026-05-30,Central,Hardware,161.14
ORD-006705,2026-05-30,Central,Services,1619.54
ORD-006706,2026-05-30,Central,Services,494.14
ORD-006707,2026-05-30,Central,Hardware,598.39
ORD-006708,2026-05-30,Central,Services,303.69
ORD-006709,2026-05-30,Central,Software,172.62
ORD-006710,2026-05-30,South,Software,177.97
ORD-006711,2026-05-30,South,Services,338.98
ORD-006712,2026-05-30,South,Accessories,72.80
ORD-006713,2026-05-30,South,Hardware,266.73
ORD-006714,2026-05-30,South,Accessories,75.46
ORD-006715,2026-05-30,South,Software,75.82
ORD-006716,2026-05-30,South,Services,923.53
ORD-006717,2026-05-30,South,Software,101.82
ORD-006718,2026-05-30,South,Software,106.17
ORD-006719,2026-05-30,South,Services,450.59
ORD-006720,2026-05-30,South,Software,239.66
ORD-006721,2026-05-30,South,Hardware,311.38
ORD-006722,2026-05-30,South,Services,875.11
ORD-006723,2026-05-30,South,Services,682.28
ORD-006724,2026-05-31,North,Hardware,259.44
ORD-006725,2026-05-31,North,Hardware,193.58
ORD-006726,2026-05-31,North,Accessories,41.05
ORD-006727,2026-05-31,North,Software,136.32
ORD-006728,2026-05-31,North,Software,178.85
ORD-006729,2026-05-31,North,Hardware,263.49
ORD-006730,2026-05-31,North,Accessories,24.56
ORD-006731,2026-05-31,North,Hardware,487.91
ORD-006732,2026-05-31,North,Accessories,30.51
ORD-006733,2026-05-31,North,Services,660.34
ORD-006734,2026-05-31,North,Services,634.97
ORD-006735,2026-05-31,North,Hardware,520.02
ORD-006736,2026-05-31,North,Accessories,58.61
ORD-006737,2026-05-31,North,Accessories,46.30
ORD-006738,2026-05-31,North,Hardware,345.37
ORD-006739,2026-05-31,North,Accessories,43.47
ORD-006740,2026-05-31,North,Hardware,614.05
ORD-006741,2026-05-31,North,Accessories,15.97
ORD-006742,2026-05-31,North,Software,43.69
ORD-006743,2026-05-31,North,Hardware,819.36
ORD-006744,2026-05-31,North,Software,250.91
ORD-006745,2026-05-31,North,Software,195.99
ORD-006746,2026-05-31,North,Accessories,53.08
ORD-006747,2026-05-31,North,Hardware,176.75
ORD-006748,2026-05-31,North,Software,314.78
ORD-006749,2026-05-31,North,Hardware,331.78
ORD-006750,2026-05-31,North,Software,89.80
ORD-006751,2026-05-31,North,Services,748.16
ORD-006752,2026-05-31,North,Accessories,21.06
ORD-006753,2026-05-31,North,Software,201.58
ORD-006754,2026-05-31,North,Accessories,15.01
ORD-006755,2026-05-31,Central,Accessories,45.95
ORD-006756,2026-05-31,Central,Accessories,28.85
ORD-006757,2026-05-31,Central,Accessories,103.38
ORD-006758,2026-05-31,Central,Software,245.60
ORD-006759,2026-05-31,Central,Hardware,709.63
ORD-006760,2026-05-31,Central,Accessories,43.35
ORD-006761,2026-05-31,Central,Accessories,25.04
ORD-006762,2026-05-31,Central,Accessories,106.54
ORD-006763,2026-05-31,Central,Software,66.02
ORD-006764,2026-05-31,Central,Hardware,1797.24
ORD-006765,2026-05-31,Central,Software,104.58
ORD-006766,2026-05-31,Central,Services,303.76
ORD-006767,2026-05-31,Central,Accessories,26.62
ORD-006768,2026-05-31,Central,Hardware,283.08
ORD-006769,2026-05-31,Central,Services,490.64
ORD-006770,2026-05-31,Central,Services,478.47
ORD-006771,2026-05-31,Central,Accessories,45.72
ORD-006772,2026-05-31,Central,Services,938.21
ORD-006773,2026-05-31,Central,Accessories,11.76
ORD-006774,2026-05-31,Central,Accessories,21.22
ORD-006775,2026-05-31,Central,Accessories,27.05
ORD-006776,2026-05-31,Central,Hardware,1240.58
ORD-006777,2026-05-31,Central,Software,138.48
ORD-006778,2026-05-31,Central,,813.79
ORD-006779,2026-05-31,Central,Accessories,52.47
ORD-006780,2026-05-31,Central,Hardware,495.74
ORD-006781,2026-05-31,Central,Hardware,389.35
ORD-006782,2026-05-31,Central,Software,124.20
ORD-006783,2026-05-31,Central,Accessories,37.35
ORD-006784,2026-05-31,Central,Services,1140.99
ORD-006785,2026-05-31,Central,Services,633.75
ORD-006786,2026-05-31,Central,Services,652.84
ORD-006787,2026-05-31,Central,Accessories,122.41
ORD-006788,2026-05-31,Central,Software,186.50
ORD-006789,2026-05-31,Central,Accessories,54.08
ORD-006790,2026-05-31,Central,Software,110.06
ORD-006791,2026-05-31,Central,Hardware,145.58
ORD-006792,2026-05-31,Central,Accessories,32.99
ORD-006793,2026-05-31,Central,Software,223.35
ORD-006794,2026-05-31,Central,Hardware,230.58
ORD-006795,2026-05-31,Central,Software,220.19
ORD-006796,2026-05-31,Central,Accessories,26.43
ORD-006797,2026-05-31,Central,Services,988.28
ORD-006798,2026-05-31,Central,Hardware,215.85
ORD-006799,2026-05-31,South,Software,211.42
ORD-006800,2026-05-31,South,Accessories,54.04
ORD-006801,2026-05-31,South,Software,135.89
ORD-006802,2026-05-31,South,Hardware,390.79
ORD-006803,2026-05-31,South,Accessories,64.92
ORD-006804,2026-05-31,South,Services,185.43
ORD-006805,2026-05-31,South,Software,111.40
ORD-006806,2026-05-31,South,Accessories,38.88
ORD-006807,2026-05-31,South,Software,218.77
ORD-006808,2026-05-31,South,Accessories,19.03
ORD-006809,2026-05-31,South,Accessories,37.75
ORD-006810,2026-05-31,South,Software,134.99
ORD-006811,2026-05-31,South,Accessories,47.34
ORD-006812,2026-05-31,South,Hardware,306.66
ORD-006813,2026-05-31,South,Services,373.86
ORD-006814,2026-05-31,South,Hardware,359.87
ORD-006815,2026-05-31,South,Hardware,621.14
ORD-006816,2026-05-31,South,Services,267.53
ORD-006817,2026-05-31,South,Services,816.12
ORD-006818,2026-05-31,South,Accessories,37.28
ORD-006819,2026-05-31,South,Accessories,23.27
ORD-006820,2026-05-31,South,Accessories,19.71
ORD-006821,2026-06-01,North,Software,59.45
ORD-006822,2026-06-01,North,Hardware,325.45
ORD-006823,2026-06-01,North,Accessories,17.68
ORD-006824,2026-06-01,North,Hardware,324.61
ORD-006825,2026-06-01,North,Hardware,347.13
ORD-006826,2026-06-01,North,Software,80.47
ORD-006827,2026-06-01,North,Hardware,308.24
ORD-006828,2026-06-01,North,Hardware,408.50
ORD-006829,2026-06-01,North,Services,233.02
ORD-006830,2026-06-01,North,Services,251.01
ORD-006831,2026-06-01,North,Services,169.88
ORD-006832,2026-06-01,North,Services,2035.78
ORD-006833,2026-06-01,North,Software,99.28
ORD-006834,2026-06-01,North,Hardware,260.14
ORD-006835,2026-06-01,North,Hardware,237.53
ORD-006836,2026-06-01,North,Accessories,21.90
ORD-006837,2026-06-01,North,Software,176.42
ORD-006838,2026-06-01,North,Services,619.72
ORD-006839,2026-06-01,North,Software,86.17
ORD-006840,2026-06-01,North,Software,169.09
ORD-006841,2026-06-01,North,Hardware,199.29
ORD-006842,2026-06-01,North,Accessories,27.98
ORD-006843,2026-06-01,North,Hardware,690.01
ORD-006844,2026-06-01,North,Hardware,309.89
ORD-006845,2026-06-01,North,Services,440.86
ORD-006846,2026-06-01,North,Accessories,35.03
ORD-006847,2026-06-01,North,Services,447.53
ORD-006848,2026-06-01,North,Software,166.02
ORD-006849,2026-06-01,North,Hardware,353.25
ORD-006850,2026-06-01,North,Services,410.92
ORD-006851,2026-06-01,North,Accessories,22.93
ORD-006852,2026-06-01,North,Services,246.96
ORD-006853,2026-06-01,North,Hardware,337.86
ORD-006854,2026-06-01,North,Hardware,252.78
ORD-006855,2026-06-01,North,Hardware,238.51
ORD-006856,2026-06-01,North,Services,220.90
ORD-006857,2026-06-01,North,Software,62.38
ORD-006858,2026-06-01,North,Services,464.70
ORD-006859,2026-06-01,North,Services,548.29
ORD-006860,2026-06-01,North,Software,114.86
ORD-006861,2026-06-01,North,Hardware,191.35
ORD-006862,2026-06-01,North,Services,644.56
ORD-006863,2026-06-01,North,Services,1247.69
ORD-006864,2026-06-01,North,Software,192.33
ORD-006865,2026-06-01,North,Services,372.60
ORD-006866,2026-06-01,North,Accessories,25.45
ORD-006867,2026-06-01,North,Accessories,38.57
ORD-006868,2026-06-01,North,Software,74.03
ORD-006869,2026-06-01,North,Accessories,26.25
ORD-006870,2026-06-01,North,Software,248.96
ORD-006871,2026-06-01,North,Services,646.23
ORD-006872,2026-06-01,North,Accessories,92.07
ORD-006873,2026-06-01,North,Software,146.30
ORD-006874,2026-06-01,North,Accessories,40.06
ORD-006875,2026-06-01,North,Software,41.55
ORD-006876,2026-06-01,North,Services,287.10
ORD-006877,2026-06-01,North,Hardware,172.75
ORD-006878,2026-06-01,North,Services,512.68
ORD-006879,2026-06-01,North,Hardware,237.65
ORD-006880,2026-06-01,North,Accessories,33.63
ORD-006881,2026-06-01,North,Accessories,52.35
ORD-006882,2026-06-01,North,Services,284.94
ORD-006883,2026-06-01,North,Hardware,254.03
ORD-006884,2026-06-01,North,Hardware,451.32
ORD-006885,2026-06-01,North,Services,285.87
ORD-006886,2026-06-01,North,,30.11
ORD-006887,2026-06-01,North,Accessories,31.90
ORD-006888,2026-06-01,Central,Hardware,440.15
ORD-006889,2026-06-01,Central,Software,259.39
ORD-006890,2026-06-01,Central,Services,618.94
ORD-006891,2026-06-01,Central,Accessories,73.72
ORD-006892,2026-06-01,Central,Accessories,48.89
ORD-006893,2026-06-01,Central,Accessories,28.41
ORD-006894,2026-06-01,Central,Software,77.96
ORD-006895,2026-06-01,Central,Hardware,401.40
ORD-006896,2026-06-01,Central,Hardware,442.15
ORD-006897,2026-06-01,Central,Accessories,58.44
ORD-006898,2026-06-01,Central,Accessories,99.77
ORD-006899,2026-06-01,Central,Services,321.01
ORD-006900,2026-06-01,Central,Hardware,617.53
ORD-006901,2026-06-01,Central,Hardware,272.50
ORD-006902,2026-06-01,Central,Accessories,40.45
ORD-006903,2026-06-01,Central,Software,236.78
ORD-006904,2026-06-01,Central,Software,176.02
ORD-006905,2026-06-01,Central,Services,129.10
ORD-006906,2026-06-01,Central,Accessories,21.47
ORD-006907,2026-06-01,Central,Services,926.29
ORD-006908,2026-06-01,Central,Accessories,33.17
ORD-006909,2026-06-01,Central,Software,249.50
ORD-006910,2026-06-01,Central,Hardware,216.81
ORD-006911,2026-06-01,Central,Software,187.12
ORD-006912,2026-06-01,Central,Services,226.81
ORD-006913,2026-06-01,Central,Services,662.33
ORD-006914,2026-06-01,Central,Services,1184.95
ORD-006915,2026-06-01,Central,Accessories,21.33
ORD-006916,2026-06-01,Central,Accessories,66.37
ORD-006917,2026-06-01,Central,Accessories,27.12
ORD-006918,2026-06-01,Central,Accessories,28.02
ORD-006919,2026-06-01,Central,Software,110.78
ORD-006920,2026-06-01,Central,Software,76.63
ORD-006921,2026-06-01,Central,Accessories,19.65
ORD-006922,2026-06-01,Central,Hardware,130.55
ORD-006923,2026-06-01,Central,Accessories,28.30
ORD-006924,2026-06-01,Central,Accessories,25.71
ORD-006925,2026-06-01,Central,Software,60.50
ORD-006926,2026-06-01,Central,Accessories,31.47
ORD-006927,2026-06-01,Central,Services,693.97
ORD-006928,2026-06-01,Central,Accessories,23.24
ORD-006929,2026-06-01,Central,Hardware,104.52
ORD-006930,2026-06-01,Central,Hardware,464.28
ORD-006931,2026-06-01,Central,Accessories,61.66
ORD-006932,2026-06-01,Central,Accessories,20.54
ORD-006933,2026-06-01,Central,Services,493.04
ORD-006934,2026-06-01,Central,Software,158.53
ORD-006935,2026-06-01,Central,Hardware,358.03
ORD-006936,2026-06-01,South,Accessories,16.17
ORD-006937,2026-06-01,South,Hardware,584.22
ORD-006938,2026-06-01,South,Hardware,602.51
ORD-006939,2026-06-01,South,Hardware,752.74
ORD-006940,2026-06-01,South,Accessories,41.40
ORD-006941,2026-06-01,South,Software,200.51
ORD-006942,2026-06-01,South,Services,329.96
ORD-006943,2026-06-01,South,Services,420.60
ORD-006944,2026-06-01,South,Accessories,46.65
ORD-006945,2026-06-01,South,Hardware,394.92
ORD-006946,2026-06-01,South,Software,93.39
ORD-006947,2026-06-01,South,Services,518.70
ORD-006948,2026-06-01,South,Software,349.35
ORD-006949,2026-06-01,South,Hardware,227.49
ORD-006950,2026-06-01,South,Hardware,300.79
ORD-006951,2026-06-01,South,Services,669.86
ORD-006952,2026-06-01,South,Services,504.06
ORD-006953,2026-06-01,South,Software,78.53
ORD-006954,2026-06-01,South,Software,64.65
ORD-006955,2026-06-01,South,Services,1205.30
ORD-006956,2026-06-01,South,Accessories,70.34
ORD-006957,2026-06-01,South,Accessories,31.32
ORD-006958,2026-06-01,South,Software,199.55
ORD-006959,2026-06-01,South,Services,439.59
ORD-006960,2026-06-01,South,Accessories,45.07
ORD-006961,2026-06-01,South,Software,193.72
ORD-006962,2026-06-02,North,Hardware,624.48
ORD-006963,2026-06-02,North,Accessories,40.06
ORD-006964,2026-06-02,North,Accessories,57.33
ORD-006965,2026-06-02,North,Accessories,21.81
ORD-006966,2026-06-02,North,Services,981.29
ORD-006967,2026-06-02,North,Services,264.83
ORD-006968,2026-06-02,North,Services,297.74
ORD-006969,2026-06-02,North,Hardware,283.43
ORD-006970,2026-06-02,North,Hardware,264.38
ORD-006971,2026-06-02,North,Software,538.94
ORD-006972,2026-06-02,North,Hardware,748.02
ORD-006973,2026-06-02,North,Software,132.38
ORD-006974,2026-06-02,North,Services,702.81
ORD-006975,2026-06-02,North,Services,958.65
ORD-006976,2026-06-02,North,Services,650.22
ORD-006977,2026-06-02,North,Hardware,250.99
ORD-006978,2026-06-02,North,Accessories,17.46
ORD-006979,2026-06-02,North,Software,72.35
ORD-006980,2026-06-02,North,Services,1390.66
ORD-006981,2026-06-02,North,Accessories,73.42
ORD-006982,2026-06-02,North,Hardware,144.95
ORD-006983,2026-06-02,North,Services,721.20
ORD-006984,2026-06-02,North,Hardware,295.83
ORD-006985,2026-06-02,North,Accessories,32.79
ORD-006986,2026-06-02,North,,275.93
ORD-006987,2026-06-02,North,Hardware,456.91
ORD-006988,2026-06-02,North,Software,201.75
ORD-006989,2026-06-02,North,Software,199.57
ORD-006990,2026-06-02,North,Services,283.68
ORD-006991,2026-06-02,North,Software,101.75
ORD-006992,2026-06-02,North,Services,1015.52
ORD-006993,2026-06-02,North,Accessories,33.71
ORD-006994,2026-06-02,North,Hardware,220.95
ORD-006995,2026-06-02,North,Software,120.58
ORD-006996,2026-06-02,North,Services,246.74
ORD-006997,2026-06-02,North,Hardware,252.08
ORD-006998,2026-06-02,North,Accessories,32.64
ORD-006999,2026-06-02,North,Hardware,721.87
ORD-007000,2026-06-02,North,Accessories,15.38
ORD-007001,2026-06-02,North,Hardware,178.98
ORD-007002,2026-06-02,North,Hardware,380.24
ORD-007003,2026-06-02,North,Hardware,270.15
ORD-007004,2026-06-02,North,Software,35.94
ORD-007005,2026-06-02,North,Accessories,19.14
ORD-007006,2026-06-02,North,Services,918.41
ORD-007007,2026-06-02,North,Accessories,36.18
ORD-007008,2026-06-02,North,Hardware,456.68
ORD-007009,2026-06-02,North,Hardware,307.05
ORD-007010,2026-06-02,North,Accessories,27.86
ORD-007011,2026-06-02,North,Software,92.15
ORD-007012,2026-06-02,North,Services,508.90
ORD-007013,2026-06-02,North,Services,1278.39
ORD-007014,2026-06-02,North,Software,228.87
ORD-007015,2026-06-02,North,Accessories,14.55
ORD-007016,2026-06-02,Central,Hardware,199.47
ORD-007017,2026-06-02,Central,Hardware,297.48
ORD-007018,2026-06-02,Central,Software,128.19
ORD-007019,2026-06-02,Central,Software,281.41
ORD-007020,2026-06-02,Central,Software,119.10
ORD-007021,2026-06-02,Central,Software,141.05
ORD-007022,2026-06-02,Central,Accessories,63.11
ORD-007023,2026-06-02,Central,Hardware,363.41
ORD-007024,2026-06-02,Central,Accessories,36.96
ORD-007025,2026-06-02,Central,Accessories,60.94
ORD-007026,2026-06-02,Central,Services,298.92
ORD-007027,2026-06-02,Central,Software,152.82
ORD-007028,2026-06-02,Central,Software,42.99
ORD-007029,2026-06-02,Central,Accessories,65.38
ORD-007030,2026-06-02,Central,Accessories,27.05
ORD-007031,2026-06-02,Central,Software,129.00
ORD-007032,2026-06-02,Central,Software,65.76
ORD-007033,2026-06-02,Central,Services,405.38
ORD-007034,2026-06-02,Central,Accessories,77.16
ORD-007035,2026-06-02,Central,Accessories,63.23
ORD-007036,2026-06-02,Central,Software,237.94
ORD-007037,2026-06-02,Central,Software,136.18
ORD-007038,2026-06-02,Central,Software,110.61
ORD-007039,2026-06-02,Central,Accessories,19.76
ORD-007040,2026-06-02,Central,Services,350.65
ORD-007041,2026-06-02,Central,Hardware,114.10
ORD-007042,2026-06-02,Central,Hardware,336.53
ORD-007043,2026-06-02,Central,Services,913.56
ORD-007044,2026-06-02,Central,Accessories,83.63
ORD-007045,2026-06-02,Central,Accessories,32.92
ORD-007046,2026-06-02,Central,Software,132.60
ORD-007047,2026-06-02,Central,Accessories,31.78
ORD-007048,2026-06-02,Central,Software,121.03
ORD-007049,2026-06-02,Central,Services,542.26
ORD-007050,2026-06-02,Central,Software,111.18
ORD-007051,2026-06-02,Central,Software,69.21
ORD-007052,2026-06-02,Central,Accessories,24.40
ORD-007053,2026-06-02,Central,Accessories,34.62
ORD-007054,2026-06-02,Central,Accessories,29.04
ORD-007055,2026-06-02,Central,Services,666.41
ORD-007056,2026-06-02,Central,Software,332.22
ORD-007057,2026-06-02,Central,Hardware,133.16
ORD-007058,2026-06-02,Central,Hardware,190.13
ORD-007059,2026-06-02,Central,Accessories,90.48
ORD-007060,2026-06-02,Central,,841.34
ORD-007061,2026-06-02,Central,Accessories,79.57
ORD-007062,2026-06-02,Central,Accessories,142.92
ORD-007063,2026-06-02,Central,Accessories,42.59
ORD-007064,2026-06-02,Central,Hardware,103.79
ORD-007065,2026-06-02,Central,Accessories,25.28
ORD-007066,2026-06-02,Central,Hardware,356.61
ORD-007067,2026-06-02,Central,Software,67.11
ORD-007068,2026-06-02,Central,Software,312.38
ORD-007069,2026-06-02,Central,Services,681.02
ORD-007070,2026-06-02,Central,Software,119.35
ORD-007071,2026-06-02,Central,Services,1380.05
ORD-007072,2026-06-02,Central,Software,469.35
ORD-007073,2026-06-02,South,Software,215.80
ORD-007074,2026-06-02,South,Software,241.18
ORD-007075,2026-06-02,South,Accessories,44.41
ORD-007076,2026-06-02,South,Hardware,470.07
ORD-007077,2026-06-02,South,Accessories,31.06
ORD-007078,2026-06-02,South,Services,349.16
ORD-007079,2026-06-02,South,Accessories,102.09
ORD-007080,2026-06-02,South,Hardware,503.21
ORD-007081,2026-06-02,South,Software,114.76
ORD-007082,2026-06-02,South,Accessories,35.48
ORD-007083,2026-06-02,South,Hardware,323.66
ORD-007084,2026-06-02,South,Software,337.60
ORD-007085,2026-06-02,South,Hardware,277.51
ORD-007086,2026-06-02,South,Accessories,14.94
ORD-007087,2026-06-02,South,Services,337.79
ORD-007088,2026-06-02,South,Software,87.30
ORD-007089,2026-06-02,South,Accessories,42.43
ORD-007090,2026-06-02,South,Hardware,385.24
ORD-007091,2026-06-02,South,Services,353.37
ORD-007092,2026-06-02,South,Software,204.45
ORD-007093,2026-06-02,South,Hardware,297.28
ORD-007094,2026-06-02,South,Hardware,205.62
ORD-007095,2026-06-02,South,Hardware,298.51
ORD-007096,2026-06-02,South,Hardware,208.29
ORD-007097,2026-06-02,South,Software,88.98
ORD-007098,2026-06-02,South,Software,80.82
ORD-007099,2026-06-02,South,Software,125.32
ORD-007100,2026-06-02,South,Accessories,76.72
ORD-007101,2026-06-02,South,Software,55.81
ORD-007102,2026-06-02,South,Services,420.23
ORD-007103,2026-06-02,South,Accessories,106.65
ORD-007104,2026-06-02,South,Accessories,48.20
ORD-007105,2026-06-02,South,Software,183.96
ORD-007106,2026-06-02,South,Accessories,42.69
ORD-007107,2026-06-02,South,Hardware,928.49
ORD-007108,2026-06-02,South,Hardware,216.05
ORD-007109,2026-06-02,South,Software,158.82
ORD-007110,2026-06-02,South,Accessories,29.54
ORD-007111,2026-06-02,South,Hardware,115.22
ORD-007112,2026-06-02,South,Services,651.17
ORD-007113,2026-06-02,South,Accessories,36.25
ORD-007114,2026-06-02,South,Software,132.78
ORD-007115,2026-06-02,South,Accessories,26.14
ORD-007116,2026-06-03,North,Services,1936.41
ORD-007117,2026-06-03,North,Hardware,680.06
ORD-007118,2026-06-03,North,Software,133.38
ORD-007119,2026-06-03,North,Services,431.20
ORD-007120,2026-06-03,North,Accessories,87.35
ORD-007121,2026-06-03,North,Software,110.45
ORD-007122,2026-06-03,North,Hardware,443.02
ORD-007123,2026-06-03,North,Services,267.93
ORD-007124,2026-06-03,North,Software,105.42
ORD-007125,2026-06-03,North,Software,84.60
ORD-007126,2026-06-03,North,Hardware,660.55
ORD-007127,2026-06-03,North,Hardware,154.40
ORD-007128,2026-06-03,North,Services,710.25
ORD-007129,2026-06-03,North,Accessories,26.19
ORD-007130,2026-06-03,North,Software,178.30
ORD-007131,2026-06-03,North,Software,406.75
ORD-007132,2026-06-03,North,,53.47
ORD-007133,2026-06-03,North,Hardware,241.37
ORD-007134,2026-06-03,North,Hardware,302.19
ORD-007135,2026-06-03,North,Software,209.87
ORD-007136,2026-06-03,North,Hardware,256.88
ORD-007137,2026-06-03,North,Accessories,41.54
ORD-007138,2026-06-03,North,Software,173.05
ORD-007139,2026-06-03,North,Services,310.97
ORD-007140,2026-06-03,North,Accessories,52.20
ORD-007141,2026-06-03,North,Hardware,396.08
ORD-007142,2026-06-03,North,Accessories,18.28
ORD-007143,2026-06-03,North,Software,105.74
ORD-007144,2026-06-03,North,Accessories,31.76
ORD-007145,2026-06-03,North,Software,92.86
ORD-007146,2026-06-03,North,Hardware,141.30
ORD-007147,2026-06-03,North,Hardware,356.33
ORD-007148,2026-06-03,North,Hardware,349.80
ORD-007149,2026-06-03,North,Hardware,280.20
ORD-007150,2026-06-03,North,Hardware,317.11
ORD-007151,2026-06-03,North,Services,367.51
ORD-007152,2026-06-03,North,Services,672.80
ORD-007153,2026-06-03,North,Accessories,16.64
ORD-007154,2026-06-03,North,Software,56.17
ORD-007155,2026-06-03,North,Hardware,424.91
ORD-007156,2026-06-03,North,Hardware,142.80
ORD-007157,2026-06-03,North,Software,172.33
ORD-007158,2026-06-03,North,Hardware,177.65
ORD-007159,2026-06-03,North,Accessories,22.11
ORD-007160,2026-06-03,North,Accessories,29.20
ORD-007161,2026-06-03,North,Services,931.78
ORD-007162,2026-06-03,North,Services,923.48
ORD-007163,2026-06-03,North,Services,476.55
ORD-007164,2026-06-03,North,Services,641.33
ORD-007165,2026-06-03,North,Accessories,54.53
ORD-007166,2026-06-03,North,Services,566.42
ORD-007167,2026-06-03,North,Hardware,316.73
ORD-007168,2026-06-03,North,,337.76
ORD-007169,2026-06-03,Central,Services,1323.72
ORD-007170,2026-06-03,Central,Hardware,266.43
ORD-007171,2026-06-03,Central,Services,887.23
ORD-007172,2026-06-03,Central,Software,144.63
ORD-007173,2026-06-03,Central,Software,165.17
ORD-007174,2026-06-03,Central,Services,910.39
ORD-007175,2026-06-03,Central,Services,250.85
ORD-007176,2026-06-03,Central,Accessories,9.13
ORD-007177,2026-06-03,Central,,348.21
ORD-007178,2026-06-03,Central,Accessories,21.93
ORD-007179,2026-06-03,Central,Accessories,55.55
ORD-007180,2026-06-03,Central,Software,117.92
ORD-007181,2026-06-03,Central,Services,394.63
ORD-007182,2026-06-03,Central,,168.20
ORD-007183,2026-06-03,Central,Hardware,500.44
ORD-007184,2026-06-03,Central,Accessories,22.70
ORD-007185,2026-06-03,Central,Hardware,205.73
ORD-007186,2026-06-03,Central,Services,648.13
ORD-007187,2026-06-03,Central,Hardware,188.10
ORD-007188,2026-06-03,Central,Software,175.24
ORD-007189,2026-06-03,Central,Hardware,378.93
ORD-007190,2026-06-03,Central,Hardware,899.12
ORD-007191,2026-06-03,Central,Accessories,13.67
ORD-007192,2026-06-03,Central,Accessories,37.84
ORD-007193,2026-06-03,Central,Services,928.37
ORD-007194,2026-06-03,Central,Hardware,142.54
ORD-007195,2026-06-03,Central,Software,189.23
ORD-007196,2026-06-03,Central,Software,76.36
ORD-007197,2026-06-03,Central,Hardware,191.73
ORD-007198,2026-06-03,Central,Hardware,122.87
ORD-007199,2026-06-03,Central,Hardware,212.80
ORD-007200,2026-06-03,Central,Software,301.92
ORD-007201,2026-06-03,Central,Services,564.20
ORD-007202,2026-06-03,Central,Accessories,45.44
ORD-007203,2026-06-03,Central,Software,172.93
ORD-007204,2026-06-03,Central,Software,147.11
ORD-007205,2026-06-03,Central,Hardware,578.36
ORD-007206,2026-06-03,Central,Hardware,106.69
ORD-007207,2026-06-03,Central,Services,1555.30
ORD-007208,2026-06-03,Central,Accessories,22.60
ORD-007209,2026-06-03,Central,Accessories,29.71
ORD-007210,2026-06-03,South,Hardware,297.39
ORD-007211,2026-06-03,South,Hardware,200.10
ORD-007212,2026-06-03,South,Software,222.67
ORD-007213,2026-06-03,South,Software,122.02
ORD-007214,2026-06-03,South,Accessories,43.62
ORD-007215,2026-06-03,South,Accessories,22.70
ORD-007216,2026-06-03,South,Software,49.62
ORD-007217,2026-06-03,South,Hardware,750.93
ORD-007218,2026-06-03,South,Hardware,456.81
ORD-007219,2026-06-03,South,Services,786.06
ORD-007220,2026-06-03,South,Hardware,391.76
ORD-007221,2026-06-03,South,Hardware,305.19
ORD-007222,2026-06-03,South,Hardware,390.98
ORD-007223,2026-06-03,South,Accessories,59.20
ORD-007224,2026-06-03,South,Hardware,800.59
ORD-007225,2026-06-03,South,Accessories,89.32
ORD-007226,2026-06-03,South,Accessories,19.22
ORD-007227,2026-06-03,South,Software,273.12
ORD-007228,2026-06-03,South,Software,104.97
ORD-007229,2026-06-03,South,Hardware,382.90
ORD-007230,2026-06-03,South,Services,319.20
ORD-007231,2026-06-03,South,Services,896.21
ORD-007232,2026-06-03,South,Software,102.38
ORD-007233,2026-06-03,South,Hardware,171.35
ORD-007234,2026-06-03,South,Hardware,712.18
ORD-007235,2026-06-03,South,Software,153.77
ORD-007236,2026-06-04,North,Hardware,206.37
ORD-007237,2026-06-04,North,Hardware,226.29
ORD-007238,2026-06-04,North,Hardware,576.98
ORD-007239,2026-06-04,North,Hardware,248.20
ORD-007240,2026-06-04,North,Hardware,424.50
ORD-007241,2026-06-04,North,Software,187.15
ORD-007242,2026-06-04,North,Hardware,330.20
ORD-007243,2026-06-04,North,Software,187.90
ORD-007244,2026-06-04,North,,118.66
ORD-007245,2026-06-04,North,Hardware,1217.33
ORD-007246,2026-06-04,North,Services,1119.35
ORD-007247,2026-06-04,North,Accessories,26.16
ORD-007248,2026-06-04,North,Software,85.31
ORD-007249,2026-06-04,North,Accessories,116.87
ORD-007250,2026-06-04,North,Accessories,58.51
ORD-007251,2026-06-04,North,Services,443.90
ORD-007252,2026-06-04,North,Software,237.20
ORD-007253,2026-06-04,North,Hardware,619.57
ORD-007254,2026-06-04,North,Services,158.84
ORD-007255,2026-06-04,North,Services,843.03
ORD-007256,2026-06-04,North,Services,673.54
ORD-007257,2026-06-04,North,Hardware,599.86
ORD-007258,2026-06-04,North,Services,962.69
ORD-007259,2026-06-04,North,Hardware,593.67
ORD-007260,2026-06-04,North,Hardware,683.78
ORD-007261,2026-06-04,North,Hardware,191.69
ORD-007262,2026-06-04,North,Software,282.96
ORD-007263,2026-06-04,North,Software,63.25
ORD-007264,2026-06-04,North,,428.41
ORD-007265,2026-06-04,North,Services,694.94
ORD-007266,2026-06-04,North,,77.83
ORD-007267,2026-06-04,North,,625.23
ORD-007268,2026-06-04,North,Hardware,532.65
ORD-007269,2026-06-04,North,Hardware,165.28
ORD-007270,2026-06-04,North,Services,453.53
ORD-007271,2026-06-04,North,Software,178.88
ORD-007272,2026-06-04,North,Hardware,423.55
ORD-007273,2026-06-04,North,Hardware,483.07
ORD-007274,2026-06-04,North,Accessories,12.80
ORD-007275,2026-06-04,North,Software,91.96
ORD-007276,2026-06-04,North,Accessories,15.38
ORD-007277,2026-06-04,North,Services,540.30
ORD-007278,2026-06-04,North,Hardware,668.00
ORD-007279,2026-06-04,North,Services,866.64
ORD-007280,2026-06-04,North,Services,504.72
ORD-007281,2026-06-04,North,Services,395.25
ORD-007282,2026-06-04,North,Services,480.99
ORD-007283,2026-06-04,North,Software,111.90
ORD-007284,2026-06-04,North,Accessories,40.02
ORD-007285,2026-06-04,North,Hardware,655.13
ORD-007286,2026-06-04,North,Software,202.44
ORD-007287,2026-06-04,North,Hardware,166.85
ORD-007288,2026-06-04,North,Hardware,623.99
ORD-007289,2026-06-04,Central,Hardware,183.76
ORD-007290,2026-06-04,Central,Services,294.02
ORD-007291,2026-06-04,Central,Software,125.59
ORD-007292,2026-06-04,Central,Services,595.16
ORD-007293,2026-06-04,Central,Accessories,59.18
ORD-007294,2026-06-04,Central,Hardware,305.81
ORD-007295,2026-06-04,Central,Hardware,795.07
ORD-007296,2026-06-04,Central,Services,660.86
ORD-007297,2026-06-04,Central,Hardware,197.02
ORD-007298,2026-06-04,Central,Hardware,178.83
ORD-007299,2026-06-04,Central,Accessories,18.94
ORD-007300,2026-06-04,Central,Hardware,295.94
ORD-007301,2026-06-04,Central,Accessories,29.63
ORD-007302,2026-06-04,Central,Services,240.84
ORD-007303,2026-06-04,Central,Hardware,262.84
ORD-007304,2026-06-04,Central,Software,134.63
ORD-007305,2026-06-04,Central,Accessories,20.45
ORD-007306,2026-06-04,Central,,209.34
ORD-007307,2026-06-04,Central,Services,668.55
ORD-007308,2026-06-04,Central,Services,704.72
ORD-007309,2026-06-04,Central,Software,164.75
ORD-007310,2026-06-04,Central,Hardware,432.03
ORD-007311,2026-06-04,Central,Software,378.34
ORD-007312,2026-06-04,Central,Services,992.66
ORD-007313,2026-06-04,Central,Accessories,72.28
ORD-007314,2026-06-04,Central,Accessories,31.37
ORD-007315,2026-06-04,Central,Services,661.03
ORD-007316,2026-06-04,Central,Services,512.60
ORD-007317,2026-06-04,Central,Hardware,362.58
ORD-007318,2026-06-04,Central,Services,171.34
ORD-007319,2026-06-04,Central,Hardware,480.14
ORD-007320,2026-06-04,Central,Hardware,308.48
ORD-007321,2026-06-04,Central,Hardware,137.75
ORD-007322,2026-06-04,Central,Services,567.95
ORD-007323,2026-06-04,South,Accessories,39.91
ORD-007324,2026-06-04,South,Software,203.70
ORD-007325,2026-06-04,South,Services,184.96
ORD-007326,2026-06-04,South,Accessories,12.50
ORD-007327,2026-06-04,South,Software,214.45
ORD-007328,2026-06-04,South,Hardware,396.40
ORD-007329,2026-06-04,South,Hardware,379.15
ORD-007330,2026-06-04,South,Software,169.27
ORD-007331,2026-06-04,South,Software,211.93
ORD-007332,2026-06-04,South,Accessories,70.22
ORD-007333,2026-06-04,South,Hardware,269.62
ORD-007334,2026-06-04,South,Hardware,468.46
ORD-007335,2026-06-04,South,Accessories,101.84
ORD-007336,2026-06-04,South,Software,105.65
ORD-007337,2026-06-04,South,Software,142.96
ORD-007338,2026-06-04,South,Accessories,27.75
ORD-007339,2026-06-04,South,Services,1751.37
ORD-007340,2026-06-04,South,Accessories,12.06
ORD-007341,2026-06-04,South,Hardware,365.61
ORD-007342,2026-06-04,South,Hardware,603.96
ORD-007343,2026-06-04,South,Hardware,189.43
ORD-007344,2026-06-04,South,Hardware,251.47
ORD-007345,2026-06-04,South,Software,189.72
ORD-007346,2026-06-04,South,Hardware,308.45
ORD-007347,2026-06-04,South,Accessories,34.83
ORD-007348,2026-06-04,South,Accessories,17.91
ORD-007349,2026-06-04,South,Accessories,47.38
ORD-007350,2026-06-04,South,Services,503.52
ORD-007351,2026-06-04,South,Hardware,610.19
ORD-007352,2026-06-04,South,Services,576.46
ORD-007353,2026-06-04,South,Services,750.61
ORD-007354,2026-06-04,South,Hardware,1052.07
ORD-007355,2026-06-04,South,Services,366.99
ORD-007356,2026-06-04,South,Software,122.67
ORD-007357,2026-06-04,South,Hardware,373.86
ORD-007358,2026-06-04,South,Accessories,29.76
ORD-007359,2026-06-05,North,Software,107.11
ORD-007360,2026-06-05,North,Hardware,298.60
ORD-007361,2026-06-05,North,Hardware,268.72
ORD-007362,2026-06-05,North,Services,541.39
ORD-007363,2026-06-05,North,Software,223.86
ORD-007364,2026-06-05,North,Hardware,205.19
ORD-007365,2026-06-05,North,Hardware,903.78
ORD-007366,2026-06-05,North,,139.18
ORD-007367,2026-06-05,North,Accessories,30.60
ORD-007368,2026-06-05,North,Software,278.94
ORD-007369,2026-06-05,North,Software,342.44
ORD-007370,2026-06-05,North,Software,227.33
ORD-007371,2026-06-05,North,Software,54.62
ORD-007372,2026-06-05,North,Services,343.26
ORD-007373,2026-06-05,North,Accessories,27.20
ORD-007374,2026-06-05,North,Software,245.47
ORD-007375,2026-06-05,North,Hardware,165.26
ORD-007376,2026-06-05,North,Accessories,49.00
ORD-007377,2026-06-05,North,Software,292.35
ORD-007378,2026-06-05,North,Hardware,726.57
ORD-007379,2026-06-05,North,Hardware,255.22
ORD-007380,2026-06-05,North,Hardware,279.55
ORD-007381,2026-06-05,North,Software,141.33
ORD-007382,2026-06-05,North,,398.65
ORD-007383,2026-06-05,North,Software,109.42
ORD-007384,2026-06-05,North,Hardware,294.27
ORD-007385,2026-06-05,North,,77.79
ORD-007386,2026-06-05,North,Software,118.06
ORD-007387,2026-06-05,North,Software,93.55
ORD-007388,2026-06-05,North,Hardware,469.35
ORD-007389,2026-06-05,North,Accessories,37.38
ORD-007390,2026-06-05,North,Accessories,18.27
ORD-007391,2026-06-05,North,Software,100.69
ORD-007392,2026-06-05,North,Services,430.05
ORD-007393,2026-06-05,North,Hardware,294.33
ORD-007394,2026-06-05,North,Accessories,86.10
ORD-007395,2026-06-05,North,Software,325.57
ORD-007396,2026-06-05,North,Services,385.53
ORD-007397,2026-06-05,North,Software,139.37
ORD-007398,2026-06-05,North,Hardware,422.52
ORD-007399,2026-06-05,North,Hardware,555.41
ORD-007400,2026-06-05,North,Hardware,292.80
ORD-007401,2026-06-05,North,Accessories,34.85
ORD-007402,2026-06-05,North,Services,536.14
ORD-007403,2026-06-05,North,Accessories,30.35
ORD-007404,2026-06-05,North,Accessories,58.84
ORD-007405,2026-06-05,North,Services,375.14
ORD-007406,2026-06-05,Central,Accessories,26.20
ORD-007407,2026-06-05,Central,Accessories,37.14
ORD-007408,2026-06-05,Central,Software,157.89
ORD-007409,2026-06-05,Central,Services,232.78
ORD-007410,2026-06-05,Central,Software,175.43
ORD-007411,2026-06-05,Central,Software,405.92
ORD-007412,2026-06-05,Central,Accessories,68.66
ORD-007413,2026-06-05,Central,Services,531.61
ORD-007414,2026-06-05,Central,Services,648.12
ORD-007415,2026-06-05,Central,Software,40.43
ORD-007416,2026-06-05,Central,Services,637.38
ORD-007417,2026-06-05,Central,Services,369.21
ORD-007418,2026-06-05,Central,Accessories,30.63
ORD-007419,2026-06-05,Central,Hardware,204.63
ORD-007420,2026-06-05,Central,Services,1007.11
ORD-007421,2026-06-05,Central,Hardware,135.72
ORD-007422,2026-06-05,Central,Software,66.92
ORD-007423,2026-06-05,Central,Accessories,24.14
ORD-007424,2026-06-05,Central,Accessories,24.29
ORD-007425,2026-06-05,Central,Accessories,65.37
ORD-007426,2026-06-05,Central,Software,196.78
ORD-007427,2026-06-05,Central,Software,133.96
ORD-007428,2026-06-05,Central,Accessories,49.86
ORD-007429,2026-06-05,Central,Software,249.38
ORD-007430,2026-06-05,Central,Services,610.12
ORD-007431,2026-06-05,Central,Accessories,21.99
ORD-007432,2026-06-05,Central,Services,409.12
ORD-007433,2026-06-05,Central,Services,1326.91
ORD-007434,2026-06-05,Central,Accessories,40.57
ORD-007435,2026-06-05,Central,Software,262.63
ORD-007436,2026-06-05,Central,Accessories,70.86
ORD-007437,2026-06-05,Central,Hardware,286.26
ORD-007438,2026-06-05,Central,Software,241.77
ORD-007439,2026-06-05,Central,Accessories,89.92
ORD-007440,2026-06-05,Central,Services,250.31
ORD-007441,2026-06-05,Central,Hardware,660.80
ORD-007442,2026-06-05,Central,Services,417.26
ORD-007443,2026-06-05,Central,Accessories,57.54
ORD-007444,2026-06-05,South,Software,52.43
ORD-007445,2026-06-05,South,Hardware,87.55
ORD-007446,2026-06-05,South,Services,591.25
ORD-007447,2026-06-05,South,Accessories,70.64
ORD-007448,2026-06-05,South,Accessories,19.62
ORD-007449,2026-06-05,South,Software,183.74
ORD-007450,2026-06-05,South,Accessories,33.27
ORD-007451,2026-06-05,South,Accessories,56.53
ORD-007452,2026-06-05,South,Software,124.96
ORD-007453,2026-06-05,South,Services,439.30
ORD-007454,2026-06-05,South,Accessories,33.40
ORD-007455,2026-06-05,South,Services,463.71
ORD-007456,2026-06-05,South,Accessories,35.02
ORD-007457,2026-06-05,South,Accessories,33.41
ORD-007458,2026-06-05,South,Services,775.71
ORD-007459,2026-06-05,South,Accessories,14.55
ORD-007460,2026-06-05,South,Software,69.82
ORD-007461,2026-06-05,South,Hardware,245.52
ORD-007462,2026-06-05,South,Accessories,49.39
ORD-007463,2026-06-05,South,Hardware,236.51
ORD-007464,2026-06-05,South,Services,283.48
ORD-007465,2026-06-05,South,Hardware,185.27
ORD-007466,2026-06-05,South,Software,68.15
ORD-007467,2026-06-05,South,Services,443.50
ORD-007468,2026-06-05,South,Software,318.21
ORD-007469,2026-06-05,South,Services,1516.59
ORD-007470,2026-06-05,South,Software,29.82
ORD-007471,2026-06-05,South,Accessories,24.47
ORD-007472,2026-06-05,South,Software,248.45
ORD-007473,2026-06-05,South,Software,263.56
ORD-007474,2026-06-06,North,Software,47.58
ORD-007475,2026-06-06,North,,41.78
ORD-007476,2026-06-06,North,Accessories,39.70
ORD-007477,2026-06-06,North,Accessories,40.01
ORD-007478,2026-06-06,North,Software,183.47
ORD-007479,2026-06-06,North,Hardware,399.92
ORD-007480,2026-06-06,North,Accessories,28.69
ORD-007481,2026-06-06,North,Software,105.71
ORD-007482,2026-06-06,North,Hardware,379.22
ORD-007483,2026-06-06,North,Software,189.56
ORD-007484,2026-06-06,North,Accessories,33.54
ORD-007485,2026-06-06,North,Services,280.94
ORD-007486,2026-06-06,North,Accessories,18.66
ORD-007487,2026-06-06,North,Hardware,257.61
ORD-007488,2026-06-06,North,Accessories,77.12
ORD-007489,2026-06-06,North,Services,378.47
ORD-007490,2026-06-06,North,Services,1033.56
ORD-007491,2026-06-06,North,Accessories,20.62
ORD-007492,2026-06-06,North,Accessories,35.01
ORD-007493,2026-06-06,North,Accessories,54.24
ORD-007494,2026-06-06,North,Hardware,435.03
ORD-007495,2026-06-06,North,Accessories,10.97
ORD-007496,2026-06-06,North,Hardware,343.35
ORD-007497,2026-06-06,North,Services,1982.43
ORD-007498,2026-06-06,North,Accessories,44.28
ORD-007499,2026-06-06,North,Software,203.68
ORD-007500,2026-06-06,North,Hardware,166.39
ORD-007501,2026-06-06,North,Services,2788.88
ORD-007502,2026-06-06,North,Software,107.57
ORD-007503,2026-06-06,North,Services,708.65
ORD-007504,2026-06-06,North,Accessories,75.46
ORD-007505,2026-06-06,North,Software,186.63
ORD-007506,2026-06-06,North,Hardware,247.37
ORD-007507,2026-06-06,North,Hardware,282.51
ORD-007508,2026-06-06,North,Software,145.83
ORD-007509,2026-06-06,North,Software,100.77
ORD-007510,2026-06-06,North,Accessories,80.31
ORD-007511,2026-06-06,North,Hardware,741.26
ORD-007512,2026-06-06,North,Accessories,41.47
ORD-007513,2026-06-06,Central,Accessories,34.83
ORD-007514,2026-06-06,Central,Software,55.68
ORD-007515,2026-06-06,Central,Accessories,22.09
ORD-007516,2026-06-06,Central,Hardware,250.26
ORD-007517,2026-06-06,Central,Software,258.57
ORD-007518,2026-06-06,Central,Hardware,129.92
ORD-007519,2026-06-06,Central,Hardware,160.34
ORD-007520,2026-06-06,Central,Hardware,455.19
ORD-007521,2026-06-06,Central,Hardware,396.70
ORD-007522,2026-06-06,Central,Hardware,269.57
ORD-007523,2026-06-06,Central,Hardware,693.20
ORD-007524,2026-06-06,Central,Accessories,35.04
ORD-007525,2026-06-06,Central,Accessories,44.14
ORD-007526,2026-06-06,Central,Hardware,1187.80
ORD-007527,2026-06-06,Central,Hardware,618.79
ORD-007528,2026-06-06,Central,Hardware,360.70
ORD-007529,2026-06-06,Central,Services,335.01
ORD-007530,2026-06-06,Central,Software,132.86
ORD-007531,2026-06-06,Central,Hardware,1274.02
ORD-007532,2026-06-06,Central,Software,150.81
ORD-007533,2026-06-06,Central,Hardware,319.24
ORD-007534,2026-06-06,Central,Hardware,250.10
ORD-007535,2026-06-06,Central,Software,114.52
ORD-007536,2026-06-06,Central,Software,239.82
ORD-007537,2026-06-06,Central,Services,188.51
ORD-007538,2026-06-06,Central,Accessories,30.77
ORD-007539,2026-06-06,Central,Hardware,618.59
ORD-007540,2026-06-06,Central,Hardware,450.64
ORD-007541,2026-06-06,Central,Accessories,16.84
ORD-007542,2026-06-06,Central,Software,275.02
ORD-007543,2026-06-06,Central,Hardware,524.58
ORD-007544,2026-06-06,Central,Accessories,22.18
ORD-007545,2026-06-06,Central,Accessories,67.92
ORD-007546,2026-06-06,Central,Hardware,942.23
ORD-007547,2026-06-06,Central,Services,426.13
ORD-007548,2026-06-06,South,Hardware,270.45
ORD-007549,2026-06-06,South,Software,169.09
ORD-007550,2026-06-06,South,Hardware,157.24
ORD-007551,2026-06-06,South,Software,75.67
ORD-007552,2026-06-06,South,Software,450.11
ORD-007553,2026-06-06,South,Services,515.08
ORD-007554,2026-06-06,South,Software,160.74
ORD-007555,2026-06-06,South,,541.31
ORD-007556,2026-06-06,South,Hardware,215.80
ORD-007557,2026-06-06,South,,80.93
ORD-007558,2026-06-06,South,Accessories,25.53
ORD-007559,2026-06-06,South,Services,975.61
ORD-007560,2026-06-06,South,Software,334.79
ORD-007561,2026-06-06,South,Accessories,35.34
ORD-007562,2026-06-06,South,Software,210.91
ORD-007563,2026-06-06,South,Hardware,144.56
ORD-007564,2026-06-06,South,Services,673.50
ORD-007565,2026-06-06,South,Hardware,395.46
ORD-007566,2026-06-06,South,Software,101.25
ORD-007567,2026-06-06,South,Hardware,226.95
ORD-007568,2026-06-06,South,Software,64.14
ORD-007569,2026-06-07,North,Hardware,339.12
ORD-007570,2026-06-07,North,Services,1451.88
ORD-007571,2026-06-07,North,Services,311.75
ORD-007572,2026-06-07,North,Hardware,391.61
ORD-007573,2026-06-07,North,Software,166.05
ORD-007574,2026-06-07,North,Services,770.42
ORD-007575,2026-06-07,North,Services,516.58
ORD-007576,2026-06-07,North,Hardware,138.21
ORD-007577,2026-06-07,North,Hardware,180.28
ORD-007578,2026-06-07,North,,206.44
ORD-007579,2026-06-07,North,Software,156.70
ORD-007580,2026-06-07,North,Accessories,34.33
ORD-007581,2026-06-07,North,Software,117.62
ORD-007582,2026-06-07,North,Services,446.50
ORD-007583,2026-06-07,North,Accessories,56.66
ORD-007584,2026-06-07,North,Services,1243.58
ORD-007585,2026-06-07,North,Services,1420.56
ORD-007586,2026-06-07,North,Accessories,22.77
ORD-007587,2026-06-07,North,Software,27.01
ORD-007588,2026-06-07,North,Services,312.85
ORD-007589,2026-06-07,North,Hardware,448.23
ORD-007590,2026-06-07,North,Accessories,28.30
ORD-007591,2026-06-07,North,Accessories,87.14
ORD-007592,2026-06-07,North,Services,250.16
ORD-007593,2026-06-07,North,Hardware,418.10
ORD-007594,2026-06-07,North,Hardware,313.95
ORD-007595,2026-06-07,North,Services,947.81
ORD-007596,2026-06-07,North,,395.34
ORD-007597,2026-06-07,North,Services,245.66
ORD-007598,2026-06-07,North,Hardware,383.70
ORD-007599,2026-06-07,North,Services,353.26
ORD-007600,2026-06-07,North,Hardware,402.76
ORD-007601,2026-06-07,North,Software,85.58
ORD-007602,2026-06-07,North,Accessories,33.15
ORD-007603,2026-06-07,North,,157.96
ORD-007604,2026-06-07,North,Services,479.07
ORD-007605,2026-06-07,North,Accessories,77.74
ORD-007606,2026-06-07,North,Services,585.27
ORD-007607,2026-06-07,North,Hardware,612.58
ORD-007608,2026-06-07,North,Services,722.72
ORD-007609,2026-06-07,North,Software,86.50
ORD-007610,2026-06-07,North,Accessories,12.48
ORD-007611,2026-06-07,Central,Software,195.91
ORD-007612,2026-06-07,Central,Accessories,30.74
ORD-007613,2026-06-07,Central,Software,113.73
ORD-007614,2026-06-07,Central,Accessories,62.39
ORD-007615,2026-06-07,Central,Hardware,277.84
ORD-007616,2026-06-07,Central,Services,692.13
ORD-007617,2026-06-07,Central,Software,63.56
ORD-007618,2026-06-07,Central,Software,213.09
ORD-007619,2026-06-07,Central,Hardware,419.69
ORD-007620,2026-06-07,Central,Accessories,69.98
ORD-007621,2026-06-07,Central,Hardware,214.91
ORD-007622,2026-06-07,Central,Hardware,423.38
ORD-007623,2026-06-07,Central,Hardware,255.18
ORD-007624,2026-06-07,Central,Services,462.75
ORD-007625,2026-06-07,Central,Software,103.83
ORD-007626,2026-06-07,Central,Software,188.81
ORD-007627,2026-06-07,Central,Software,171.88
ORD-007628,2026-06-07,Central,Hardware,497.94
ORD-007629,2026-06-07,Central,Accessories,18.15
ORD-007630,2026-06-07,Central,Hardware,453.83
ORD-007631,2026-06-07,Central,,46.33
ORD-007632,2026-06-07,Central,,1014.84
ORD-007633,2026-06-07,Central,Accessories,53.62
ORD-007634,2026-06-07,Central,Hardware,831.00
ORD-007635,2026-06-07,Central,Accessories,28.17
ORD-007636,2026-06-07,Central,Hardware,215.23
ORD-007637,2026-06-07,Central,Hardware,423.73
ORD-007638,2026-06-07,Central,Hardware,332.75
ORD-007639,2026-06-07,Central,Software,64.90
ORD-007640,2026-06-07,Central,Services,548.24
ORD-007641,2026-06-07,Central,Software,157.97
ORD-007642,2026-06-07,Central,Hardware,594.35
ORD-007643,2026-06-07,Central,Software,125.12
ORD-007644,2026-06-07,Central,Services,1965.57
ORD-007645,2026-06-07,Central,Services,205.99
ORD-007646,2026-06-07,Central,Software,88.47
ORD-007647,2026-06-07,South,Services,200.83
ORD-007648,2026-06-07,South,Hardware,359.11
ORD-007649,2026-06-07,South,Accessories,18.81
ORD-007650,2026-06-07,South,Accessories,42.89
ORD-007651,2026-06-07,South,Hardware,299.60
ORD-007652,2026-06-07,South,Accessories,86.71
ORD-007653,2026-06-07,South,Software,173.84
ORD-007654,2026-06-07,South,Services,526.05
ORD-007655,2026-06-07,South,Services,455.03
ORD-007656,2026-06-07,South,Services,349.36
ORD-007657,2026-06-07,South,Services,475.73
ORD-007658,2026-06-07,South,Accessories,25.47
ORD-007659,2026-06-07,South,Software,84.30
ORD-007660,2026-06-07,South,Services,354.35
ORD-007661,2026-06-07,South,Accessories,62.54
ORD-007662,2026-06-07,South,Services,351.82
ORD-007663,2026-06-07,South,Services,558.35
ORD-007664,2026-06-07,South,Software,120.32
ORD-007665,2026-06-07,South,Software,72.77
ORD-007666,2026-06-07,South,Software,279.49
ORD-007667,2026-06-07,South,Hardware,368.98
ORD-007668,2026-06-08,North,Software,194.67
ORD-007669,2026-06-08,North,Services,873.59
ORD-007670,2026-06-08,North,Services,497.41
ORD-007671,2026-06-08,North,Hardware,601.07
ORD-007672,2026-06-08,North,Services,506.02
ORD-007673,2026-06-08,North,Software,56.76
ORD-007674,2026-06-08,North,Software,96.13
ORD-007675,2026-06-08,North,Services,686.75
ORD-007676,2026-06-08,North,Hardware,527.14
ORD-007677,2026-06-08,North,Software,288.77
ORD-007678,2026-06-08,North,Accessories,25.47
ORD-007679,2026-06-08,North,Hardware,245.67
ORD-007680,2026-06-08,North,Hardware,305.10
ORD-007681,2026-06-08,North,Services,370.15
ORD-007682,2026-06-08,North,Accessories,28.39
ORD-007683,2026-06-08,North,Hardware,438.19
ORD-007684,2026-06-08,North,Software,131.91
ORD-007685,2026-06-08,North,Accessories,76.06
ORD-007686,2026-06-08,North,Software,491.07
ORD-007687,2026-06-08,North,Hardware,861.82
ORD-007688,2026-06-08,North,Software,128.78
ORD-007689,2026-06-08,North,Hardware,222.09
ORD-007690,2026-06-08,North,Hardware,402.61
ORD-007691,2026-06-08,North,Accessories,49.23
ORD-007692,2026-06-08,North,Services,1076.51
ORD-007693,2026-06-08,North,Accessories,45.93
ORD-007694,2026-06-08,North,Services,355.75
ORD-007695,2026-06-08,North,Services,148.39
ORD-007696,2026-06-08,North,Software,178.77
ORD-007697,2026-06-08,North,Software,68.68
ORD-007698,2026-06-08,North,Software,143.48
ORD-007699,2026-06-08,North,Accessories,42.60
ORD-007700,2026-06-08,North,Software,1215.95
ORD-007701,2026-06-08,North,Accessories,48.91
ORD-007702,2026-06-08,North,Accessories,145.06
ORD-007703,2026-06-08,North,Software,134.49
ORD-007704,2026-06-08,North,Accessories,20.21
ORD-007705,2026-06-08,North,Accessories,23.92
ORD-007706,2026-06-08,North,Hardware,640.79
ORD-007707,2026-06-08,North,Software,210.72
ORD-007708,2026-06-08,North,Hardware,277.92
ORD-007709,2026-06-08,North,Services,752.84
ORD-007710,2026-06-08,North,Services,308.77
ORD-007711,2026-06-08,North,Accessories,29.88
ORD-007712,2026-06-08,North,Accessories,44.51
ORD-007713,2026-06-08,North,Accessories,30.73
ORD-007714,2026-06-08,North,Software,46.98
ORD-007715,2026-06-08,North,Services,857.04
ORD-007716,2026-06-08,North,Accessories,10.87
ORD-007717,2026-06-08,North,Services,255.28
ORD-007718,2026-06-08,North,Services,1270.82
ORD-007719,2026-06-08,North,Accessories,64.67
ORD-007720,2026-06-08,North,Accessories,62.15
ORD-007721,2026-06-08,North,Accessories,34.73
ORD-007722,2026-06-08,Central,Software,279.85
ORD-007723,2026-06-08,Central,Hardware,183.09
ORD-007724,2026-06-08,Central,Services,298.21
ORD-007725,2026-06-08,Central,Hardware,340.96
ORD-007726,2026-06-08,Central,Software,80.02
ORD-007727,2026-06-08,Central,Software,64.79
ORD-007728,2026-06-08,Central,Hardware,254.59
ORD-007729,2026-06-08,Central,Hardware,463.11
ORD-007730,2026-06-08,Central,Accessories,29.82
ORD-007731,2026-06-08,Central,,13.95
ORD-007732,2026-06-08,Central,Software,342.30
ORD-007733,2026-06-08,Central,Services,955.68
ORD-007734,2026-06-08,Central,Software,149.89
ORD-007735,2026-06-08,Central,Software,356.26
ORD-007736,2026-06-08,Central,Accessories,37.76
ORD-007737,2026-06-08,Central,Hardware,343.89
ORD-007738,2026-06-08,Central,Hardware,546.71
ORD-007739,2026-06-08,Central,Software,53.07
ORD-007740,2026-06-08,Central,Software,301.20
ORD-007741,2026-06-08,Central,Software,183.27
ORD-007742,2026-06-08,Central,Services,259.04
ORD-007743,2026-06-08,Central,Services,670.67
ORD-007744,2026-06-08,Central,Services,475.60
ORD-007745,2026-06-08,Central,Software,115.81
ORD-007746,2026-06-08,Central,Software,77.06
ORD-007747,2026-06-08,Central,Software,224.24
ORD-007748,2026-06-08,Central,Accessories,95.83
ORD-007749,2026-06-08,Central,Hardware,183.45
ORD-007750,2026-06-08,Central,Software,53.48
ORD-007751,2026-06-08,Central,Services,482.69
ORD-007752,2026-06-08,Central,Software,108.49
ORD-007753,2026-06-08,Central,Hardware,1022.55
ORD-007754,2026-06-08,Central,Hardware,245.43
ORD-007755,2026-06-08,Central,Software,104.87
ORD-007756,2026-06-08,Central,Hardware,505.82
ORD-007757,2026-06-08,Central,Software,160.95
ORD-007758,2026-06-08,Central,Services,722.91
ORD-007759,2026-06-08,Central,Software,130.32
ORD-007760,2026-06-08,Central,Software,55.76
ORD-007761,2026-06-08,Central,Accessories,95.51
ORD-007762,2026-06-08,Central,Hardware,536.21
ORD-007763,2026-06-08,Central,Services,513.24
ORD-007764,2026-06-08,Central,Accessories,30.95
ORD-007765,2026-06-08,Central,Accessories,46.75
ORD-007766,2026-06-08,Central,Software,510.26
ORD-007767,2026-06-08,Central,Software,81.01
ORD-007768,2026-06-08,Central,Services,332.12
ORD-007769,2026-06-08,Central,Software,176.40
ORD-007770,2026-06-08,Central,,88.90
ORD-007771,2026-06-08,Central,Hardware,260.69
ORD-007772,2026-06-08,Central,Services,698.65
ORD-007773,2026-06-08,Central,,548.86
ORD-007774,2026-06-08,South,Accessories,31.14
ORD-007775,2026-06-08,South,,98.25
ORD-007776,2026-06-08,South,Accessories,70.60
ORD-007777,2026-06-08,South,Accessories,54.35
ORD-007778,2026-06-08,South,Accessories,76.05
ORD-007779,2026-06-08,South,Accessories,48.21
ORD-007780,2026-06-08,South,Hardware,321.84
ORD-007781,2026-06-08,South,Hardware,190.12
ORD-007782,2026-06-08,South,Software,144.12
ORD-007783,2026-06-08,South,Hardware,402.37
ORD-007784,2026-06-08,South,Software,146.12
ORD-007785,2026-06-08,South,Software,47.13
ORD-007786,2026-06-08,South,Hardware,91.07
ORD-007787,2026-06-08,South,Hardware,226.35
ORD-007788,2026-06-08,South,Hardware,217.53
ORD-007789,2026-06-08,South,Services,1568.22
ORD-007790,2026-06-08,South,Accessories,58.29
ORD-007791,2026-06-08,South,Software,135.29
ORD-007792,2026-06-08,South,Accessories,42.67
ORD-007793,2026-06-08,South,Services,829.49
ORD-007794,2026-06-08,South,Software,158.61
ORD-007795,2026-06-08,South,Accessories,19.56
ORD-007796,2026-06-08,South,Accessories,35.18
ORD-007797,2026-06-08,South,Software,138.52
ORD-007798,2026-06-08,South,Hardware,336.81
ORD-007799,2026-06-08,South,Software,196.62
ORD-007800,2026-06-08,South,Software,97.04
ORD-007801,2026-06-08,South,Accessories,41.10
ORD-007802,2026-06-08,South,Services,434.91
ORD-007803,2026-06-08,South,Services,233.37
ORD-007804,2026-06-08,South,Services,487.86
ORD-007805,2026-06-08,South,Hardware,271.40
ORD-007806,2026-06-08,South,Hardware,424.99
ORD-007807,2026-06-09,North,Services,699.66
ORD-007808,2026-06-09,North,Software,121.13
ORD-007809,2026-06-09,North,Services,287.54
ORD-007810,2026-06-09,North,Accessories,10.50
ORD-007811,2026-06-09,North,Software,186.98
ORD-007812,2026-06-09,North,Services,368.33
ORD-007813,2026-06-09,North,Accessories,11.36
ORD-007814,2026-06-09,North,Software,272.98
ORD-007815,2026-06-09,North,Software,175.24
ORD-007816,2026-06-09,North,Services,615.24
ORD-007817,2026-06-09,North,Software,136.55
ORD-007818,2026-06-09,North,Hardware,348.57
ORD-007819,2026-06-09,North,Accessories,90.10
ORD-007820,2026-06-09,North,Accessories,15.37
ORD-007821,2026-06-09,North,Services,1676.39
ORD-007822,2026-06-09,North,Hardware,213.96
ORD-007823,2026-06-09,North,Software,159.70
ORD-007824,2026-06-09,North,Services,539.18
ORD-007825,2026-06-09,North,Hardware,302.42
ORD-007826,2026-06-09,North,Software,190.81
ORD-007827,2026-06-09,North,Services,615.92
ORD-007828,2026-06-09,North,Accessories,38.60
ORD-007829,2026-06-09,North,Software,144.19
ORD-007830,2026-06-09,North,Accessories,35.08
ORD-007831,2026-06-09,North,Software,155.17
ORD-007832,2026-06-09,North,Hardware,196.81
ORD-007833,2026-06-09,North,Software,69.03
ORD-007834,2026-06-09,North,Hardware,237.71
ORD-007835,2026-06-09,North,Services,450.95
ORD-007836,2026-06-09,North,Hardware,234.78
ORD-007837,2026-06-09,North,Software,137.92
ORD-007838,2026-06-09,North,Accessories,12.43
ORD-007839,2026-06-09,North,Software,357.03
ORD-007840,2026-06-09,North,Hardware,357.88
ORD-007841,2026-06-09,North,Hardware,221.77
ORD-007842,2026-06-09,North,Software,167.05
ORD-007843,2026-06-09,North,Software,88.44
ORD-007844,2026-06-09,North,Software,101.12
ORD-007845,2026-06-09,North,Accessories,93.97
ORD-007846,2026-06-09,North,Software,227.20
ORD-007847,2026-06-09,North,Hardware,805.90
ORD-007848,2026-06-09,North,Software,197.78
ORD-007849,2026-06-09,North,Accessories,115.05
ORD-007850,2026-06-09,North,,146.83
ORD-007851,2026-06-09,North,Hardware,436.13
ORD-007852,2026-06-09,North,Software,131.71
ORD-007853,2026-06-09,Central,Hardware,235.67
ORD-007854,2026-06-09,Central,Software,137.70
ORD-007855,2026-06-09,Central,Hardware,374.07
ORD-007856,2026-06-09,Central,,189.83
ORD-007857,2026-06-09,Central,Services,434.63
ORD-007858,2026-06-09,Central,Accessories,23.93
ORD-007859,2026-06-09,Central,Software,115.87
ORD-007860,2026-06-09,Central,Hardware,296.51
ORD-007861,2026-06-09,Central,Accessories,130.28
ORD-007862,2026-06-09,Central,,21.09
ORD-007863,2026-06-09,Central,Accessories,39.04
ORD-007864,2026-06-09,Central,Accessories,42.55
ORD-007865,2026-06-09,Central,Hardware,145.07
ORD-007866,2026-06-09,Central,Software,247.36
ORD-007867,2026-06-09,Central,Accessories,16.49
ORD-007868,2026-06-09,Central,Services,431.13
ORD-007869,2026-06-09,Central,Hardware,221.54
ORD-007870,2026-06-09,Central,Services,623.13
ORD-007871,2026-06-09,Central,Accessories,27.75
ORD-007872,2026-06-09,Central,Accessories,53.21
ORD-007873,2026-06-09,Central,Services,115.00
ORD-007874,2026-06-09,Central,Software,243.72
ORD-007875,2026-06-09,Central,Hardware,379.93
ORD-007876,2026-06-09,Central,Hardware,211.39
ORD-007877,2026-06-09,Central,Software,71.25
ORD-007878,2026-06-09,Central,Services,669.12
ORD-007879,2026-06-09,Central,Accessories,91.21
ORD-007880,2026-06-09,Central,Software,283.07
ORD-007881,2026-06-09,Central,Software,86.44
ORD-007882,2026-06-09,Central,Accessories,42.93
ORD-007883,2026-06-09,Central,Accessories,49.99
ORD-007884,2026-06-09,Central,Software,193.59
ORD-007885,2026-06-09,Central,Software,278.58
ORD-007886,2026-06-09,Central,Hardware,487.72
ORD-007887,2026-06-09,Central,Software,218.86
ORD-007888,2026-06-09,Central,Software,36.73
ORD-007889,2026-06-09,Central,Hardware,231.41
ORD-007890,2026-06-09,Central,Hardware,175.09
ORD-007891,2026-06-09,Central,Hardware,835.85
ORD-007892,2026-06-09,Central,,55.14
ORD-007893,2026-06-09,Central,Software,237.98
ORD-007894,2026-06-09,Central,Software,44.30
ORD-007895,2026-06-09,Central,Accessories,29.00
ORD-007896,2026-06-09,Central,Hardware,579.65
ORD-007897,2026-06-09,Central,Hardware,389.51
ORD-007898,2026-06-09,Central,Software,65.33
ORD-007899,2026-06-09,Central,Services,218.92
ORD-007900,2026-06-09,Central,Hardware,493.20
ORD-007901,2026-06-09,Central,Services,364.53
ORD-007902,2026-06-09,Central,Accessories,39.31
ORD-007903,2026-06-09,Central,Services,574.26
ORD-007904,2026-06-09,Central,Software,89.38
ORD-007905,2026-06-09,Central,Hardware,409.66
ORD-007906,2026-06-09,Central,Hardware,675.60
ORD-007907,2026-06-09,Central,Software,316.59
ORD-007908,2026-06-09,South,Software,77.53
ORD-007909,2026-06-09,South,Accessories,25.18
ORD-007910,2026-06-09,South,Services,706.47
ORD-007911,2026-06-09,South,Services,381.86
ORD-007912,2026-06-09,South,Accessories,21.49
ORD-007913,2026-06-09,South,,67.24
ORD-007914,2026-06-09,South,Services,277.65
ORD-007915,2026-06-09,South,Software,31.33
ORD-007916,2026-06-09,South,Accessories,110.53
ORD-007917,2026-06-09,South,Accessories,37.98
ORD-007918,2026-06-09,South,Software,143.68
ORD-007919,2026-06-09,South,Software,62.66
ORD-007920,2026-06-09,South,Hardware,284.24
ORD-007921,2026-06-09,South,Hardware,234.35
ORD-007922,2026-06-09,South,Accessories,82.97
ORD-007923,2026-06-09,South,Software,271.92
ORD-007924,2026-06-09,South,Software,123.35
ORD-007925,2026-06-09,South,Software,204.11
ORD-007926,2026-06-09,South,Hardware,384.51
ORD-007927,2026-06-09,South,Services,609.37
ORD-007928,2026-06-09,South,Software,170.92
ORD-007929,2026-06-09,South,Hardware,224.11
ORD-007930,2026-06-09,South,Hardware,439.10
ORD-007931,2026-06-09,South,Software,242.23
ORD-007932,2026-06-09,South,Software,150.87
ORD-007933,2026-06-09,South,Hardware,207.22
ORD-007934,2026-06-09,South,Accessories,24.12
ORD-007935,2026-06-09,South,Accessories,28.91
ORD-007936,2026-06-09,South,Software,72.83
ORD-007937,2026-06-09,South,Hardware,416.27
ORD-007938,2026-06-10,North,Software,132.98
ORD-007939,2026-06-10,North,Hardware,502.46
ORD-007940,2026-06-10,North,Hardware,474.94
ORD-007941,2026-06-10,North,Accessories,23.45
ORD-007942,2026-06-10,North,Hardware,359.46
ORD-007943,2026-06-10,North,Services,818.52
ORD-007944,2026-06-10,North,Software,134.91
ORD-007945,2026-06-10,North,Accessories,26.74
ORD-007946,2026-06-10,North,Hardware,706.97
ORD-007947,2026-06-10,North,Software,287.65
ORD-007948,2026-06-10,North,Accessories,23.52
ORD-007949,2026-06-10,North,Hardware,136.90
ORD-007950,2026-06-10,North,Hardware,434.87
ORD-007951,2026-06-10,North,Services,929.58
ORD-007952,2026-06-10,North,Accessories,25.16
ORD-007953,2026-06-10,North,Software,79.51
ORD-007954,2026-06-10,North,Hardware,283.07
ORD-007955,2026-06-10,North,Accessories,95.81
ORD-007956,2026-06-10,North,Software,72.15
ORD-007957,2026-06-10,North,Services,399.41
ORD-007958,2026-06-10,North,Accessories,29.87
ORD-007959,2026-06-10,North,Services,792.88
ORD-007960,2026-06-10,North,Hardware,196.10
ORD-007961,2026-06-10,North,Hardware,531.23
ORD-007962,2026-06-10,North,Accessories,40.55
ORD-007963,2026-06-10,North,Accessories,16.53
ORD-007964,2026-06-10,North,Services,275.58
ORD-007965,2026-06-10,North,Services,328.89
ORD-007966,2026-06-10,North,Software,124.74
ORD-007967,2026-06-10,North,Software,153.17
ORD-007968,2026-06-10,North,Services,736.34
ORD-007969,2026-06-10,North,Software,112.81
ORD-007970,2026-06-10,North,Services,660.44
ORD-007971,2026-06-10,North,Software,208.60
ORD-007972,2026-06-10,North,Software,126.14
ORD-007973,2026-06-10,North,Software,269.67
ORD-007974,2026-06-10,North,Services,505.24
ORD-007975,2026-06-10,North,Services,551.77
ORD-007976,2026-06-10,North,Hardware,222.79
ORD-007977,2026-06-10,North,Software,107.43
ORD-007978,2026-06-10,North,Accessories,18.24
ORD-007979,2026-06-10,North,Accessories,18.27
ORD-007980,2026-06-10,North,Accessories,126.08
ORD-007981,2026-06-10,North,Services,187.56
ORD-007982,2026-06-10,North,Hardware,361.15
ORD-007983,2026-06-10,North,Hardware,476.40
ORD-007984,2026-06-10,North,Software,90.84
ORD-007985,2026-06-10,North,Software,139.65
ORD-007986,2026-06-10,North,Hardware,166.88
ORD-007987,2026-06-10,North,Hardware,239.50
ORD-007988,2026-06-10,Central,Software,93.88
ORD-007989,2026-06-10,Central,Hardware,208.71
ORD-007990,2026-06-10,Central,Hardware,156.89
ORD-007991,2026-06-10,Central,Hardware,248.02
ORD-007992,2026-06-10,Central,Hardware,335.44
ORD-007993,2026-06-10,Central,Software,310.74
ORD-007994,2026-06-10,Central,Software,69.86
ORD-007995,2026-06-10,Central,Accessories,22.66
ORD-007996,2026-06-10,Central,Software,318.82
ORD-007997,2026-06-10,Central,Software,140.28
ORD-007998,2026-06-10,Central,Accessories,13.94
ORD-007999,2026-06-10,Central,Services,1073.77
ORD-008000,2026-06-10,Central,Software,154.21
ORD-008001,2026-06-10,Central,Software,158.45
ORD-008002,2026-06-10,Central,Hardware,279.62
ORD-008003,2026-06-10,Central,Services,723.86
ORD-008004,2026-06-10,Central,Software,171.57
ORD-008005,2026-06-10,Central,Accessories,29.39
ORD-008006,2026-06-10,Central,Software,206.86
ORD-008007,2026-06-10,Central,Services,389.06
ORD-008008,2026-06-10,Central,,333.22
ORD-008009,2026-06-10,Central,Accessories,48.44
ORD-008010,2026-06-10,Central,Software,96.64
ORD-008011,2026-06-10,Central,Accessories,27.46
ORD-008012,2026-06-10,Central,Accessories,32.89
ORD-008013,2026-06-10,Central,Services,833.81
ORD-008014,2026-06-10,Central,Accessories,40.81
ORD-008015,2026-06-10,Central,Accessories,29.06
ORD-008016,2026-06-10,Central,Accessories,33.12
ORD-008017,2026-06-10,Central,Accessories,28.37
ORD-008018,2026-06-10,Central,Software,44.39
ORD-008019,2026-06-10,Central,Services,424.59
ORD-008020,2026-06-10,Central,Services,596.88
ORD-008021,2026-06-10,Central,Software,67.39
ORD-008022,2026-06-10,Central,Hardware,146.98
ORD-008023,2026-06-10,Central,Software,214.66
ORD-008024,2026-06-10,Central,Services,383.64
ORD-008025,2026-06-10,Central,Services,524.48
ORD-008026,2026-06-10,Central,Software,123.94
ORD-008027,2026-06-10,Central,Accessories,23.32
ORD-008028,2026-06-10,Central,Hardware,274.26
ORD-008029,2026-06-10,Central,Services,1408.57
ORD-008030,2026-06-10,Central,Hardware,200.60
ORD-008031,2026-06-10,Central,Services,229.76
ORD-008032,2026-06-10,Central,Accessories,26.65
ORD-008033,2026-06-10,Central,Hardware,367.68
ORD-008034,2026-06-10,Central,Software,150.79
ORD-008035,2026-06-10,Central,Hardware,147.61
ORD-008036,2026-06-10,Central,Hardware,577.04
ORD-008037,2026-06-10,Central,Services,384.17
ORD-008038,2026-06-10,Central,Hardware,193.26
ORD-008039,2026-06-10,Central,Hardware,466.81
ORD-008040,2026-06-10,Central,Accessories,29.53
ORD-008041,2026-06-10,Central,Software,87.41
ORD-008042,2026-06-10,South,Software,143.94
ORD-008043,2026-06-10,South,Software,152.41
ORD-008044,2026-06-10,South,Software,172.71
ORD-008045,2026-06-10,South,Hardware,407.47
ORD-008046,2026-06-10,South,Services,404.09
ORD-008047,2026-06-10,South,Software,306.29
ORD-008048,2026-06-10,South,Services,601.03
ORD-008049,2026-06-10,South,Software,191.69
ORD-008050,2026-06-10,South,Hardware,394.63
ORD-008051,2026-06-10,South,Accessories,15.72
ORD-008052,2026-06-10,South,Hardware,690.63
ORD-008053,2026-06-10,South,Hardware,822.71
ORD-008054,2026-06-10,South,Services,869.55
ORD-008055,2026-06-10,South,Accessories,28.21
ORD-008056,2026-06-10,South,Services,332.01
ORD-008057,2026-06-10,South,Hardware,577.92
ORD-008058,2026-06-10,South,Software,234.36
ORD-008059,2026-06-10,South,Software,177.37
ORD-008060,2026-06-10,South,Hardware,171.70
ORD-008061,2026-06-10,South,Software,31.28
ORD-008062,2026-06-10,South,Services,1084.88
ORD-008063,2026-06-10,South,Accessories,79.46
ORD-008064,2026-06-10,South,Software,307.54
ORD-008065,2026-06-10,South,Software,153.17
ORD-008066,2026-06-10,South,Software,466.07
ORD-008067,2026-06-10,South,Hardware,310.78
ORD-008068,2026-06-10,South,Services,284.47
ORD-008069,2026-06-10,South,Accessories,36.52
ORD-008070,2026-06-10,South,Software,34.80
ORD-008071,2026-06-11,North,Hardware,257.81
ORD-008072,2026-06-11,North,Accessories,71.05
ORD-008073,2026-06-11,North,Software,100.85
ORD-008074,2026-06-11,North,Services,390.32
ORD-008075,2026-06-11,North,Software,163.65
ORD-008076,2026-06-11,North,Hardware,1403.83
ORD-008077,2026-06-11,North,Accessories,11.74
ORD-008078,2026-06-11,North,Software,367.41
ORD-008079,2026-06-11,North,Accessories,12.40
ORD-008080,2026-06-11,North,Services,721.75
ORD-008081,2026-06-11,North,Services,552.66
ORD-008082,2026-06-11,North,Software,171.76
ORD-008083,2026-06-11,North,Software,152.32
ORD-008084,2026-06-11,North,Software,90.68
ORD-008085,2026-06-11,North,Hardware,245.41
ORD-008086,2026-06-11,North,Accessories,31.30
ORD-008087,2026-06-11,North,Hardware,104.86
ORD-008088,2026-06-11,North,Hardware,586.21
ORD-008089,2026-06-11,North,Software,394.54
ORD-008090,2026-06-11,North,Accessories,77.95
ORD-008091,2026-06-11,North,Hardware,437.05
ORD-008092,2026-06-11,North,Hardware,351.34
ORD-008093,2026-06-11,North,Hardware,101.87
ORD-008094,2026-06-11,North,Accessories,27.10
ORD-008095,2026-06-11,North,Hardware,250.97
ORD-008096,2026-06-11,North,Services,425.28
ORD-008097,2026-06-11,North,Accessories,64.39
ORD-008098,2026-06-11,North,Software,83.03
ORD-008099,2026-06-11,North,Accessories,23.73
ORD-008100,2026-06-11,North,,89.77
ORD-008101,2026-06-11,North,Software,169.94
ORD-008102,2026-06-11,North,Software,207.15
ORD-008103,2026-06-11,North,Software,159.68
ORD-008104,2026-06-11,North,Hardware,182.62
ORD-008105,2026-06-11,North,Services,804.57
ORD-008106,2026-06-11,North,Hardware,118.49
ORD-008107,2026-06-11,North,Hardware,209.60
ORD-008108,2026-06-11,North,Accessories,20.44
ORD-008109,2026-06-11,North,Hardware,95.06
ORD-008110,2026-06-11,North,Software,44.85
ORD-008111,2026-06-11,North,Software,126.15
ORD-008112,2026-06-11,North,Accessories,40.33
ORD-008113,2026-06-11,North,Hardware,477.66
ORD-008114,2026-06-11,North,Services,156.80
ORD-008115,2026-06-11,North,Hardware,283.94
ORD-008116,2026-06-11,North,Services,661.63
ORD-008117,2026-06-11,North,Software,289.09
ORD-008118,2026-06-11,North,Hardware,603.09
ORD-008119,2026-06-11,North,Software,65.41
ORD-008120,2026-06-11,North,Hardware,184.15
ORD-008121,2026-06-11,Central,Hardware,427.45
ORD-008122,2026-06-11,Central,Software,247.04
ORD-008123,2026-06-11,Central,Software,342.23
ORD-008124,2026-06-11,Central,Software,164.82
ORD-008125,2026-06-11,Central,Services,761.38
ORD-008126,2026-06-11,Central,,1258.10
ORD-008127,2026-06-11,Central,Software,98.77
ORD-008128,2026-06-11,Central,Software,316.06
ORD-008129,2026-06-11,Central,Hardware,484.85
ORD-008130,2026-06-11,Central,Accessories,12.42
ORD-008131,2026-06-11,Central,Accessories,28.90
ORD-008132,2026-06-11,Central,Hardware,545.86
ORD-008133,2026-06-11,Central,Accessories,13.57
ORD-008134,2026-06-11,Central,Software,49.39
ORD-008135,2026-06-11,Central,Accessories,24.54
ORD-008136,2026-06-11,Central,Accessories,37.87
ORD-008137,2026-06-11,Central,Services,404.20
ORD-008138,2026-06-11,Central,Hardware,540.86
ORD-008139,2026-06-11,Central,Hardware,176.58
ORD-008140,2026-06-11,Central,Services,229.69
ORD-008141,2026-06-11,Central,Services,547.44
ORD-008142,2026-06-11,Central,Software,246.33
ORD-008143,2026-06-11,Central,Hardware,451.18
ORD-008144,2026-06-11,Central,Hardware,273.20
ORD-008145,2026-06-11,Central,Software,107.27
ORD-008146,2026-06-11,Central,Software,345.81
ORD-008147,2026-06-11,Central,Software,183.50
ORD-008148,2026-06-11,Central,Software,341.86
ORD-008149,2026-06-11,Central,Accessories,29.32
ORD-008150,2026-06-11,Central,Software,64.58
ORD-008151,2026-06-11,Central,Accessories,50.22
ORD-008152,2026-06-11,Central,Services,286.42
ORD-008153,2026-06-11,Central,Accessories,39.17
ORD-008154,2026-06-11,Central,Services,298.44
ORD-008155,2026-06-11,Central,Accessories,31.65
ORD-008156,2026-06-11,Central,Services,622.45
ORD-008157,2026-06-11,Central,Accessories,32.39
ORD-008158,2026-06-11,Central,Accessories,33.07
ORD-008159,2026-06-11,Central,Software,62.09
ORD-008160,2026-06-11,Central,Accessories,63.70
ORD-008161,2026-06-11,Central,Hardware,457.04
ORD-008162,2026-06-11,Central,Services,543.55
ORD-008163,2026-06-11,South,Services,550.22
ORD-008164,2026-06-11,South,Hardware,142.28
ORD-008165,2026-06-11,South,Software,54.92
ORD-008166,2026-06-11,South,Hardware,328.73
ORD-008167,2026-06-11,South,Hardware,199.23
ORD-008168,2026-06-11,South,Services,917.99
ORD-008169,2026-06-11,South,Hardware,242.23
ORD-008170,2026-06-11,South,Accessories,24.39
ORD-008171,2026-06-11,South,Software,365.33
ORD-008172,2026-06-11,South,Services,726.46
ORD-008173,2026-06-11,South,Software,253.30
ORD-008174,2026-06-11,South,Software,257.80
ORD-008175,2026-06-11,South,Software,133.67
ORD-008176,2026-06-11,South,Accessories,52.84
ORD-008177,2026-06-11,South,Accessories,29.94
ORD-008178,2026-06-11,South,Accessories,38.73
ORD-008179,2026-06-11,South,Services,420.27
ORD-008180,2026-06-11,South,Software,217.93
ORD-008181,2026-06-11,South,Software,149.97
ORD-008182,2026-06-11,South,Services,558.42
ORD-008183,2026-06-11,South,Hardware,210.51
ORD-008184,2026-06-11,South,Software,102.58
ORD-008185,2026-06-11,South,Hardware,311.90
ORD-008186,2026-06-11,South,Hardware,251.38
ORD-008187,2026-06-11,South,Software,147.12
ORD-008188,2026-06-11,South,Software,100.52
ORD-008189,2026-06-11,South,Accessories,44.55
ORD-008190,2026-06-11,South,Accessories,20.62
ORD-008191,2026-06-11,South,Software,106.79
ORD-008192,2026-06-11,South,Accessories,38.39
ORD-008193,2026-06-11,South,Hardware,245.34
ORD-008194,2026-06-11,South,Accessories,218.80
ORD-008195,2026-06-11,South,Software,42.04
ORD-008196,2026-06-11,South,Services,304.03
ORD-008197,2026-06-12,North,Software,341.69
ORD-008198,2026-06-12,North,Hardware,338.21
ORD-008199,2026-06-12,North,Software,113.60
ORD-008200,2026-06-12,North,Software,215.72
ORD-008201,2026-06-12,North,Accessories,38.85
ORD-008202,2026-06-12,North,Accessories,43.64
ORD-008203,2026-06-12,North,Software,74.17
ORD-008204,2026-06-12,North,Hardware,256.70
ORD-008205,2026-06-12,North,Services,268.13
ORD-008206,2026-06-12,North,Software,267.83
ORD-008207,2026-06-12,North,Hardware,115.76
ORD-008208,2026-06-12,North,Software,188.52
ORD-008209,2026-06-12,North,Accessories,37.15
ORD-008210,2026-06-12,North,Software,87.66
ORD-008211,2026-06-12,North,Hardware,363.73
ORD-008212,2026-06-12,North,Accessories,44.94
ORD-008213,2026-06-12,North,Accessories,28.24
ORD-008214,2026-06-12,North,Software,240.19
ORD-008215,2026-06-12,North,Hardware,779.54
ORD-008216,2026-06-12,North,,499.63
ORD-008217,2026-06-12,North,Software,227.47
ORD-008218,2026-06-12,North,Accessories,53.38
ORD-008219,2026-06-12,North,Accessories,27.39
ORD-008220,2026-06-12,North,Accessories,21.45
ORD-008221,2026-06-12,North,Software,211.52
ORD-008222,2026-06-12,North,Hardware,592.37
ORD-008223,2026-06-12,North,Services,297.03
ORD-008224,2026-06-12,North,Software,120.74
ORD-008225,2026-06-12,North,Accessories,12.82
ORD-008226,2026-06-12,North,Software,119.65
ORD-008227,2026-06-12,North,Hardware,785.71
ORD-008228,2026-06-12,North,Accessories,53.99
ORD-008229,2026-06-12,North,Hardware,280.69
ORD-008230,2026-06-12,North,Services,325.82
ORD-008231,2026-06-12,North,Accessories,53.56
ORD-008232,2026-06-12,North,Software,265.01
ORD-008233,2026-06-12,North,Software,285.76
ORD-008234,2026-06-12,North,Hardware,291.98
ORD-008235,2026-06-12,North,Software,153.45
ORD-008236,2026-06-12,North,Software,336.76
ORD-008237,2026-06-12,North,Accessories,31.45
ORD-008238,2026-06-12,North,Hardware,340.21
ORD-008239,2026-06-12,North,Hardware,298.11
ORD-008240,2026-06-12,North,Software,154.15
ORD-008241,2026-06-12,North,Accessories,26.75
ORD-008242,2026-06-12,North,Accessories,57.41
ORD-008243,2026-06-12,North,Software,131.77
ORD-008244,2026-06-12,North,Software,77.83
ORD-008245,2026-06-12,North,Software,218.72
ORD-008246,2026-06-12,North,Hardware,217.26
ORD-008247,2026-06-12,North,Hardware,253.46
ORD-008248,2026-06-12,North,Hardware,1408.78
ORD-008249,2026-06-12,North,Accessories,17.27
ORD-008250,2026-06-12,North,Software,45.54
ORD-008251,2026-06-12,North,Services,384.97
ORD-008252,2026-06-12,North,Accessories,38.78
ORD-008253,2026-06-12,Central,Services,952.69
ORD-008254,2026-06-12,Central,Services,218.44
ORD-008255,2026-06-12,Central,Hardware,376.36
ORD-008256,2026-06-12,Central,Hardware,312.42
ORD-008257,2026-06-12,Central,Hardware,544.80
ORD-008258,2026-06-12,Central,Hardware,455.73
ORD-008259,2026-06-12,Central,Services,1393.92
ORD-008260,2026-06-12,Central,Services,265.69
ORD-008261,2026-06-12,Central,Accessories,32.09
ORD-008262,2026-06-12,Central,Accessories,50.37
ORD-008263,2026-06-12,Central,Hardware,280.00
ORD-008264,2026-06-12,Central,Accessories,37.17
ORD-008265,2026-06-12,Central,Hardware,409.16
ORD-008266,2026-06-12,Central,Services,423.67
ORD-008267,2026-06-12,Central,Hardware,163.11
ORD-008268,2026-06-12,Central,Services,773.48
ORD-008269,2026-06-12,Central,Services,564.75
ORD-008270,2026-06-12,Central,Software,39.86
ORD-008271,2026-06-12,Central,Accessories,42.42
ORD-008272,2026-06-12,Central,Accessories,148.74
ORD-008273,2026-06-12,Central,Accessories,42.64
ORD-008274,2026-06-12,Central,Software,239.05
ORD-008275,2026-06-12,Central,Accessories,58.48
ORD-008276,2026-06-12,Central,Accessories,34.44
ORD-008277,2026-06-12,Central,Software,53.55
ORD-008278,2026-06-12,Central,Hardware,203.66
ORD-008279,2026-06-12,Central,Software,442.77
ORD-008280,2026-06-12,Central,Hardware,290.56
ORD-008281,2026-06-12,Central,Software,43.52
ORD-008282,2026-06-12,Central,Accessories,37.63
ORD-008283,2026-06-12,Central,Hardware,174.66
ORD-008284,2026-06-12,Central,Software,85.84
ORD-008285,2026-06-12,Central,Accessories,25.26
ORD-008286,2026-06-12,Central,Software,82.43
ORD-008287,2026-06-12,Central,Accessories,24.68
ORD-008288,2026-06-12,Central,Accessories,115.99
ORD-008289,2026-06-12,Central,Accessories,81.55
ORD-008290,2026-06-12,South,Accessories,49.62
ORD-008291,2026-06-12,South,Accessories,27.64
ORD-008292,2026-06-12,South,Accessories,40.57
ORD-008293,2026-06-12,South,Hardware,227.84
ORD-008294,2026-06-12,South,Services,1470.99
ORD-008295,2026-06-12,South,Accessories,20.20
ORD-008296,2026-06-12,South,Accessories,67.96
ORD-008297,2026-06-12,South,Hardware,502.22
ORD-008298,2026-06-12,South,Hardware,289.35
ORD-008299,2026-06-12,South,Software,57.70
ORD-008300,2026-06-12,South,Software,127.35
ORD-008301,2026-06-12,South,Services,351.11
ORD-008302,2026-06-12,South,Accessories,44.86
ORD-008303,2026-06-12,South,Services,243.01
ORD-008304,2026-06-12,South,Hardware,208.96
ORD-008305,2026-06-12,South,Accessories,58.48
ORD-008306,2026-06-12,South,Software,171.31
ORD-008307,2026-06-12,South,Accessories,31.13
ORD-008308,2026-06-12,South,Hardware,380.09
ORD-008309,2026-06-12,South,Accessories,58.01
ORD-008310,2026-06-12,South,Services,331.09
ORD-008311,2026-06-12,South,Accessories,35.89
ORD-008312,2026-06-12,South,Software,61.94
ORD-008313,2026-06-12,South,Services,213.71
ORD-008314,2026-06-12,South,Hardware,473.45
ORD-008315,2026-06-12,South,Software,168.90
ORD-008316,2026-06-12,South,Software,57.28
ORD-008317,2026-06-12,South,Software,94.32
ORD-008318,2026-06-12,South,Software,74.31
ORD-008319,2026-06-13,North,Software,142.45
ORD-008320,2026-06-13,North,Accessories,34.64
ORD-008321,2026-06-13,North,Services,933.34
ORD-008322,2026-06-13,North,Services,337.43
ORD-008323,2026-06-13,North,Hardware,123.73
ORD-008324,2026-06-13,North,Hardware,528.44
ORD-008325,2026-06-13,North,Software,712.53
ORD-008326,2026-06-13,North,Hardware,330.19
ORD-008327,2026-06-13,North,Hardware,454.14
ORD-008328,2026-06-13,North,Accessories,60.35
ORD-008329,2026-06-13,North,Accessories,61.88
ORD-008330,2026-06-13,North,Software,75.22
ORD-008331,2026-06-13,North,Software,114.70
ORD-008332,2026-06-13,North,Software,107.25
ORD-008333,2026-06-13,North,Accessories,23.26
ORD-008334,2026-06-13,North,Software,297.41
ORD-008335,2026-06-13,North,Services,929.16
ORD-008336,2026-06-13,North,Services,691.98
ORD-008337,2026-06-13,North,Services,239.03
ORD-008338,2026-06-13,North,Services,489.03
ORD-008339,2026-06-13,North,Software,105.02
ORD-008340,2026-06-13,North,Accessories,98.88
ORD-008341,2026-06-13,North,Accessories,17.05
ORD-008342,2026-06-13,North,Software,78.74
ORD-008343,2026-06-13,North,Hardware,173.41
ORD-008344,2026-06-13,North,Hardware,476.31
ORD-008345,2026-06-13,North,Software,151.56
ORD-008346,2026-06-13,North,Software,168.47
ORD-008347,2026-06-13,North,Accessories,22.77
ORD-008348,2026-06-13,North,Services,336.32
ORD-008349,2026-06-13,North,Software,78.94
ORD-008350,2026-06-13,North,Services,769.86
ORD-008351,2026-06-13,North,Hardware,225.92
ORD-008352,2026-06-13,North,Accessories,95.95
ORD-008353,2026-06-13,North,Services,973.21
ORD-008354,2026-06-13,North,Accessories,66.64
ORD-008355,2026-06-13,North,Accessories,14.51
ORD-008356,2026-06-13,North,Software,123.06
ORD-008357,2026-06-13,North,Accessories,18.66
ORD-008358,2026-06-13,North,Hardware,462.59
ORD-008359,2026-06-13,North,Hardware,220.38
ORD-008360,2026-06-13,Central,Services,389.27
ORD-008361,2026-06-13,Central,Services,479.54
ORD-008362,2026-06-13,Central,Hardware,281.36
ORD-008363,2026-06-13,Central,Hardware,199.63
ORD-008364,2026-06-13,Central,Accessories,48.88
ORD-008365,2026-06-13,Central,Software,91.09
ORD-008366,2026-06-13,Central,Hardware,158.46
ORD-008367,2026-06-13,Central,Services,170.22
ORD-008368,2026-06-13,Central,Hardware,257.86
ORD-008369,2026-06-13,Central,Hardware,593.42
ORD-008370,2026-06-13,Central,Accessories,36.76
ORD-008371,2026-06-13,Central,Hardware,184.04
ORD-008372,2026-06-13,Central,Hardware,341.40
ORD-008373,2026-06-13,Central,Accessories,12.66
ORD-008374,2026-06-13,Central,Services,727.39
ORD-008375,2026-06-13,Central,Services,405.53
ORD-008376,2026-06-13,Central,Services,1278.97
ORD-008377,2026-06-13,Central,Software,208.47
ORD-008378,2026-06-13,Central,Services,152.71
ORD-008379,2026-06-13,Central,Accessories,30.25
ORD-008380,2026-06-13,Central,,182.93
ORD-008381,2026-06-13,Central,Hardware,773.25
ORD-008382,2026-06-13,Central,Accessories,152.64
ORD-008383,2026-06-13,Central,Hardware,238.19
ORD-008384,2026-06-13,Central,Accessories,32.80
ORD-008385,2026-06-13,Central,Hardware,683.23
ORD-008386,2026-06-13,Central,,42.71
ORD-008387,2026-06-13,Central,Software,81.57
ORD-008388,2026-06-13,Central,Accessories,9.66
ORD-008389,2026-06-13,South,Hardware,317.88
ORD-008390,2026-06-13,South,Software,139.77
ORD-008391,2026-06-13,South,Software,99.79
ORD-008392,2026-06-13,South,Accessories,55.60
ORD-008393,2026-06-13,South,Software,106.91
ORD-008394,2026-06-13,South,Hardware,517.37
ORD-008395,2026-06-13,South,Hardware,584.41
ORD-008396,2026-06-13,South,Services,270.31
ORD-008397,2026-06-13,South,Hardware,1159.05
ORD-008398,2026-06-13,South,Hardware,586.95
ORD-008399,2026-06-13,South,Services,200.64
ORD-008400,2026-06-13,South,Hardware,312.39
ORD-008401,2026-06-13,South,Accessories,37.34
ORD-008402,2026-06-13,South,Software,109.78
ORD-008403,2026-06-13,South,Software,102.14
ORD-008404,2026-06-13,South,Hardware,230.48
ORD-008405,2026-06-13,South,Software,183.46
ORD-008406,2026-06-13,South,Software,446.89
ORD-008407,2026-06-13,South,Hardware,890.76
ORD-008408,2026-06-13,South,Software,161.29
ORD-008409,2026-06-13,South,Services,613.73
ORD-008410,2026-06-13,South,Software,63.85
ORD-008411,2026-06-13,South,Accessories,42.99
ORD-008412,2026-06-13,South,Services,437.88
ORD-008413,2026-06-13,South,Software,197.78
ORD-008414,2026-06-14,North,Accessories,40.17
ORD-008415,2026-06-14,North,Hardware,182.45
ORD-008416,2026-06-14,North,Software,170.88
ORD-008417,2026-06-14,North,Hardware,424.14
ORD-008418,2026-06-14,North,Accessories,20.62
ORD-008419,2026-06-14,North,Accessories,44.86
ORD-008420,2026-06-14,North,Software,236.99
ORD-008421,2026-06-14,North,Accessories,71.37
ORD-008422,2026-06-14,North,Accessories,69.06
ORD-008423,2026-06-14,North,Software,252.30
ORD-008424,2026-06-14,North,Accessories,40.84
ORD-008425,2026-06-14,North,Accessories,55.16
ORD-008426,2026-06-14,North,Services,543.76
ORD-008427,2026-06-14,North,Hardware,290.46
ORD-008428,2026-06-14,North,Hardware,494.31
ORD-008429,2026-06-14,North,Hardware,189.79
ORD-008430,2026-06-14,North,Software,608.34
ORD-008431,2026-06-14,North,Services,572.32
ORD-008432,2026-06-14,North,Software,59.74
ORD-008433,2026-06-14,North,Accessories,44.85
ORD-008434,2026-06-14,North,Hardware,265.81
ORD-008435,2026-06-14,North,Accessories,30.48
ORD-008436,2026-06-14,North,Software,37.96
ORD-008437,2026-06-14,North,Software,154.11
ORD-008438,2026-06-14,North,Hardware,142.32
ORD-008439,2026-06-14,North,Software,322.80
ORD-008440,2026-06-14,North,,206.61
ORD-008441,2026-06-14,Central,Software,99.39
ORD-008442,2026-06-14,Central,Hardware,344.89
ORD-008443,2026-06-14,Central,Software,237.21
ORD-008444,2026-06-14,Central,Software,89.71
ORD-008445,2026-06-14,Central,Services,277.38
ORD-008446,2026-06-14,Central,Software,95.89
ORD-008447,2026-06-14,Central,Hardware,208.56
ORD-008448,2026-06-14,Central,Services,361.86
ORD-008449,2026-06-14,Central,Hardware,95.71
ORD-008450,2026-06-14,Central,Software,141.05
ORD-008451,2026-06-14,Central,Software,118.14
ORD-008452,2026-06-14,Central,Hardware,284.28
ORD-008453,2026-06-14,Central,Hardware,470.12
ORD-008454,2026-06-14,Central,Accessories,51.87
ORD-008455,2026-06-14,Central,Software,171.44
ORD-008456,2026-06-14,Central,Hardware,372.28
ORD-008457,2026-06-14,Central,Software,228.16
ORD-008458,2026-06-14,Central,Accessories,120.44
ORD-008459,2026-06-14,Central,Accessories,50.83
ORD-008460,2026-06-14,Central,Hardware,275.54
ORD-008461,2026-06-14,Central,Software,218.72
ORD-008462,2026-06-14,Central,Hardware,310.99
ORD-008463,2026-06-14,Central,Services,441.34
ORD-008464,2026-06-14,Central,Hardware,359.68
ORD-008465,2026-06-14,Central,Services,415.76
ORD-008466,2026-06-14,Central,Software,206.95
ORD-008467,2026-06-14,Central,Accessories,52.58
ORD-008468,2026-06-14,Central,Accessories,66.94
ORD-008469,2026-06-14,Central,Software,678.77
ORD-008470,2026-06-14,South,Accessories,15.07
ORD-008471,2026-06-14,South,Hardware,844.89
ORD-008472,2026-06-14,South,Accessories,33.64
ORD-008473,2026-06-14,South,Accessories,47.39
ORD-008474,2026-06-14,South,Services,509.15
ORD-008475,2026-06-14,South,Software,111.38
ORD-008476,2026-06-14,South,Software,154.99
ORD-008477,2026-06-14,South,Hardware,144.65
ORD-008478,2026-06-14,South,Services,750.86
ORD-008479,2026-06-14,South,Services,222.80
ORD-008480,2026-06-14,South,Hardware,576.87
ORD-008481,2026-06-14,South,Accessories,58.82
ORD-008482,2026-06-14,South,Services,682.58
ORD-008483,2026-06-14,South,Hardware,1779.93
ORD-008484,2026-06-14,South,Accessories,38.87
ORD-008485,2026-06-14,South,Hardware,485.46
ORD-008486,2026-06-14,South,Accessories,58.25
ORD-008487,2026-06-14,South,Services,516.96
ORD-008488,2026-06-14,South,Hardware,473.03
ORD-008489,2026-06-14,South,Hardware,225.35
ORD-008490,2026-06-14,South,Accessories,47.77
ORD-008491,2026-06-14,South,Software,168.58
ORD-008492,2026-06-14,South,Hardware,343.30
ORD-008493,2026-06-14,South,Software,51.83
ORD-008494,2026-06-14,South,Software,134.86
ORD-008495,2026-06-14,South,Accessories,43.14
ORD-008496,2026-06-14,South,Services,728.87
ORD-008497,2026-06-14,South,Services,1800.69
ORD-008498,2026-06-14,South,Software,140.05
ORD-008499,2026-06-14,South,Hardware,622.45
ORD-008500,2026-06-15,North,Accessories,72.11
ORD-008501,2026-06-15,North,Accessories,34.16
ORD-008502,2026-06-15,North,Software,166.69
ORD-008503,2026-06-15,North,Services,376.61
ORD-008504,2026-06-15,North,Hardware,322.05
ORD-008505,2026-06-15,North,Accessories,32.23
ORD-008506,2026-06-15,North,Hardware,206.24
ORD-008507,2026-06-15,North,Accessories,57.83
ORD-008508,2026-06-15,North,Services,527.52
ORD-008509,2026-06-15,North,Software,340.26
ORD-008510,2026-06-15,North,Services,913.57
ORD-008511,2026-06-15,North,Hardware,210.99
ORD-008512,2026-06-15,North,Software,122.95
ORD-008513,2026-06-15,North,Services,914.39
ORD-008514,2026-06-15,North,Software,175.75
ORD-008515,2026-06-15,North,Hardware,424.44
ORD-008516,2026-06-15,North,Software,69.20
ORD-008517,2026-06-15,North,Hardware,403.75
ORD-008518,2026-06-15,North,Accessories,45.84
ORD-008519,2026-06-15,North,Hardware,571.22
ORD-008520,2026-06-15,North,Accessories,46.45
ORD-008521,2026-06-15,North,Accessories,63.68
ORD-008522,2026-06-15,North,Services,1422.50
ORD-008523,2026-06-15,North,Services,1597.04
ORD-008524,2026-06-15,North,Software,334.57
ORD-008525,2026-06-15,North,Software,245.04
ORD-008526,2026-06-15,North,Services,484.43
ORD-008527,2026-06-15,North,Services,386.11
ORD-008528,2026-06-15,North,Software,105.13
ORD-008529,2026-06-15,North,Services,1259.20
ORD-008530,2026-06-15,North,Software,276.26
ORD-008531,2026-06-15,North,Services,510.12
ORD-008532,2026-06-15,North,Accessories,39.76
ORD-008533,2026-06-15,North,,254.81
ORD-008534,2026-06-15,North,Software,61.49
ORD-008535,2026-06-15,North,Accessories,40.30
ORD-008536,2026-06-15,North,Software,142.31
ORD-008537,2026-06-15,North,Services,211.93
ORD-008538,2026-06-15,North,Services,727.72
ORD-008539,2026-06-15,North,Accessories,35.08
ORD-008540,2026-06-15,North,Software,102.30
ORD-008541,2026-06-15,North,Services,560.18
ORD-008542,2026-06-15,North,Accessories,52.95
ORD-008543,2026-06-15,North,Accessories,59.24
ORD-008544,2026-06-15,North,Services,304.29
ORD-008545,2026-06-15,North,Accessories,15.61
ORD-008546,2026-06-15,North,Hardware,827.57
ORD-008547,2026-06-15,North,Hardware,1104.73
ORD-008548,2026-06-15,Central,Services,464.99
ORD-008549,2026-06-15,Central,Software,103.68
ORD-008550,2026-06-15,Central,Hardware,402.62
ORD-008551,2026-06-15,Central,Software,191.64
ORD-008552,2026-06-15,Central,Software,184.91
ORD-008553,2026-06-15,Central,Software,116.48
ORD-008554,2026-06-15,Central,Accessories,13.59
ORD-008555,2026-06-15,Central,Software,174.28
ORD-008556,2026-06-15,Central,Services,826.66
ORD-008557,2026-06-15,Central,Accessories,64.31
ORD-008558,2026-06-15,Central,Accessories,23.39
ORD-008559,2026-06-15,Central,Services,193.99
ORD-008560,2026-06-15,Central,Services,295.67
ORD-008561,2026-06-15,Central,Accessories,29.00
ORD-008562,2026-06-15,Central,Software,176.23
ORD-008563,2026-06-15,Central,Hardware,315.83
ORD-008564,2026-06-15,Central,Services,852.68
ORD-008565,2026-06-15,Central,Hardware,1249.36
ORD-008566,2026-06-15,Central,Hardware,1084.88
ORD-008567,2026-06-15,Central,Hardware,807.30
ORD-008568,2026-06-15,Central,Software,84.96
ORD-008569,2026-06-15,Central,Hardware,345.11
ORD-008570,2026-06-15,Central,Accessories,38.67
ORD-008571,2026-06-15,Central,Hardware,198.02
ORD-008572,2026-06-15,Central,Services,357.68
ORD-008573,2026-06-15,Central,Software,276.21
ORD-008574,2026-06-15,Central,Hardware,459.40
ORD-008575,2026-06-15,Central,Services,590.75
ORD-008576,2026-06-15,Central,Accessories,94.71
ORD-008577,2026-06-15,Central,Software,133.07
ORD-008578,2026-06-15,Central,Software,76.59
ORD-008579,2026-06-15,Central,Hardware,398.15
ORD-008580,2026-06-15,Central,Hardware,200.83
ORD-008581,2026-06-15,Central,Software,218.08
ORD-008582,2026-06-15,Central,Software,150.43
ORD-008583,2026-06-15,Central,Services,1239.82
ORD-008584,2026-06-15,South,Services,555.73
ORD-008585,2026-06-15,South,Software,244.15
ORD-008586,2026-06-15,South,Hardware,289.02
ORD-008587,2026-06-15,South,Software,39.09
ORD-008588,2026-06-15,South,Hardware,200.44
ORD-008589,2026-06-15,South,Hardware,412.70
ORD-008590,2026-06-15,South,Accessories,21.86
ORD-008591,2026-06-15,South,Software,95.40
ORD-008592,2026-06-15,South,Services,906.00
ORD-008593,2026-06-15,South,Hardware,197.21
ORD-008594,2026-06-15,South,Accessories,35.26
ORD-008595,2026-06-15,South,Accessories,36.79
ORD-008596,2026-06-15,South,Services,1065.50
ORD-008597,2026-06-15,South,Hardware,477.77
ORD-008598,2026-06-15,South,Services,1297.71
ORD-008599,2026-06-15,South,Hardware,194.59
ORD-008600,2026-06-15,South,Software,57.93
ORD-008601,2026-06-15,South,Software,271.20
ORD-008602,2026-06-15,South,Accessories,87.85
ORD-008603,2026-06-15,South,,603.71
ORD-008604,2026-06-15,South,Services,576.06
ORD-008605,2026-06-15,South,Hardware,233.18
ORD-008606,2026-06-15,South,Services,1063.92
ORD-008607,2026-06-15,South,Accessories,40.15
ORD-008608,2026-06-15,South,Hardware,164.41
ORD-008609,2026-06-15,South,Software,111.53
ORD-008610,2026-06-15,South,Services,466.91
ORD-008611,2026-06-15,South,Accessories,49.52
ORD-008612,2026-06-15,South,Accessories,54.71
ORD-008613,2026-06-15,South,Accessories,48.63
ORD-008614,2026-06-16,North,Accessories,13.84
ORD-008615,2026-06-16,North,Services,678.37
ORD-008616,2026-06-16,North,Hardware,443.42
ORD-008617,2026-06-16,North,Accessories,32.40
ORD-008618,2026-06-16,North,Hardware,453.40
ORD-008619,2026-06-16,North,Services,671.46
ORD-008620,2026-06-16,North,Services,804.00
ORD-008621,2026-06-16,North,Hardware,460.29
ORD-008622,2026-06-16,North,Services,571.14
ORD-008623,2026-06-16,North,Accessories,10.93
ORD-008624,2026-06-16,North,Accessories,50.27
ORD-008625,2026-06-16,North,Hardware,558.17
ORD-008626,2026-06-16,North,Software,131.74
ORD-008627,2026-06-16,North,Accessories,43.04
ORD-008628,2026-06-16,North,Accessories,39.28
ORD-008629,2026-06-16,North,Software,208.84
ORD-008630,2026-06-16,North,Software,446.04
ORD-008631,2026-06-16,North,Hardware,290.83
ORD-008632,2026-06-16,North,Software,76.78
ORD-008633,2026-06-16,North,Accessories,86.41
ORD-008634,2026-06-16,North,Services,1109.49
ORD-008635,2026-06-16,North,Accessories,47.37
ORD-008636,2026-06-16,North,Accessories,41.27
ORD-008637,2026-06-16,North,Software,176.45
ORD-008638,2026-06-16,North,Hardware,685.48
ORD-008639,2026-06-16,North,,27.42
ORD-008640,2026-06-16,North,Software,280.81
ORD-008641,2026-06-16,North,Accessories,35.62
ORD-008642,2026-06-16,North,Accessories,44.35
ORD-008643,2026-06-16,North,Hardware,318.89
ORD-008644,2026-06-16,North,Accessories,25.95
ORD-008645,2026-06-16,North,Software,61.89
ORD-008646,2026-06-16,North,Accessories,67.80
ORD-008647,2026-06-16,North,Hardware,667.03
ORD-008648,2026-06-16,North,Software,196.64
ORD-008649,2026-06-16,North,Accessories,21.39
ORD-008650,2026-06-16,North,Services,271.42
ORD-008651,2026-06-16,North,Services,440.54
ORD-008652,2026-06-16,North,Hardware,83.39
ORD-008653,2026-06-16,North,Accessories,22.06
ORD-008654,2026-06-16,North,Software,41.23
ORD-008655,2026-06-16,North,Services,830.71
ORD-008656,2026-06-16,North,Hardware,248.91
ORD-008657,2026-06-16,North,Hardware,412.03
ORD-008658,2026-06-16,North,Hardware,613.34
ORD-008659,2026-06-16,North,Hardware,200.69
ORD-008660,2026-06-16,North,Accessories,51.16
ORD-008661,2026-06-16,North,Hardware,121.67
ORD-008662,2026-06-16,Central,Software,67.56
ORD-008663,2026-06-16,Central,Services,358.20
ORD-008664,2026-06-16,Central,Software,160.87
ORD-008665,2026-06-16,Central,Software,133.44
ORD-008666,2026-06-16,Central,Software,83.44
ORD-008667,2026-06-16,Central,Accessories,63.77
ORD-008668,2026-06-16,Central,Software,85.95
ORD-008669,2026-06-16,Central,Accessories,56.82
ORD-008670,2026-06-16,Central,Hardware,395.44
ORD-008671,2026-06-16,Central,Software,141.52
ORD-008672,2026-06-16,Central,Software,118.72
ORD-008673,2026-06-16,Central,Services,381.31
ORD-008674,2026-06-16,Central,Services,603.38
ORD-008675,2026-06-16,Central,Software,137.00
ORD-008676,2026-06-16,Central,Services,304.74
ORD-008677,2026-06-16,Central,Software,89.35
ORD-008678,2026-06-16,Central,Services,711.79
ORD-008679,2026-06-16,Central,Accessories,69.01
ORD-008680,2026-06-16,Central,Software,78.41
ORD-008681,2026-06-16,Central,Services,259.20
ORD-008682,2026-06-16,Central,Accessories,50.56
ORD-008683,2026-06-16,Central,Software,202.73
ORD-008684,2026-06-16,Central,Hardware,371.85
ORD-008685,2026-06-16,Central,Software,174.79
ORD-008686,2026-06-16,Central,Software,78.31
ORD-008687,2026-06-16,Central,Accessories,26.86
ORD-008688,2026-06-16,Central,Accessories,36.59
ORD-008689,2026-06-16,Central,Services,420.87
ORD-008690,2026-06-16,Central,Hardware,327.58
ORD-008691,2026-06-16,Central,Accessories,58.37
ORD-008692,2026-06-16,Central,Accessories,36.02
ORD-008693,2026-06-16,Central,Hardware,261.62
ORD-008694,2026-06-16,Central,Hardware,97.21
ORD-008695,2026-06-16,Central,Hardware,111.47
ORD-008696,2026-06-16,Central,Services,494.44
ORD-008697,2026-06-16,Central,Software,91.11
ORD-008698,2026-06-16,Central,Hardware,505.91
ORD-008699,2026-06-16,Central,Accessories,144.38
ORD-008700,2026-06-16,Central,Services,535.23
ORD-008701,2026-06-16,Central,Software,108.86
ORD-008702,2026-06-16,Central,Software,196.58
ORD-008703,2026-06-16,Central,Accessories,45.22
ORD-008704,2026-06-16,Central,Hardware,450.68
ORD-008705,2026-06-16,South,Accessories,29.40
ORD-008706,2026-06-16,South,Accessories,49.50
ORD-008707,2026-06-16,South,Services,514.02
ORD-008708,2026-06-16,South,Accessories,38.32
ORD-008709,2026-06-16,South,Services,729.76
ORD-008710,2026-06-16,South,Accessories,41.27
ORD-008711,2026-06-16,South,Software,231.01
ORD-008712,2026-06-16,South,Hardware,240.73
ORD-008713,2026-06-16,South,Accessories,21.84
ORD-008714,2026-06-16,South,Accessories,46.55
ORD-008715,2026-06-16,South,Hardware,395.11
ORD-008716,2026-06-16,South,Accessories,42.16
ORD-008717,2026-06-16,South,Services,372.95
ORD-008718,2026-06-16,South,Hardware,301.24
ORD-008719,2026-06-16,South,Software,91.83
ORD-008720,2026-06-16,South,Software,129.64
ORD-008721,2026-06-16,South,Accessories,27.63
ORD-008722,2026-06-16,South,Services,574.07
ORD-008723,2026-06-16,South,Accessories,48.77
ORD-008724,2026-06-16,South,Accessories,5.14
ORD-008725,2026-06-16,South,Software,60.63
ORD-008726,2026-06-16,South,Hardware,477.75
ORD-008727,2026-06-16,South,Hardware,202.56
ORD-008728,2026-06-16,South,Hardware,441.01
ORD-008729,2026-06-16,South,Software,232.02
ORD-008730,2026-06-16,South,Accessories,60.70
ORD-008731,2026-06-16,South,,608.07
ORD-008732,2026-06-16,South,Accessories,27.79
ORD-008733,2026-06-17,North,Software,190.65
ORD-008734,2026-06-17,North,Hardware,195.65
ORD-008735,2026-06-17,North,Hardware,601.85
ORD-008736,2026-06-17,North,Services,398.23
ORD-008737,2026-06-17,North,Services,382.02
ORD-008738,2026-06-17,North,Accessories,12.21
ORD-008739,2026-06-17,North,Hardware,98.31
ORD-008740,2026-06-17,North,Accessories,101.49
ORD-008741,2026-06-17,North,Services,971.27
ORD-008742,2026-06-17,North,Hardware,382.83
ORD-008743,2026-06-17,North,Services,577.33
ORD-008744,2026-06-17,North,Software,92.30
ORD-008745,2026-06-17,North,Hardware,385.11
ORD-008746,2026-06-17,North,Hardware,349.95
ORD-008747,2026-06-17,North,Software,62.86
ORD-008748,2026-06-17,North,Services,1399.16
ORD-008749,2026-06-17,North,Accessories,14.08
ORD-008750,2026-06-17,North,Software,251.97
ORD-008751,2026-06-17,North,Hardware,360.78
ORD-008752,2026-06-17,North,Software,140.40
ORD-008753,2026-06-17,North,Hardware,688.05
ORD-008754,2026-06-17,North,Accessories,23.86
ORD-008755,2026-06-17,North,Hardware,306.24
ORD-008756,2026-06-17,North,Software,99.58
ORD-008757,2026-06-17,North,Accessories,30.77
ORD-008758,2026-06-17,North,Software,291.83
ORD-008759,2026-06-17,North,Services,695.89
ORD-008760,2026-06-17,North,Software,171.65
ORD-008761,2026-06-17,North,Services,650.54
ORD-008762,2026-06-17,North,Services,860.21
ORD-008763,2026-06-17,North,Software,76.98
ORD-008764,2026-06-17,North,Software,236.63
ORD-008765,2026-06-17,North,Services,508.37
ORD-008766,2026-06-17,North,Software,48.98
ORD-008767,2026-06-17,North,Hardware,150.78
ORD-008768,2026-06-17,North,Accessories,36.18
ORD-008769,2026-06-17,North,Accessories,95.75
ORD-008770,2026-06-17,North,Software,103.39
ORD-008771,2026-06-17,North,Services,779.27
ORD-008772,2026-06-17,North,Software,102.22
ORD-008773,2026-06-17,North,Services,704.74
ORD-008774,2026-06-17,North,Accessories,36.49
ORD-008775,2026-06-17,North,Accessories,17.29
ORD-008776,2026-06-17,North,Software,316.56
ORD-008777,2026-06-17,North,Hardware,167.58
ORD-008778,2026-06-17,Central,Hardware,365.34
ORD-008779,2026-06-17,Central,Services,136.00
ORD-008780,2026-06-17,Central,Accessories,20.03
ORD-008781,2026-06-17,Central,Software,123.11
ORD-008782,2026-06-17,Central,Accessories,20.82
ORD-008783,2026-06-17,Central,Services,241.79
ORD-008784,2026-06-17,Central,Accessories,110.24
ORD-008785,2026-06-17,Central,Accessories,47.39
ORD-008786,2026-06-17,Central,Services,446.45
ORD-008787,2026-06-17,Central,Hardware,458.79
ORD-008788,2026-06-17,Central,Accessories,9.47
ORD-008789,2026-06-17,Central,Software,459.64
ORD-008790,2026-06-17,Central,Accessories,22.05
ORD-008791,2026-06-17,Central,Services,482.59
ORD-008792,2026-06-17,Central,Services,389.76
ORD-008793,2026-06-17,Central,Services,653.48
ORD-008794,2026-06-17,Central,Software,109.69
ORD-008795,2026-06-17,Central,Accessories,30.01
ORD-008796,2026-06-17,Central,Software,486.92
ORD-008797,2026-06-17,Central,Accessories,32.15
ORD-008798,2026-06-17,Central,Accessories,34.30
ORD-008799,2026-06-17,Central,Services,841.80
ORD-008800,2026-06-17,Central,Accessories,17.31
ORD-008801,2026-06-17,Central,Accessories,72.60
ORD-008802,2026-06-17,Central,Hardware,557.15
ORD-008803,2026-06-17,Central,Hardware,327.25
ORD-008804,2026-06-17,Central,Services,893.59
ORD-008805,2026-06-17,Central,Accessories,53.00
ORD-008806,2026-06-17,Central,,11.10
ORD-008807,2026-06-17,Central,Hardware,272.40
ORD-008808,2026-06-17,Central,Software,117.80
ORD-008809,2026-06-17,Central,Software,137.56
ORD-008810,2026-06-17,Central,Hardware,175.34
ORD-008811,2026-06-17,Central,Software,221.26
ORD-008812,2026-06-17,Central,Hardware,203.67
ORD-008813,2026-06-17,Central,Services,396.24
ORD-008814,2026-06-17,Central,Services,681.62
ORD-008815,2026-06-17,Central,Services,557.64
ORD-008816,2026-06-17,Central,Services,1940.16
ORD-008817,2026-06-17,Central,Hardware,558.08
ORD-008818,2026-06-17,Central,Services,363.11
ORD-008819,2026-06-17,Central,Services,300.75
ORD-008820,2026-06-17,Central,Accessories,20.09
ORD-008821,2026-06-17,Central,Services,405.04
ORD-008822,2026-06-17,Central,Accessories,74.21
ORD-008823,2026-06-17,Central,Hardware,475.24
ORD-008824,2026-06-17,Central,Hardware,266.87
ORD-008825,2026-06-17,Central,Hardware,130.90
ORD-008826,2026-06-17,South,Services,414.73
ORD-008827,2026-06-17,South,Hardware,192.49
ORD-008828,2026-06-17,South,,50.72
ORD-008829,2026-06-17,South,Software,61.02
ORD-008830,2026-06-17,South,Hardware,306.48
ORD-008831,2026-06-17,South,Hardware,190.99
ORD-008832,2026-06-17,South,Services,260.56
ORD-008833,2026-06-17,South,Accessories,69.19
ORD-008834,2026-06-17,South,Software,134.64
ORD-008835,2026-06-17,South,Hardware,361.13
ORD-008836,2026-06-17,South,Hardware,600.08
ORD-008837,2026-06-17,South,Hardware,277.19
ORD-008838,2026-06-17,South,Hardware,350.00
ORD-008839,2026-06-17,South,Software,43.87
ORD-008840,2026-06-17,South,Hardware,213.13
ORD-008841,2026-06-17,South,Software,78.32
ORD-008842,2026-06-17,South,Hardware,373.42
ORD-008843,2026-06-17,South,Hardware,134.66
ORD-008844,2026-06-17,South,Accessories,32.72
ORD-008845,2026-06-17,South,Services,887.21
ORD-008846,2026-06-17,South,Software,362.59
ORD-008847,2026-06-17,South,Software,115.96
ORD-008848,2026-06-17,South,Services,807.14
ORD-008849,2026-06-17,South,Software,321.68
ORD-008850,2026-06-17,South,Hardware,235.81
ORD-008851,2026-06-17,South,Software,115.64
ORD-008852,2026-06-18,North,Accessories,21.31
ORD-008853,2026-06-18,North,Software,123.18
ORD-008854,2026-06-18,North,,86.04
ORD-008855,2026-06-18,North,Accessories,25.46
ORD-008856,2026-06-18,North,Hardware,462.14
ORD-008857,2026-06-18,North,Software,59.86
ORD-008858,2026-06-18,North,Software,158.74
ORD-008859,2026-06-18,North,Software,106.53
ORD-008860,2026-06-18,North,Software,152.97
ORD-008861,2026-06-18,North,Services,371.14
ORD-008862,2026-06-18,North,Hardware,226.99
ORD-008863,2026-06-18,North,Services,758.87
ORD-008864,2026-06-18,North,Software,119.22
ORD-008865,2026-06-18,North,Services,726.53
ORD-008866,2026-06-18,North,Services,908.37
ORD-008867,2026-06-18,North,Software,138.06
ORD-008868,2026-06-18,North,Accessories,39.52
ORD-008869,2026-06-18,North,Accessories,53.95
ORD-008870,2026-06-18,North,Software,71.25
ORD-008871,2026-06-18,North,Software,179.26
ORD-008872,2026-06-18,North,Software,180.15
ORD-008873,2026-06-18,North,Hardware,647.38
ORD-008874,2026-06-18,North,Accessories,41.54
ORD-008875,2026-06-18,North,Services,188.16
ORD-008876,2026-06-18,North,Services,234.41
ORD-008877,2026-06-18,North,Hardware,385.67
ORD-008878,2026-06-18,North,Hardware,109.84
ORD-008879,2026-06-18,North,Accessories,14.90
ORD-008880,2026-06-18,North,Accessories,24.03
ORD-008881,2026-06-18,North,Hardware,181.00
ORD-008882,2026-06-18,North,Hardware,417.12
ORD-008883,2026-06-18,North,Software,103.98
ORD-008884,2026-06-18,North,Accessories,91.78
ORD-008885,2026-06-18,North,Accessories,25.83
ORD-008886,2026-06-18,North,Services,1139.10
ORD-008887,2026-06-18,North,Services,673.22
ORD-008888,2026-06-18,North,Hardware,360.81
ORD-008889,2026-06-18,North,Software,73.27
ORD-008890,2026-06-18,North,Software,338.40
ORD-008891,2026-06-18,North,Hardware,341.65
ORD-008892,2026-06-18,North,Software,116.06
ORD-008893,2026-06-18,North,Software,65.87
ORD-008894,2026-06-18,North,Accessories,53.64
ORD-008895,2026-06-18,North,Software,176.71
ORD-008896,2026-06-18,North,Accessories,44.36
ORD-008897,2026-06-18,North,Services,244.50
ORD-008898,2026-06-18,North,Software,305.21
ORD-008899,2026-06-18,North,Hardware,139.88
ORD-008900,2026-06-18,North,Software,93.77
ORD-008901,2026-06-18,Central,Software,183.85
ORD-008902,2026-06-18,Central,Software,102.38
ORD-008903,2026-06-18,Central,Hardware,263.49
ORD-008904,2026-06-18,Central,Hardware,103.75
ORD-008905,2026-06-18,Central,Software,382.08
ORD-008906,2026-06-18,Central,Hardware,610.03
ORD-008907,2026-06-18,Central,Hardware,285.69
ORD-008908,2026-06-18,Central,Services,720.29
ORD-008909,2026-06-18,Central,Accessories,46.32
ORD-008910,2026-06-18,Central,Hardware,389.82
ORD-008911,2026-06-18,Central,Hardware,555.79
ORD-008912,2026-06-18,Central,Software,247.76
ORD-008913,2026-06-18,Central,Accessories,53.52
ORD-008914,2026-06-18,Central,Hardware,295.58
ORD-008915,2026-06-18,Central,Services,376.08
ORD-008916,2026-06-18,Central,Software,212.87
ORD-008917,2026-06-18,Central,Hardware,254.32
ORD-008918,2026-06-18,Central,Accessories,19.04
ORD-008919,2026-06-18,Central,Hardware,397.37
ORD-008920,2026-06-18,Central,Software,93.95
ORD-008921,2026-06-18,Central,Hardware,254.73
ORD-008922,2026-06-18,Central,Software,114.40
ORD-008923,2026-06-18,Central,Software,100.81
ORD-008924,2026-06-18,Central,Accessories,51.97
ORD-008925,2026-06-18,Central,Software,66.78
ORD-008926,2026-06-18,Central,Hardware,455.00
ORD-008927,2026-06-18,Central,Accessories,46.95
ORD-008928,2026-06-18,Central,Software,176.18
ORD-008929,2026-06-18,Central,Software,364.54
ORD-008930,2026-06-18,Central,Services,297.92
ORD-008931,2026-06-18,Central,Services,616.66
ORD-008932,2026-06-18,Central,Services,1352.03
ORD-008933,2026-06-18,Central,Hardware,183.97
ORD-008934,2026-06-18,Central,Services,436.06
ORD-008935,2026-06-18,Central,Hardware,227.43
ORD-008936,2026-06-18,Central,Services,840.49
ORD-008937,2026-06-18,Central,Software,239.48
ORD-008938,2026-06-18,Central,Services,861.75
ORD-008939,2026-06-18,Central,Software,97.68
ORD-008940,2026-06-18,Central,Accessories,30.71
ORD-008941,2026-06-18,Central,Accessories,15.06
ORD-008942,2026-06-18,Central,Services,580.07
ORD-008943,2026-06-18,Central,Software,176.43
ORD-008944,2026-06-18,Central,,265.01
ORD-008945,2026-06-18,Central,Hardware,420.51
ORD-008946,2026-06-18,Central,Hardware,958.56
ORD-008947,2026-06-18,Central,Services,547.87
ORD-008948,2026-06-18,Central,Software,167.57
ORD-008949,2026-06-18,South,Accessories,61.21
ORD-008950,2026-06-18,South,Accessories,31.81
ORD-008951,2026-06-18,South,Services,168.64
ORD-008952,2026-06-18,South,Services,491.78
ORD-008953,2026-06-18,South,Accessories,56.37
ORD-008954,2026-06-18,South,Hardware,145.38
ORD-008955,2026-06-18,South,Services,934.89
ORD-008956,2026-06-18,South,Hardware,399.81
ORD-008957,2026-06-18,South,Software,145.35
ORD-008958,2026-06-18,South,Hardware,440.83
ORD-008959,2026-06-18,South,Software,139.78
ORD-008960,2026-06-18,South,Hardware,421.96
ORD-008961,2026-06-18,South,Services,856.26
ORD-008962,2026-06-18,South,Software,111.49
ORD-008963,2026-06-18,South,Software,142.93
ORD-008964,2026-06-18,South,Hardware,491.25
ORD-008965,2026-06-18,South,Services,979.49
ORD-008966,2026-06-18,South,Services,579.56
ORD-008967,2026-06-18,South,Services,187.32
ORD-008968,2026-06-18,South,Accessories,38.61
ORD-008969,2026-06-18,South,Hardware,403.82
ORD-008970,2026-06-18,South,Software,114.55
ORD-008971,2026-06-18,South,Hardware,146.38
ORD-008972,2026-06-18,South,Accessories,38.84
ORD-008973,2026-06-18,South,Accessories,53.52
ORD-008974,2026-06-18,South,Accessories,34.81
ORD-008975,2026-06-18,South,Accessories,21.83
ORD-008976,2026-06-18,South,Accessories,49.97
ORD-008977,2026-06-18,South,Hardware,222.63
ORD-008978,2026-06-18,South,Hardware,394.14
ORD-008979,2026-06-18,South,Hardware,551.11
ORD-008980,2026-06-18,South,Services,1004.73
ORD-008981,2026-06-18,South,Services,402.51
ORD-008982,2026-06-18,South,Software,255.66
ORD-008983,2026-06-19,North,Hardware,128.77
ORD-008984,2026-06-19,North,Software,371.35
ORD-008985,2026-06-19,North,Accessories,60.96
ORD-008986,2026-06-19,North,Accessories,44.75
ORD-008987,2026-06-19,North,Hardware,169.13
ORD-008988,2026-06-19,North,Accessories,36.32
ORD-008989,2026-06-19,North,Software,210.34
ORD-008990,2026-06-19,North,Hardware,655.68
ORD-008991,2026-06-19,North,Software,93.75
ORD-008992,2026-06-19,North,Services,648.55
ORD-008993,2026-06-19,North,Accessories,24.54
ORD-008994,2026-06-19,North,Services,388.93
ORD-008995,2026-06-19,North,Services,1471.54
ORD-008996,2026-06-19,North,Services,219.51
ORD-008997,2026-06-19,North,Accessories,52.61
ORD-008998,2026-06-19,North,Accessories,67.33
ORD-008999,2026-06-19,North,Accessories,55.92
ORD-009000,2026-06-19,North,Software,147.99
ORD-009001,2026-06-19,North,Software,203.29
ORD-009002,2026-06-19,North,Services,250.70
ORD-009003,2026-06-19,North,Services,350.56
ORD-009004,2026-06-19,North,Hardware,693.92
ORD-009005,2026-06-19,North,Accessories,61.41
ORD-009006,2026-06-19,North,Services,511.94
ORD-009007,2026-06-19,North,Hardware,249.18
ORD-009008,2026-06-19,North,Accessories,137.69
ORD-009009,2026-06-19,North,Hardware,708.28
ORD-009010,2026-06-19,North,Software,67.74
ORD-009011,2026-06-19,North,Software,78.98
ORD-009012,2026-06-19,North,Services,479.66
ORD-009013,2026-06-19,North,Software,116.36
ORD-009014,2026-06-19,North,Hardware,297.32
ORD-009015,2026-06-19,North,Software,82.86
ORD-009016,2026-06-19,North,Accessories,21.55
ORD-009017,2026-06-19,North,Software,233.45
ORD-009018,2026-06-19,North,Services,662.02
ORD-009019,2026-06-19,North,Hardware,472.07
ORD-009020,2026-06-19,North,Accessories,31.61
ORD-009021,2026-06-19,North,Software,108.24
ORD-009022,2026-06-19,North,Hardware,176.27
ORD-009023,2026-06-19,North,Accessories,29.72
ORD-009024,2026-06-19,North,Software,78.83
ORD-009025,2026-06-19,North,Hardware,328.66
ORD-009026,2026-06-19,North,Hardware,64.46
ORD-009027,2026-06-19,North,Hardware,656.57
ORD-009028,2026-06-19,North,Software,100.25
ORD-009029,2026-06-19,North,Hardware,84.15
ORD-009030,2026-06-19,Central,Software,88.71
ORD-009031,2026-06-19,Central,Services,751.00
ORD-009032,2026-06-19,Central,Services,386.25
ORD-009033,2026-06-19,Central,Accessories,43.05
ORD-009034,2026-06-19,Central,Accessories,28.11
ORD-009035,2026-06-19,Central,Hardware,595.00
ORD-009036,2026-06-19,Central,Hardware,1656.38
ORD-009037,2026-06-19,Central,Software,498.54
ORD-009038,2026-06-19,Central,Services,449.79
ORD-009039,2026-06-19,Central,Software,52.64
ORD-009040,2026-06-19,Central,Software,251.06
ORD-009041,2026-06-19,Central,Hardware,1052.80
ORD-009042,2026-06-19,Central,Hardware,314.37
ORD-009043,2026-06-19,Central,Accessories,41.06
ORD-009044,2026-06-19,Central,Hardware,646.01
ORD-009045,2026-06-19,Central,Accessories,32.72
ORD-009046,2026-06-19,Central,Services,378.96
ORD-009047,2026-06-19,Central,Software,342.30
ORD-009048,2026-06-19,Central,Services,1171.02
ORD-009049,2026-06-19,Central,Accessories,77.54
ORD-009050,2026-06-19,Central,Accessories,25.81
ORD-009051,2026-06-19,Central,Software,118.74
ORD-009052,2026-06-19,Central,Accessories,14.16
ORD-009053,2026-06-19,Central,Accessories,97.20
ORD-009054,2026-06-19,Central,Services,171.34
ORD-009055,2026-06-19,Central,Software,125.15
ORD-009056,2026-06-19,Central,Accessories,36.74
ORD-009057,2026-06-19,Central,Software,122.32
ORD-009058,2026-06-19,Central,Software,108.79
ORD-009059,2026-06-19,Central,Hardware,218.67
ORD-009060,2026-06-19,Central,Accessories,63.55
ORD-009061,2026-06-19,Central,Software,125.48
ORD-009062,2026-06-19,Central,Software,207.17
ORD-009063,2026-06-19,Central,Services,238.36
ORD-009064,2026-06-19,Central,Software,125.84
ORD-009065,2026-06-19,Central,Software,192.01
ORD-009066,2026-06-19,Central,Hardware,382.74
ORD-009067,2026-06-19,Central,Accessories,10.41
ORD-009068,2026-06-19,Central,Accessories,37.61
ORD-009069,2026-06-19,Central,Software,130.85
ORD-009070,2026-06-19,Central,Accessories,33.53
ORD-009071,2026-06-19,Central,Software,140.81
ORD-009072,2026-06-19,Central,Services,300.13
ORD-009073,2026-06-19,Central,Services,647.50
ORD-009074,2026-06-19,Central,Services,144.83
ORD-009075,2026-06-19,Central,Hardware,200.43
ORD-009076,2026-06-19,Central,Software,168.67
ORD-009077,2026-06-19,Central,Hardware,196.96
ORD-009078,2026-06-19,Central,Hardware,235.13
ORD-009079,2026-06-19,South,Accessories,61.01
ORD-009080,2026-06-19,South,Accessories,100.40
ORD-009081,2026-06-19,South,Software,300.49
ORD-009082,2026-06-19,South,Hardware,234.08
ORD-009083,2026-06-19,South,Hardware,500.67
ORD-009084,2026-06-19,South,Hardware,550.20
ORD-009085,2026-06-19,South,Services,474.55
ORD-009086,2026-06-19,South,Services,168.20
ORD-009087,2026-06-19,South,Software,266.30
ORD-009088,2026-06-19,South,Hardware,673.54
ORD-009089,2026-06-19,South,Services,499.49
ORD-009090,2026-06-19,South,Accessories,8.49
ORD-009091,2026-06-19,South,Accessories,40.31
ORD-009092,2026-06-19,South,Hardware,381.61
ORD-009093,2026-06-19,South,Software,70.20
ORD-009094,2026-06-19,South,Hardware,418.01
ORD-009095,2026-06-19,South,Services,1434.74
ORD-009096,2026-06-19,South,Services,463.48
ORD-009097,2026-06-19,South,Accessories,46.09
ORD-009098,2026-06-19,South,Hardware,350.03
ORD-009099,2026-06-19,South,Accessories,44.59
ORD-009100,2026-06-19,South,Services,1088.52
ORD-009101,2026-06-19,South,Services,730.77
ORD-009102,2026-06-19,South,Hardware,134.74
ORD-009103,2026-06-19,South,Hardware,167.82
ORD-009104,2026-06-19,South,Services,775.70
ORD-009105,2026-06-19,South,Hardware,463.15
ORD-009106,2026-06-19,South,Services,714.92
ORD-009107,2026-06-20,North,Software,112.59
ORD-009108,2026-06-20,North,Services,1242.36
ORD-009109,2026-06-20,North,Services,326.21
ORD-009110,2026-06-20,North,Software,83.43
ORD-009111,2026-06-20,North,Accessories,23.24
ORD-009112,2026-06-20,North,Software,126.12
ORD-009113,2026-06-20,North,Services,507.22
ORD-009114,2026-06-20,North,Software,319.56
ORD-009115,2026-06-20,North,Software,83.94
ORD-009116,2026-06-20,North,Hardware,267.02
ORD-009117,2026-06-20,North,Software,149.23
ORD-009118,2026-06-20,North,Software,60.58
ORD-009119,2026-06-20,North,Accessories,29.96
ORD-009120,2026-06-20,North,Hardware,120.69
ORD-009121,2026-06-20,North,Hardware,804.45
ORD-009122,2026-06-20,North,Accessories,59.57
ORD-009123,2026-06-20,North,Services,496.97
ORD-009124,2026-06-20,North,Software,61.24
ORD-009125,2026-06-20,North,Hardware,405.91
ORD-009126,2026-06-20,North,Software,226.30
ORD-009127,2026-06-20,North,Hardware,232.28
ORD-009128,2026-06-20,North,Hardware,168.71
ORD-009129,2026-06-20,North,Services,445.89
ORD-009130,2026-06-20,North,Hardware,236.76
ORD-009131,2026-06-20,North,Software,197.95
ORD-009132,2026-06-20,North,,353.41
ORD-009133,2026-06-20,North,Accessories,52.75
ORD-009134,2026-06-20,North,Accessories,86.81
ORD-009135,2026-06-20,North,Accessories,107.91
ORD-009136,2026-06-20,North,Hardware,240.50
ORD-009137,2026-06-20,North,Accessories,23.22
ORD-009138,2026-06-20,North,Services,194.54
ORD-009139,2026-06-20,North,Software,144.92
ORD-009140,2026-06-20,North,Accessories,44.42
ORD-009141,2026-06-20,North,Hardware,234.20
ORD-009142,2026-06-20,North,Accessories,34.26
ORD-009143,2026-06-20,North,Services,286.64
ORD-009144,2026-06-20,North,Software,138.30
ORD-009145,2026-06-20,North,Hardware,210.86
ORD-009146,2026-06-20,North,Hardware,473.90
ORD-009147,2026-06-20,North,Services,396.55
ORD-009148,2026-06-20,North,Software,69.31
ORD-009149,2026-06-20,Central,Accessories,46.10
ORD-009150,2026-06-20,Central,Services,521.95
ORD-009151,2026-06-20,Central,Services,1336.79
ORD-009152,2026-06-20,Central,Hardware,684.70
ORD-009153,2026-06-20,Central,Software,119.88
ORD-009154,2026-06-20,Central,Hardware,321.37
ORD-009155,2026-06-20,Central,Accessories,16.33
ORD-009156,2026-06-20,Central,Hardware,662.48
ORD-009157,2026-06-20,Central,Accessories,24.00
ORD-009158,2026-06-20,Central,Hardware,216.76
ORD-009159,2026-06-20,Central,Software,53.65
ORD-009160,2026-06-20,Central,Services,354.77
ORD-009161,2026-06-20,Central,Services,1300.93
ORD-009162,2026-06-20,Central,Hardware,505.99
ORD-009163,2026-06-20,Central,Hardware,412.95
ORD-009164,2026-06-20,Central,Hardware,274.39
ORD-009165,2026-06-20,Central,Services,236.28
ORD-009166,2026-06-20,Central,Services,1080.16
ORD-009167,2026-06-20,Central,Accessories,18.74
ORD-009168,2026-06-20,Central,Hardware,581.17
ORD-009169,2026-06-20,Central,Services,399.46
ORD-009170,2026-06-20,Central,Software,77.72
ORD-009171,2026-06-20,Central,Services,290.32
ORD-009172,2026-06-20,Central,Software,65.93
ORD-009173,2026-06-20,Central,Services,121.53
ORD-009174,2026-06-20,Central,Services,843.75
ORD-009175,2026-06-20,Central,Software,114.49
ORD-009176,2026-06-20,Central,Software,109.84
ORD-009177,2026-06-20,Central,Software,807.75
ORD-009178,2026-06-20,Central,Services,339.50
ORD-009179,2026-06-20,Central,Hardware,182.11
ORD-009180,2026-06-20,Central,Accessories,59.93
ORD-009181,2026-06-20,Central,Accessories,62.61
ORD-009182,2026-06-20,Central,,279.49
ORD-009183,2026-06-20,Central,Accessories,92.31
ORD-009184,2026-06-20,South,Accessories,42.44
ORD-009185,2026-06-20,South,Hardware,303.90
ORD-009186,2026-06-20,South,Accessories,31.08
ORD-009187,2026-06-20,South,Software,133.10
ORD-009188,2026-06-20,South,Accessories,38.01
ORD-009189,2026-06-20,South,Accessories,28.17
ORD-009190,2026-06-20,South,Hardware,184.11
ORD-009191,2026-06-20,South,Software,260.42
ORD-009192,2026-06-20,South,Hardware,472.60
ORD-009193,2026-06-20,South,Accessories,58.30
ORD-009194,2026-06-20,South,Accessories,21.40
ORD-009195,2026-06-20,South,Services,329.74
ORD-009196,2026-06-20,South,Hardware,543.64
ORD-009197,2026-06-20,South,Accessories,46.79
ORD-009198,2026-06-20,South,Hardware,298.16
ORD-009199,2026-06-20,South,Services,245.65
ORD-009200,2026-06-20,South,Services,397.15
ORD-009201,2026-06-20,South,Accessories,43.51
ORD-009202,2026-06-21,North,Software,145.52
ORD-009203,2026-06-21,North,Services,189.30
ORD-009204,2026-06-21,North,Hardware,304.34
ORD-009205,2026-06-21,North,Services,299.42
ORD-009206,2026-06-21,North,Software,107.10
ORD-009207,2026-06-21,North,Services,524.66
ORD-009208,2026-06-21,North,,143.25
ORD-009209,2026-06-21,North,Accessories,25.14
ORD-009210,2026-06-21,North,Services,564.32
ORD-009211,2026-06-21,North,Accessories,23.69
ORD-009212,2026-06-21,North,Software,191.20
ORD-009213,2026-06-21,North,Hardware,110.54
ORD-009214,2026-06-21,North,Software,160.51
ORD-009215,2026-06-21,North,Accessories,62.75
ORD-009216,2026-06-21,North,Hardware,119.74
ORD-009217,2026-06-21,North,Hardware,477.92
ORD-009218,2026-06-21,North,Hardware,720.05
ORD-009219,2026-06-21,North,Services,267.55
ORD-009220,2026-06-21,North,Hardware,147.07
ORD-009221,2026-06-21,North,Accessories,50.35
ORD-009222,2026-06-21,North,Accessories,65.19
ORD-009223,2026-06-21,North,Hardware,419.66
ORD-009224,2026-06-21,North,Hardware,564.61
ORD-009225,2026-06-21,North,Software,75.99
ORD-009226,2026-06-21,North,,12.10
ORD-009227,2026-06-21,North,Accessories,41.12
ORD-009228,2026-06-21,North,Hardware,697.42
ORD-009229,2026-06-21,North,Software,138.28
ORD-009230,2026-06-21,North,Accessories,18.68
ORD-009231,2026-06-21,North,Hardware,108.66
ORD-009232,2026-06-21,North,Software,235.24
ORD-009233,2026-06-21,Central,Hardware,457.91
ORD-009234,2026-06-21,Central,Software,227.84
ORD-009235,2026-06-21,Central,Accessories,36.16
ORD-009236,2026-06-21,Central,Accessories,22.36
ORD-009237,2026-06-21,Central,Software,270.82
ORD-009238,2026-06-21,Central,Hardware,466.17
ORD-009239,2026-06-21,Central,Software,95.54
ORD-009240,2026-06-21,Central,Services,775.55
ORD-009241,2026-06-21,Central,Hardware,457.89
ORD-009242,2026-06-21,Central,Software,135.29
ORD-009243,2026-06-21,Central,Software,92.14
ORD-009244,2026-06-21,Central,Services,358.32
ORD-009245,2026-06-21,Central,Software,61.89
ORD-009246,2026-06-21,Central,Hardware,380.23
ORD-009247,2026-06-21,Central,Accessories,21.83
ORD-009248,2026-06-21,Central,Services,571.16
ORD-009249,2026-06-21,Central,Software,123.84
ORD-009250,2026-06-21,Central,Software,105.56
ORD-009251,2026-06-21,Central,Services,271.78
ORD-009252,2026-06-21,Central,Accessories,18.84
ORD-009253,2026-06-21,Central,Hardware,184.19
ORD-009254,2026-06-21,South,Services,1313.32
ORD-009255,2026-06-21,South,Accessories,49.70
ORD-009256,2026-06-21,South,Services,723.41
ORD-009257,2026-06-21,South,Hardware,932.81
ORD-009258,2026-06-21,South,Hardware,535.56
ORD-009259,2026-06-21,South,Services,551.88
ORD-009260,2026-06-21,South,Accessories,35.11
ORD-009261,2026-06-21,South,Accessories,18.24
ORD-009262,2026-06-21,South,Hardware,311.82
ORD-009263,2026-06-21,South,Software,136.18
ORD-009264,2026-06-21,South,Accessories,57.26
ORD-009265,2026-06-21,South,Services,1246.87
ORD-009266,2026-06-21,South,Software,70.37
ORD-009267,2026-06-21,South,Hardware,278.15
ORD-009268,2026-06-21,South,Services,405.50
ORD-009269,2026-06-21,South,Services,561.13
ORD-009270,2026-06-22,North,Hardware,480.27
ORD-009271,2026-06-22,North,Services,447.20
ORD-009272,2026-06-22,North,Services,484.43
ORD-009273,2026-06-22,North,Services,1017.01
ORD-009274,2026-06-22,North,Hardware,339.89
ORD-009275,2026-06-22,North,Hardware,627.68
ORD-009276,2026-06-22,North,Hardware,223.69
ORD-009277,2026-06-22,North,Hardware,365.43
ORD-009278,2026-06-22,North,Hardware,307.91
ORD-009279,2026-06-22,North,Hardware,543.41
ORD-009280,2026-06-22,North,Software,159.44
ORD-009281,2026-06-22,North,,123.46
ORD-009282,2026-06-22,North,,313.72
ORD-009283,2026-06-22,North,Software,81.82
ORD-009284,2026-06-22,North,Hardware,139.34
ORD-009285,2026-06-22,North,Services,379.77
ORD-009286,2026-06-22,North,Hardware,405.88
ORD-009287,2026-06-22,North,Services,661.46
ORD-009288,2026-06-22,North,Software,198.51
ORD-009289,2026-06-22,North,Software,79.47
ORD-009290,2026-06-22,North,Hardware,780.43
ORD-009291,2026-06-22,North,Software,98.78
ORD-009292,2026-06-22,North,Services,777.09
ORD-009293,2026-06-22,North,Software,116.52
ORD-009294,2026-06-22,North,Software,155.51
ORD-009295,2026-06-22,North,Services,769.75
ORD-009296,2026-06-22,North,Services,188.30
ORD-009297,2026-06-22,North,Accessories,12.28
ORD-009298,2026-06-22,North,Services,552.78
ORD-009299,2026-06-22,North,Accessories,65.05
ORD-009300,2026-06-22,North,Services,723.54
ORD-009301,2026-06-22,North,Hardware,585.32
ORD-009302,2026-06-22,North,Accessories,13.36
ORD-009303,2026-06-22,North,Accessories,39.28
ORD-009304,2026-06-22,North,Software,69.87
ORD-009305,2026-06-22,North,Accessories,19.07
ORD-009306,2026-06-22,North,Services,373.94
ORD-009307,2026-06-22,North,Hardware,242.04
ORD-009308,2026-06-22,North,Hardware,612.50
ORD-009309,2026-06-22,North,Accessories,45.43
ORD-009310,2026-06-22,North,Hardware,453.13
ORD-009311,2026-06-22,North,Software,103.52
ORD-009312,2026-06-22,North,Services,1246.12
ORD-009313,2026-06-22,North,Hardware,286.68
ORD-009314,2026-06-22,North,Accessories,54.08
ORD-009315,2026-06-22,North,Accessories,38.69
ORD-009316,2026-06-22,North,Accessories,17.30
ORD-009317,2026-06-22,North,Accessories,20.16
ORD-009318,2026-06-22,North,Hardware,119.53
ORD-009319,2026-06-22,Central,Hardware,554.16
ORD-009320,2026-06-22,Central,Accessories,43.19
ORD-009321,2026-06-22,Central,Software,382.08
ORD-009322,2026-06-22,Central,Software,209.87
ORD-009323,2026-06-22,Central,Software,161.83
ORD-009324,2026-06-22,Central,Services,1035.61
ORD-009325,2026-06-22,Central,Accessories,34.21
ORD-009326,2026-06-22,Central,Hardware,285.60
ORD-009327,2026-06-22,Central,Hardware,348.37
ORD-009328,2026-06-22,Central,Software,241.95
ORD-009329,2026-06-22,Central,Accessories,45.07
ORD-009330,2026-06-22,Central,Software,159.63
ORD-009331,2026-06-22,Central,Services,697.64
ORD-009332,2026-06-22,Central,Hardware,170.01
ORD-009333,2026-06-22,Central,Hardware,386.34
ORD-009334,2026-06-22,Central,Services,618.40
ORD-009335,2026-06-22,Central,Hardware,100.62
ORD-009336,2026-06-22,Central,Software,55.28
ORD-009337,2026-06-22,Central,Hardware,389.69
ORD-009338,2026-06-22,Central,Services,372.20
ORD-009339,2026-06-22,Central,Accessories,57.03
ORD-009340,2026-06-22,Central,Services,868.82
ORD-009341,2026-06-22,Central,Accessories,24.91
ORD-009342,2026-06-22,Central,Accessories,69.40
ORD-009343,2026-06-22,Central,Hardware,117.68
ORD-009344,2026-06-22,Central,Hardware,314.83
ORD-009345,2026-06-22,Central,Hardware,496.99
ORD-009346,2026-06-22,Central,Software,196.26
ORD-009347,2026-06-22,Central,Software,333.18
ORD-009348,2026-06-22,Central,Hardware,584.70
ORD-009349,2026-06-22,Central,Hardware,228.20
ORD-009350,2026-06-22,Central,Hardware,493.67
ORD-009351,2026-06-22,Central,Hardware,781.66
ORD-009352,2026-06-22,Central,Services,316.14
ORD-009353,2026-06-22,Central,Software,55.91
ORD-009354,2026-06-22,Central,Accessories,55.49
ORD-009355,2026-06-22,Central,Software,92.42
ORD-009356,2026-06-22,Central,Hardware,312.51
ORD-009357,2026-06-22,Central,Accessories,31.74
ORD-009358,2026-06-22,Central,Software,171.13
ORD-009359,2026-06-22,Central,Hardware,537.15
ORD-009360,2026-06-22,Central,Accessories,25.11
ORD-009361,2026-06-22,Central,Software,145.89
ORD-009362,2026-06-22,Central,Accessories,28.97
ORD-009363,2026-06-22,Central,Accessories,21.57
ORD-009364,2026-06-22,Central,Services,618.00
ORD-009365,2026-06-22,Central,Software,82.11
ORD-009366,2026-06-22,Central,Services,411.71
ORD-009367,2026-06-22,Central,Services,588.19
ORD-009368,2026-06-22,Central,,485.13
ORD-009369,2026-06-22,Central,Accessories,37.51
ORD-009370,2026-06-22,South,Software,213.57
ORD-009371,2026-06-22,South,Services,482.98
ORD-009372,2026-06-22,South,Software,159.03
ORD-009373,2026-06-22,South,Services,1058.13
ORD-009374,2026-06-22,South,Hardware,242.07
ORD-009375,2026-06-22,South,Services,259.03
ORD-009376,2026-06-22,South,Hardware,218.51
ORD-009377,2026-06-22,South,Accessories,47.73
ORD-009378,2026-06-22,South,Accessories,14.10
ORD-009379,2026-06-22,South,Services,394.41
ORD-009380,2026-06-22,South,Hardware,230.36
ORD-009381,2026-06-22,South,Services,335.88
ORD-009382,2026-06-22,South,Accessories,37.90
ORD-009383,2026-06-22,South,Services,931.65
ORD-009384,2026-06-22,South,Services,247.68
ORD-009385,2026-06-22,South,Hardware,254.74
ORD-009386,2026-06-22,South,Software,436.67
ORD-009387,2026-06-22,South,Services,366.66
ORD-009388,2026-06-22,South,Software,233.50
ORD-009389,2026-06-22,South,Hardware,272.48
ORD-009390,2026-06-22,South,Software,388.56
ORD-009391,2026-06-22,South,Hardware,146.52
ORD-009392,2026-06-22,South,Software,247.76
ORD-009393,2026-06-22,South,,133.77
ORD-009394,2026-06-22,South,Services,481.66
ORD-009395,2026-06-22,South,Accessories,49.26
ORD-009396,2026-06-22,South,Hardware,225.67
ORD-009397,2026-06-22,South,Services,1118.63
ORD-009398,2026-06-22,South,Software,146.61
ORD-009399,2026-06-22,South,Software,242.58
ORD-009400,2026-06-23,North,Accessories,31.25
ORD-009401,2026-06-23,North,Accessories,43.82
ORD-009402,2026-06-23,North,Hardware,342.33
ORD-009403,2026-06-23,North,Software,103.85
ORD-009404,2026-06-23,North,Hardware,393.14
ORD-009405,2026-06-23,North,Accessories,17.33
ORD-009406,2026-06-23,North,Software,49.83
ORD-009407,2026-06-23,North,Services,381.85
ORD-009408,2026-06-23,North,Accessories,38.15
ORD-009409,2026-06-23,North,,27.90
ORD-009410,2026-06-23,North,Hardware,1723.21
ORD-009411,2026-06-23,North,Software,233.06
ORD-009412,2026-06-23,North,Hardware,652.55
ORD-009413,2026-06-23,North,Services,294.68
ORD-009414,2026-06-23,North,Services,456.85
ORD-009415,2026-06-23,North,Services,556.73
ORD-009416,2026-06-23,North,Services,502.64
ORD-009417,2026-06-23,North,Accessories,34.99
ORD-009418,2026-06-23,North,Software,255.74
ORD-009419,2026-06-23,North,Hardware,240.12
ORD-009420,2026-06-23,North,Hardware,313.23
ORD-009421,2026-06-23,North,Software,54.26
ORD-009422,2026-06-23,North,Accessories,49.04
ORD-009423,2026-06-23,North,Accessories,25.61
ORD-009424,2026-06-23,North,Accessories,36.36
ORD-009425,2026-06-23,North,Hardware,320.62
ORD-009426,2026-06-23,North,,257.69
ORD-009427,2026-06-23,North,Accessories,31.75
ORD-009428,2026-06-23,North,Software,134.54
ORD-009429,2026-06-23,North,Software,138.15
ORD-009430,2026-06-23,North,Software,261.03
ORD-009431,2026-06-23,North,Services,552.88
ORD-009432,2026-06-23,North,Services,803.81
ORD-009433,2026-06-23,North,Software,180.42
ORD-009434,2026-06-23,North,Accessories,82.66
ORD-009435,2026-06-23,North,Services,829.36
ORD-009436,2026-06-23,North,Software,95.65
ORD-009437,2026-06-23,North,Hardware,172.51
ORD-009438,2026-06-23,North,Software,94.55
ORD-009439,2026-06-23,North,Hardware,540.28
ORD-009440,2026-06-23,North,Hardware,197.48
ORD-009441,2026-06-23,North,Hardware,568.93
ORD-009442,2026-06-23,North,Accessories,64.53
ORD-009443,2026-06-23,North,Accessories,82.30
ORD-009444,2026-06-23,North,Accessories,44.99
ORD-009445,2026-06-23,North,Services,580.27
ORD-009446,2026-06-23,North,Hardware,317.55
ORD-009447,2026-06-23,North,Software,170.95
ORD-009448,2026-06-23,North,Accessories,47.10
ORD-009449,2026-06-23,North,Services,1636.23
ORD-009450,2026-06-23,North,Software,64.28
ORD-009451,2026-06-23,Central,Software,147.14
ORD-009452,2026-06-23,Central,Software,203.90
ORD-009453,2026-06-23,Central,,786.52
ORD-009454,2026-06-23,Central,Hardware,264.02
ORD-009455,2026-06-23,Central,Hardware,764.66
ORD-009456,2026-06-23,Central,Hardware,283.98
ORD-009457,2026-06-23,Central,Hardware,221.47
ORD-009458,2026-06-23,Central,Accessories,39.67
ORD-009459,2026-06-23,Central,,24.31
ORD-009460,2026-06-23,Central,Software,141.15
ORD-009461,2026-06-23,Central,Software,333.43
ORD-009462,2026-06-23,Central,Hardware,486.44
ORD-009463,2026-06-23,Central,Hardware,559.72
ORD-009464,2026-06-23,Central,Hardware,352.27
ORD-009465,2026-06-23,Central,Software,45.69
ORD-009466,2026-06-23,Central,Hardware,206.37
ORD-009467,2026-06-23,Central,Hardware,667.84
ORD-009468,2026-06-23,Central,Hardware,584.82
ORD-009469,2026-06-23,Central,Software,101.48
ORD-009470,2026-06-23,Central,Accessories,52.17
ORD-009471,2026-06-23,Central,Hardware,456.11
ORD-009472,2026-06-23,Central,Accessories,36.69
ORD-009473,2026-06-23,Central,Hardware,298.35
ORD-009474,2026-06-23,Central,Software,241.19
ORD-009475,2026-06-23,Central,Accessories,34.35
ORD-009476,2026-06-23,Central,Software,160.85
ORD-009477,2026-06-23,Central,Accessories,9.40
ORD-009478,2026-06-23,Central,Services,828.54
ORD-009479,2026-06-23,Central,Accessories,30.03
ORD-009480,2026-06-23,Central,Services,274.85
ORD-009481,2026-06-23,Central,Hardware,219.00
ORD-009482,2026-06-23,Central,Software,128.83
ORD-009483,2026-06-23,Central,Software,58.79
ORD-009484,2026-06-23,Central,Accessories,28.54
ORD-009485,2026-06-23,Central,Services,431.56
ORD-009486,2026-06-23,Central,Software,140.59
ORD-009487,2026-06-23,Central,Services,532.26
ORD-009488,2026-06-23,Central,Hardware,226.78
ORD-009489,2026-06-23,Central,Accessories,118.69
ORD-009490,2026-06-23,Central,Services,972.79
ORD-009491,2026-06-23,Central,Hardware,232.06
ORD-009492,2026-06-23,Central,Software,203.62
ORD-009493,2026-06-23,Central,Hardware,567.52
ORD-009494,2026-06-23,South,Hardware,717.50
ORD-009495,2026-06-23,South,Accessories,52.69
ORD-009496,2026-06-23,South,Services,1529.23
ORD-009497,2026-06-23,South,Hardware,225.12
ORD-009498,2026-06-23,South,Accessories,16.85
ORD-009499,2026-06-23,South,Hardware,190.03
ORD-009500,2026-06-23,South,Accessories,38.39
ORD-009501,2026-06-23,South,Accessories,34.15
ORD-009502,2026-06-23,South,Software,507.87
ORD-009503,2026-06-23,South,Hardware,116.80
ORD-009504,2026-06-23,South,Software,132.61
ORD-009505,2026-06-23,South,Hardware,711.95
ORD-009506,2026-06-23,South,Services,659.18
ORD-009507,2026-06-23,South,Software,72.51
ORD-009508,2026-06-23,South,Services,547.82
ORD-009509,2026-06-23,South,Software,84.22
ORD-009510,2026-06-23,South,Hardware,254.41
ORD-009511,2026-06-23,South,Accessories,27.47
ORD-009512,2026-06-23,South,Services,593.95
ORD-009513,2026-06-23,South,Accessories,14.37
ORD-009514,2026-06-23,South,Accessories,87.81
ORD-009515,2026-06-23,South,Hardware,398.52
ORD-009516,2026-06-23,South,Accessories,49.51
ORD-009517,2026-06-23,South,Services,556.52
ORD-009518,2026-06-23,South,Accessories,16.03
ORD-009519,2026-06-23,South,Services,660.72
ORD-009520,2026-06-23,South,Hardware,383.26
ORD-009521,2026-06-23,South,Accessories,17.01
ORD-009522,2026-06-23,South,,352.98
ORD-009523,2026-06-24,North,Hardware,655.83
ORD-009524,2026-06-24,North,Accessories,43.12
ORD-009525,2026-06-24,North,Software,99.74
ORD-009526,2026-06-24,North,Services,472.80
ORD-009527,2026-06-24,North,Services,1089.73
ORD-009528,2026-06-24,North,Services,553.30
ORD-009529,2026-06-24,North,Software,254.61
ORD-009530,2026-06-24,North,Hardware,279.00
ORD-009531,2026-06-24,North,Services,844.45
ORD-009532,2026-06-24,North,Hardware,276.66
ORD-009533,2026-06-24,North,Services,725.24
ORD-009534,2026-06-24,North,Hardware,159.79
ORD-009535,2026-06-24,North,Services,298.65
ORD-009536,2026-06-24,North,Software,173.92
ORD-009537,2026-06-24,North,Software,112.43
ORD-009538,2026-06-24,North,Hardware,731.00
ORD-009539,2026-06-24,North,Hardware,223.58
ORD-009540,2026-06-24,North,Accessories,73.89
ORD-009541,2026-06-24,North,Software,126.42
ORD-009542,2026-06-24,North,Services,162.81
ORD-009543,2026-06-24,North,Software,169.48
ORD-009544,2026-06-24,North,Software,147.85
ORD-009545,2026-06-24,North,Services,948.26
ORD-009546,2026-06-24,North,Software,230.58
ORD-009547,2026-06-24,North,Services,804.42
ORD-009548,2026-06-24,North,Accessories,20.94
ORD-009549,2026-06-24,North,,654.38
ORD-009550,2026-06-24,North,Software,251.69
ORD-009551,2026-06-24,North,Accessories,150.70
ORD-009552,2026-06-24,North,Hardware,153.51
ORD-009553,2026-06-24,North,Accessories,27.07
ORD-009554,2026-06-24,North,Hardware,158.40
ORD-009555,2026-06-24,North,Software,126.51
ORD-009556,2026-06-24,North,Accessories,36.78
ORD-009557,2026-06-24,North,Services,183.20
ORD-009558,2026-06-24,North,Hardware,139.11
ORD-009559,2026-06-24,North,Hardware,270.58
ORD-009560,2026-06-24,North,Software,161.84
ORD-009561,2026-06-24,North,Accessories,39.11
ORD-009562,2026-06-24,North,Accessories,47.41
ORD-009563,2026-06-24,North,Hardware,291.78
ORD-009564,2026-06-24,North,Accessories,24.58
ORD-009565,2026-06-24,North,Hardware,279.39
ORD-009566,2026-06-24,North,Software,303.28
ORD-009567,2026-06-24,Central,Services,510.69
ORD-009568,2026-06-24,Central,Software,588.34
ORD-009569,2026-06-24,Central,Hardware,371.18
ORD-009570,2026-06-24,Central,Software,185.53
ORD-009571,2026-06-24,Central,Services,138.35
ORD-009572,2026-06-24,Central,Hardware,406.98
ORD-009573,2026-06-24,Central,Software,290.80
ORD-009574,2026-06-24,Central,Services,786.15
ORD-009575,2026-06-24,Central,Services,638.90
ORD-009576,2026-06-24,Central,Accessories,18.06
ORD-009577,2026-06-24,Central,Software,313.66
ORD-009578,2026-06-24,Central,Software,153.05
ORD-009579,2026-06-24,Central,Services,539.37
ORD-009580,2026-06-24,Central,Services,956.07
ORD-009581,2026-06-24,Central,Hardware,206.69
ORD-009582,2026-06-24,Central,Hardware,307.69
ORD-009583,2026-06-24,Central,Accessories,54.09
ORD-009584,2026-06-24,Central,Services,1246.09
ORD-009585,2026-06-24,Central,Hardware,203.16
ORD-009586,2026-06-24,Central,Hardware,459.76
ORD-009587,2026-06-24,Central,Software,237.98
ORD-009588,2026-06-24,Central,Software,113.13
ORD-009589,2026-06-24,Central,Services,286.73
ORD-009590,2026-06-24,Central,Services,413.04
ORD-009591,2026-06-24,Central,Software,168.07
ORD-009592,2026-06-24,Central,Hardware,278.23
ORD-009593,2026-06-24,Central,Hardware,245.27
ORD-009594,2026-06-24,Central,Accessories,91.50
ORD-009595,2026-06-24,Central,Services,368.36
ORD-009596,2026-06-24,Central,Software,71.92
ORD-009597,2026-06-24,Central,Accessories,35.59
ORD-009598,2026-06-24,Central,Services,202.80
ORD-009599,2026-06-24,Central,Hardware,383.35
ORD-009600,2026-06-24,Central,Software,127.77
ORD-009601,2026-06-24,Central,Software,135.54
ORD-009602,2026-06-24,Central,Software,112.94
ORD-009603,2026-06-24,Central,Services,288.65
ORD-009604,2026-06-24,Central,Services,929.29
ORD-009605,2026-06-24,Central,Accessories,52.58
ORD-009606,2026-06-24,Central,Hardware,461.57
ORD-009607,2026-06-24,Central,Accessories,38.97
ORD-009608,2026-06-24,South,Software,463.33
ORD-009609,2026-06-24,South,Software,117.57
ORD-009610,2026-06-24,South,Services,1325.98
ORD-009611,2026-06-24,South,Hardware,94.12
ORD-009612,2026-06-24,South,Accessories,22.81
ORD-009613,2026-06-24,South,Services,457.15
ORD-009614,2026-06-24,South,Hardware,278.60
ORD-009615,2026-06-24,South,Hardware,397.76
ORD-009616,2026-06-24,South,Hardware,270.91
ORD-009617,2026-06-24,South,Software,150.17
ORD-009618,2026-06-24,South,Software,165.93
ORD-009619,2026-06-24,South,Accessories,20.86
ORD-009620,2026-06-24,South,Software,120.01
ORD-009621,2026-06-24,South,Accessories,26.84
ORD-009622,2026-06-24,South,Software,197.24
ORD-009623,2026-06-24,South,Services,1068.50
ORD-009624,2026-06-24,South,Services,352.44
ORD-009625,2026-06-24,South,Software,216.01
ORD-009626,2026-06-24,South,Software,126.90
ORD-009627,2026-06-24,South,Hardware,193.99
ORD-009628,2026-06-24,South,Services,1494.03
ORD-009629,2026-06-24,South,Accessories,20.29
ORD-009630,2026-06-24,South,Services,609.10
ORD-009631,2026-06-24,South,Services,268.99
ORD-009632,2026-06-25,North,Services,705.04
ORD-009633,2026-06-25,North,Hardware,230.08
ORD-009634,2026-06-25,North,Accessories,52.10
ORD-009635,2026-06-25,North,Accessories,37.96
ORD-009636,2026-06-25,North,Services,388.94
ORD-009637,2026-06-25,North,Software,123.21
ORD-009638,2026-06-25,North,Software,279.54
ORD-009639,2026-06-25,North,Software,81.36
ORD-009640,2026-06-25,North,Accessories,28.51
ORD-009641,2026-06-25,North,Accessories,31.58
ORD-009642,2026-06-25,North,Hardware,350.14
ORD-009643,2026-06-25,North,Hardware,245.44
ORD-009644,2026-06-25,North,Hardware,462.65
ORD-009645,2026-06-25,North,Software,63.59
ORD-009646,2026-06-25,North,Software,226.97
ORD-009647,2026-06-25,North,,384.20
ORD-009648,2026-06-25,North,Services,686.56
ORD-009649,2026-06-25,North,Hardware,93.90
ORD-009650,2026-06-25,North,Services,521.93
ORD-009651,2026-06-25,North,Hardware,812.48
ORD-009652,2026-06-25,North,Software,99.03
ORD-009653,2026-06-25,North,Services,398.04
ORD-009654,2026-06-25,North,Hardware,289.44
ORD-009655,2026-06-25,North,Services,374.59
ORD-009656,2026-06-25,North,Accessories,79.23
ORD-009657,2026-06-25,North,Hardware,444.87
ORD-009658,2026-06-25,North,Accessories,40.83
ORD-009659,2026-06-25,North,,43.16
ORD-009660,2026-06-25,North,Hardware,549.92
ORD-009661,2026-06-25,North,Accessories,28.70
ORD-009662,2026-06-25,North,Hardware,317.05
ORD-009663,2026-06-25,North,Software,182.01
ORD-009664,2026-06-25,North,Accessories,83.06
ORD-009665,2026-06-25,North,Services,484.29
ORD-009666,2026-06-25,North,Software,74.47
ORD-009667,2026-06-25,North,Services,564.07
ORD-009668,2026-06-25,North,Accessories,59.05
ORD-009669,2026-06-25,North,Services,504.35
ORD-009670,2026-06-25,North,Services,673.95
ORD-009671,2026-06-25,North,Accessories,28.43
ORD-009672,2026-06-25,North,Hardware,928.12
ORD-009673,2026-06-25,North,Services,428.15
ORD-009674,2026-06-25,North,Hardware,213.00
ORD-009675,2026-06-25,North,Software,114.38
ORD-009676,2026-06-25,North,Hardware,125.84
ORD-009677,2026-06-25,North,Accessories,26.43
ORD-009678,2026-06-25,North,Services,215.46
ORD-009679,2026-06-25,North,Hardware,615.86
ORD-009680,2026-06-25,North,Hardware,128.07
ORD-009681,2026-06-25,North,Accessories,99.55
ORD-009682,2026-06-25,North,Accessories,90.41
ORD-009683,2026-06-25,North,Hardware,231.77
ORD-009684,2026-06-25,Central,Hardware,186.09
ORD-009685,2026-06-25,Central,Accessories,12.33
ORD-009686,2026-06-25,Central,Hardware,183.32
ORD-009687,2026-06-25,Central,Hardware,483.49
ORD-009688,2026-06-25,Central,Accessories,221.57
ORD-009689,2026-06-25,Central,Services,780.38
ORD-009690,2026-06-25,Central,Accessories,26.25
ORD-009691,2026-06-25,Central,Accessories,41.57
ORD-009692,2026-06-25,Central,Software,142.26
ORD-009693,2026-06-25,Central,Accessories,25.50
ORD-009694,2026-06-25,Central,Hardware,462.83
ORD-009695,2026-06-25,Central,Software,146.49
ORD-009696,2026-06-25,Central,Accessories,67.53
ORD-009697,2026-06-25,Central,Accessories,62.54
ORD-009698,2026-06-25,Central,Accessories,31.23
ORD-009699,2026-06-25,Central,Hardware,259.35
ORD-009700,2026-06-25,Central,Software,83.98
ORD-009701,2026-06-25,Central,Software,149.05
ORD-009702,2026-06-25,Central,Software,98.62
ORD-009703,2026-06-25,Central,Services,647.81
ORD-009704,2026-06-25,Central,Software,132.68
ORD-009705,2026-06-25,Central,Hardware,450.98
ORD-009706,2026-06-25,Central,Services,260.53
ORD-009707,2026-06-25,Central,Hardware,338.71
ORD-009708,2026-06-25,Central,Accessories,26.62
ORD-009709,2026-06-25,Central,Software,76.73
ORD-009710,2026-06-25,Central,Software,97.64
ORD-009711,2026-06-25,Central,Hardware,539.91
ORD-009712,2026-06-25,Central,Hardware,548.91
ORD-009713,2026-06-25,Central,Accessories,10.75
ORD-009714,2026-06-25,Central,Hardware,175.09
ORD-009715,2026-06-25,Central,Hardware,327.31
ORD-009716,2026-06-25,Central,Software,106.29
ORD-009717,2026-06-25,Central,Software,65.61
ORD-009718,2026-06-25,Central,Software,186.46
ORD-009719,2026-06-25,Central,Accessories,22.98
ORD-009720,2026-06-25,Central,Hardware,317.89
ORD-009721,2026-06-25,Central,Accessories,19.43
ORD-009722,2026-06-25,Central,Services,316.76
ORD-009723,2026-06-25,Central,Hardware,205.71
ORD-009724,2026-06-25,Central,Accessories,70.06
ORD-009725,2026-06-25,Central,Hardware,662.39
ORD-009726,2026-06-25,Central,Software,274.97
ORD-009727,2026-06-25,Central,Services,944.24
ORD-009728,2026-06-25,Central,Hardware,1313.17
ORD-009729,2026-06-25,Central,Accessories,42.30
ORD-009730,2026-06-25,Central,Hardware,248.05
ORD-009731,2026-06-25,South,Accessories,48.35
ORD-009732,2026-06-25,South,Software,63.93
ORD-009733,2026-06-25,South,Hardware,581.98
ORD-009734,2026-06-25,South,Software,143.46
ORD-009735,2026-06-25,South,Software,287.45
ORD-009736,2026-06-25,South,Accessories,53.29
ORD-009737,2026-06-25,South,Software,118.29
ORD-009738,2026-06-25,South,Software,55.94
ORD-009739,2026-06-25,South,Hardware,156.49
ORD-009740,2026-06-25,South,Accessories,26.03
ORD-009741,2026-06-25,South,Software,136.62
ORD-009742,2026-06-25,South,Accessories,22.95
ORD-009743,2026-06-25,South,Accessories,14.93
ORD-009744,2026-06-25,South,Hardware,519.19
ORD-009745,2026-06-25,South,Software,164.08
ORD-009746,2026-06-25,South,Accessories,61.40
ORD-009747,2026-06-25,South,Hardware,284.98
ORD-009748,2026-06-25,South,Hardware,242.64
ORD-009749,2026-06-25,South,Software,359.64
ORD-009750,2026-06-25,South,Accessories,26.70
ORD-009751,2026-06-25,South,Hardware,324.44
ORD-009752,2026-06-25,South,Software,778.85
ORD-009753,2026-06-25,South,Software,278.98
ORD-009754,2026-06-25,South,Services,265.22
ORD-009755,2026-06-25,South,Services,426.67
ORD-009756,2026-06-25,South,Software,217.32
ORD-009757,2026-06-25,South,,246.59
ORD-009758,2026-06-25,South,Accessories,19.47
ORD-009759,2026-06-25,South,Hardware,220.78
ORD-009760,2026-06-25,South,Hardware,238.08
ORD-009761,2026-06-25,South,Hardware,529.81
ORD-009762,2026-06-25,South,Software,45.74
ORD-009763,2026-06-25,South,Accessories,17.06
ORD-009764,2026-06-26,North,Hardware,401.17
ORD-009765,2026-06-26,North,Hardware,181.22
ORD-009766,2026-06-26,North,Hardware,235.55
ORD-009767,2026-06-26,North,Software,110.30
ORD-009768,2026-06-26,North,Software,136.86
ORD-009769,2026-06-26,North,Accessories,36.01
ORD-009770,2026-06-26,North,Software,53.63
ORD-009771,2026-06-26,North,Hardware,187.15
ORD-009772,2026-06-26,North,Software,64.21
ORD-009773,2026-06-26,North,Services,278.22
ORD-009774,2026-06-26,North,Hardware,220.40
ORD-009775,2026-06-26,North,Accessories,15.93
ORD-009776,2026-06-26,North,Services,638.25
ORD-009777,2026-06-26,North,Hardware,340.56
ORD-009778,2026-06-26,North,Services,933.37
ORD-009779,2026-06-26,North,Services,438.76
ORD-009780,2026-06-26,North,Hardware,926.51
ORD-009781,2026-06-26,North,Services,857.55
ORD-009782,2026-06-26,North,Accessories,46.95
ORD-009783,2026-06-26,North,Hardware,108.96
ORD-009784,2026-06-26,North,Services,807.77
ORD-009785,2026-06-26,North,Services,349.63
ORD-009786,2026-06-26,North,Hardware,1242.73
ORD-009787,2026-06-26,North,Services,1460.27
ORD-009788,2026-06-26,North,Accessories,11.72
ORD-009789,2026-06-26,North,Services,421.56
ORD-009790,2026-06-26,North,Services,203.45
ORD-009791,2026-06-26,North,Accessories,12.43
ORD-009792,2026-06-26,North,Services,392.29
ORD-009793,2026-06-26,North,Accessories,62.90
ORD-009794,2026-06-26,North,Services,607.74
ORD-009795,2026-06-26,North,Software,128.86
ORD-009796,2026-06-26,North,Software,118.43
ORD-009797,2026-06-26,North,Accessories,25.30
ORD-009798,2026-06-26,North,Hardware,209.18
ORD-009799,2026-06-26,North,Accessories,18.30
ORD-009800,2026-06-26,North,Software,42.30
ORD-009801,2026-06-26,North,Services,236.16
ORD-009802,2026-06-26,North,Accessories,25.07
ORD-009803,2026-06-26,North,Software,153.47
ORD-009804,2026-06-26,North,Services,621.04
ORD-009805,2026-06-26,North,Hardware,302.29
ORD-009806,2026-06-26,North,Services,394.09
ORD-009807,2026-06-26,North,Services,628.04
ORD-009808,2026-06-26,North,Accessories,38.51
ORD-009809,2026-06-26,North,Software,154.59
ORD-009810,2026-06-26,North,Hardware,371.76
ORD-009811,2026-06-26,North,Accessories,28.66
ORD-009812,2026-06-26,North,Software,89.48
ORD-009813,2026-06-26,Central,Accessories,95.42
ORD-009814,2026-06-26,Central,Hardware,108.00
ORD-009815,2026-06-26,Central,Accessories,22.10
ORD-009816,2026-06-26,Central,Services,138.59
ORD-009817,2026-06-26,Central,Hardware,176.05
ORD-009818,2026-06-26,Central,Services,381.95
ORD-009819,2026-06-26,Central,Accessories,133.77
ORD-009820,2026-06-26,Central,Accessories,114.50
ORD-009821,2026-06-26,Central,Services,416.10
ORD-009822,2026-06-26,Central,Accessories,34.71
ORD-009823,2026-06-26,Central,Hardware,261.30
ORD-009824,2026-06-26,Central,Accessories,28.36
ORD-009825,2026-06-26,Central,Software,240.56
ORD-009826,2026-06-26,Central,Services,305.00
ORD-009827,2026-06-26,Central,Hardware,277.88
ORD-009828,2026-06-26,Central,,254.86
ORD-009829,2026-06-26,Central,Hardware,204.71
ORD-009830,2026-06-26,Central,Hardware,403.72
ORD-009831,2026-06-26,Central,Services,315.03
ORD-009832,2026-06-26,Central,,554.41
ORD-009833,2026-06-26,Central,Hardware,282.78
ORD-009834,2026-06-26,Central,Services,542.71
ORD-009835,2026-06-26,Central,Hardware,166.05
ORD-009836,2026-06-26,Central,Accessories,53.29
ORD-009837,2026-06-26,Central,Accessories,41.72
ORD-009838,2026-06-26,Central,Hardware,559.97
ORD-009839,2026-06-26,Central,Hardware,282.77
ORD-009840,2026-06-26,Central,Software,189.52
ORD-009841,2026-06-26,Central,Services,1455.11
ORD-009842,2026-06-26,Central,Services,328.95
ORD-009843,2026-06-26,Central,Hardware,130.54
ORD-009844,2026-06-26,Central,Services,1168.90
ORD-009845,2026-06-26,Central,Software,96.90
ORD-009846,2026-06-26,Central,Services,166.61
ORD-009847,2026-06-26,Central,Software,162.59
ORD-009848,2026-06-26,Central,Hardware,110.05
ORD-009849,2026-06-26,Central,Accessories,42.05
ORD-009850,2026-06-26,South,Software,55.39
ORD-009851,2026-06-26,South,Hardware,210.75
ORD-009852,2026-06-26,South,Software,334.94
ORD-009853,2026-06-26,South,Accessories,24.64
ORD-009854,2026-06-26,South,Accessories,60.31
ORD-009855,2026-06-26,South,Hardware,587.69
ORD-009856,2026-06-26,South,Software,208.25
ORD-009857,2026-06-26,South,Software,132.50
ORD-009858,2026-06-26,South,Software,176.58
ORD-009859,2026-06-26,South,Accessories,87.00
ORD-009860,2026-06-26,South,Services,1034.86
ORD-009861,2026-06-26,South,Hardware,767.85
ORD-009862,2026-06-26,South,Software,88.33
ORD-009863,2026-06-26,South,Accessories,26.17
ORD-009864,2026-06-26,South,Hardware,247.64
ORD-009865,2026-06-26,South,Services,1986.64
ORD-009866,2026-06-26,South,Hardware,202.10
ORD-009867,2026-06-26,South,Software,170.62
ORD-009868,2026-06-26,South,Accessories,37.20
ORD-009869,2026-06-26,South,Accessories,95.57
ORD-009870,2026-06-26,South,Hardware,489.83
ORD-009871,2026-06-26,South,Hardware,160.62
ORD-009872,2026-06-26,South,Services,403.62
ORD-009873,2026-06-26,South,Software,230.43
ORD-009874,2026-06-26,South,Accessories,28.65
ORD-009875,2026-06-26,South,Software,210.84
ORD-009876,2026-06-26,South,Hardware,430.43
ORD-009877,2026-06-26,South,Accessories,14.51
ORD-009878,2026-06-26,South,Software,157.30
ORD-009879,2026-06-27,North,Hardware,192.97
ORD-009880,2026-06-27,North,Software,155.32
ORD-009881,2026-06-27,North,,214.54
ORD-009882,2026-06-27,North,Software,199.89
ORD-009883,2026-06-27,North,Accessories,18.39
ORD-009884,2026-06-27,North,Hardware,327.32
ORD-009885,2026-06-27,North,Hardware,320.33
ORD-009886,2026-06-27,North,Software,274.23
ORD-009887,2026-06-27,North,Software,155.45
ORD-009888,2026-06-27,North,Software,40.75
ORD-009889,2026-06-27,North,Hardware,109.94
ORD-009890,2026-06-27,North,Accessories,16.91
ORD-009891,2026-06-27,North,Accessories,48.71
ORD-009892,2026-06-27,North,Software,103.70
ORD-009893,2026-06-27,North,,335.30
ORD-009894,2026-06-27,North,Hardware,567.61
ORD-009895,2026-06-27,North,Services,360.83
ORD-009896,2026-06-27,North,Hardware,104.19
ORD-009897,2026-06-27,North,Hardware,347.80
ORD-009898,2026-06-27,North,Software,213.14
ORD-009899,2026-06-27,North,Accessories,46.78
ORD-009900,2026-06-27,North,Software,164.92
ORD-009901,2026-06-27,North,Accessories,62.30
ORD-009902,2026-06-27,North,Software,46.51
ORD-009903,2026-06-27,North,Services,256.72
ORD-009904,2026-06-27,North,Software,136.00
ORD-009905,2026-06-27,North,Hardware,450.30
ORD-009906,2026-06-27,North,Software,406.99
ORD-009907,2026-06-27,North,Hardware,146.91
ORD-009908,2026-06-27,North,Hardware,1166.08
ORD-009909,2026-06-27,North,Hardware,561.86
ORD-009910,2026-06-27,North,Software,421.53
ORD-009911,2026-06-27,North,Software,100.16
ORD-009912,2026-06-27,North,Accessories,90.96
ORD-009913,2026-06-27,North,Software,126.10
ORD-009914,2026-06-27,North,Software,96.91
ORD-009915,2026-06-27,North,Hardware,179.91
ORD-009916,2026-06-27,North,Software,129.89
ORD-009917,2026-06-27,North,Accessories,65.70
ORD-009918,2026-06-27,Central,Software,57.96
ORD-009919,2026-06-27,Central,Hardware,389.21
ORD-009920,2026-06-27,Central,Software,113.94
ORD-009921,2026-06-27,Central,Software,116.20
ORD-009922,2026-06-27,Central,Services,304.86
ORD-009923,2026-06-27,Central,,165.52
ORD-009924,2026-06-27,Central,Accessories,88.13
ORD-009925,2026-06-27,Central,Accessories,35.34
ORD-009926,2026-06-27,Central,Services,315.54
ORD-009927,2026-06-27,Central,Software,109.94
ORD-009928,2026-06-27,Central,Hardware,232.93
ORD-009929,2026-06-27,Central,Software,117.39
ORD-009930,2026-06-27,Central,Services,299.83
ORD-009931,2026-06-27,Central,Software,103.01
ORD-009932,2026-06-27,Central,Accessories,22.65
ORD-009933,2026-06-27,Central,,395.01
ORD-009934,2026-06-27,Central,Hardware,274.93
ORD-009935,2026-06-27,Central,Hardware,221.64
ORD-009936,2026-06-27,Central,Services,732.61
ORD-009937,2026-06-27,Central,Accessories,18.90
ORD-009938,2026-06-27,Central,Software,292.90
ORD-009939,2026-06-27,Central,Software,50.03
ORD-009940,2026-06-27,Central,Accessories,32.35
ORD-009941,2026-06-27,Central,Software,81.27
ORD-009942,2026-06-27,Central,Services,581.33
ORD-009943,2026-06-27,Central,Hardware,308.38
ORD-009944,2026-06-27,Central,Services,543.85
ORD-009945,2026-06-27,Central,Services,783.38
ORD-009946,2026-06-27,Central,Hardware,184.74
ORD-009947,2026-06-27,Central,Accessories,102.62
ORD-009948,2026-06-27,Central,Accessories,25.96
ORD-009949,2026-06-27,Central,Hardware,440.49
ORD-009950,2026-06-27,Central,Software,199.16
ORD-009951,2026-06-27,Central,Accessories,38.44
ORD-009952,2026-06-27,Central,Services,361.85
ORD-009953,2026-06-27,Central,,79.21
ORD-009954,2026-06-27,Central,Services,429.50
ORD-009955,2026-06-27,South,Software,363.71
ORD-009956,2026-06-27,South,Software,153.91
ORD-009957,2026-06-27,South,Accessories,32.41
ORD-009958,2026-06-27,South,Services,561.79
ORD-009959,2026-06-27,South,Services,559.20
ORD-009960,2026-06-27,South,Hardware,176.71
ORD-009961,2026-06-27,South,Accessories,88.75
ORD-009962,2026-06-27,South,Services,1030.04
ORD-009963,2026-06-27,South,Accessories,17.79
ORD-009964,2026-06-27,South,Hardware,149.60
ORD-009965,2026-06-27,South,Hardware,461.21
ORD-009966,2026-06-27,South,Accessories,26.01
ORD-009967,2026-06-27,South,Hardware,532.09
ORD-009968,2026-06-27,South,Software,461.89
ORD-009969,2026-06-27,South,Hardware,387.54
ORD-009970,2026-06-27,South,Software,86.97
ORD-009971,2026-06-27,South,Hardware,779.96
ORD-009972,2026-06-27,South,Software,178.66
ORD-009973,2026-06-27,South,Hardware,252.39
ORD-009974,2026-06-27,South,Hardware,164.96
ORD-009975,2026-06-27,South,Hardware,186.38
ORD-009976,2026-06-28,North,Software,185.82
ORD-009977,2026-06-28,North,Accessories,24.39
ORD-009978,2026-06-28,North,Services,1201.59
ORD-009979,2026-06-28,North,Hardware,248.65
ORD-009980,2026-06-28,North,Services,443.09
ORD-009981,2026-06-28,North,Accessories,65.74
ORD-009982,2026-06-28,North,Software,266.48
ORD-009983,2026-06-28,North,Accessories,132.29
ORD-009984,2026-06-28,North,Hardware,910.43
ORD-009985,2026-06-28,North,Software,224.96
ORD-009986,2026-06-28,North,Hardware,425.45
ORD-009987,2026-06-28,North,Accessories,23.96
ORD-009988,2026-06-28,North,Software,324.28
ORD-009989,2026-06-28,North,Software,159.34
ORD-009990,2026-06-28,North,Hardware,548.73
ORD-009991,2026-06-28,North,Services,312.52
ORD-009992,2026-06-28,North,Services,224.37
ORD-009993,2026-06-28,North,Software,96.71
ORD-009994,2026-06-28,North,Accessories,16.46
ORD-009995,2026-06-28,North,Hardware,528.84
ORD-009996,2026-06-28,North,Software,67.05
ORD-009997,2026-06-28,North,Hardware,523.41
ORD-009998,2026-06-28,North,Services,808.58
ORD-009999,2026-06-28,North,Accessories,69.97
ORD-010000,2026-06-28,North,Services,570.44
ORD-010001,2026-06-28,North,Software,35.42
ORD-010002,2026-06-28,North,Software,239.77
ORD-010003,2026-06-28,North,Services,610.83
ORD-010004,2026-06-28,North,Hardware,270.45
ORD-010005,2026-06-28,North,Services,586.86
ORD-010006,2026-06-28,North,Software,288.97
ORD-010007,2026-06-28,North,Software,149.55
ORD-010008,2026-06-28,North,Software,256.33
ORD-010009,2026-06-28,North,Software,63.76
ORD-010010,2026-06-28,North,Accessories,30.75
ORD-010011,2026-06-28,North,Accessories,60.66
ORD-010012,2026-06-28,North,Accessories,30.64
ORD-010013,2026-06-28,North,Accessories,14.29
ORD-010014,2026-06-28,North,Hardware,333.97
ORD-010015,2026-06-28,North,Accessories,46.60
ORD-010016,2026-06-28,North,Hardware,851.79
ORD-010017,2026-06-28,North,Software,75.30
ORD-010018,2026-06-28,North,Software,208.49
ORD-010019,2026-06-28,North,Software,206.41
ORD-010020,2026-06-28,North,Hardware,308.37
ORD-010021,2026-06-28,North,Hardware,1345.52
ORD-010022,2026-06-28,Central,Accessories,23.94
ORD-010023,2026-06-28,Central,Hardware,536.35
ORD-010024,2026-06-28,Central,Hardware,276.17
ORD-010025,2026-06-28,Central,Hardware,209.64
ORD-010026,2026-06-28,Central,Hardware,379.64
ORD-010027,2026-06-28,Central,Services,1220.43
ORD-010028,2026-06-28,Central,Services,826.62
ORD-010029,2026-06-28,Central,Hardware,277.13
ORD-010030,2026-06-28,Central,Services,547.83
ORD-010031,2026-06-28,Central,Accessories,46.55
ORD-010032,2026-06-28,Central,Hardware,286.85
ORD-010033,2026-06-28,Central,Software,243.51
ORD-010034,2026-06-28,Central,Accessories,75.00
ORD-010035,2026-06-28,Central,Accessories,55.66
ORD-010036,2026-06-28,Central,Hardware,131.42
ORD-010037,2026-06-28,Central,Software,86.40
ORD-010038,2026-06-28,Central,Accessories,9.15
ORD-010039,2026-06-28,Central,Software,126.71
ORD-010040,2026-06-28,Central,Hardware,192.48
ORD-010041,2026-06-28,Central,Accessories,60.00
ORD-010042,2026-06-28,Central,Accessories,25.92
ORD-010043,2026-06-28,Central,Services,382.80
ORD-010044,2026-06-28,Central,Services,333.32
ORD-010045,2026-06-28,Central,Services,519.02
ORD-010046,2026-06-28,South,Hardware,230.15
ORD-010047,2026-06-28,South,Hardware,597.78
ORD-010048,2026-06-28,South,Software,229.17
ORD-010049,2026-06-28,South,Accessories,35.22
ORD-010050,2026-06-28,South,Accessories,105.51
ORD-010051,2026-06-28,South,Accessories,28.64
ORD-010052,2026-06-28,South,Software,92.46
ORD-010053,2026-06-28,South,Software,220.47
ORD-010054,2026-06-28,South,Hardware,283.34
ORD-010055,2026-06-28,South,Hardware,227.14
ORD-010056,2026-06-28,South,Software,190.94
ORD-010057,2026-06-28,South,Hardware,387.06
ORD-010058,2026-06-28,South,Accessories,38.89
ORD-010059,2026-06-28,South,Services,350.95
ORD-010060,2026-06-28,South,Accessories,36.98
ORD-010061,2026-06-29,North,Services,528.33
ORD-010062,2026-06-29,North,,59.38
ORD-010063,2026-06-29,North,Accessories,62.60
ORD-010064,2026-06-29,North,Accessories,41.19
ORD-010065,2026-06-29,North,Hardware,99.23
ORD-010066,2026-06-29,North,Hardware,156.33
ORD-010067,2026-06-29,North,Software,152.41
ORD-010068,2026-06-29,North,Hardware,339.73
ORD-010069,2026-06-29,North,Hardware,160.30
ORD-010070,2026-06-29,North,Accessories,47.42
ORD-010071,2026-06-29,North,Accessories,38.14
ORD-010072,2026-06-29,North,Software,210.05
ORD-010073,2026-06-29,North,Software,81.25
ORD-010074,2026-06-29,North,Services,408.02
ORD-010075,2026-06-29,North,Accessories,56.61
ORD-010076,2026-06-29,North,Hardware,599.62
ORD-010077,2026-06-29,North,Services,470.38
ORD-010078,2026-06-29,North,Accessories,39.67
ORD-010079,2026-06-29,North,Hardware,170.51
ORD-010080,2026-06-29,North,Accessories,29.32
ORD-010081,2026-06-29,North,Services,467.70
ORD-010082,2026-06-29,North,Services,347.30
ORD-010083,2026-06-29,North,Services,518.14
ORD-010084,2026-06-29,North,Software,130.67
ORD-010085,2026-06-29,North,Hardware,192.51
ORD-010086,2026-06-29,North,Software,137.71
ORD-010087,2026-06-29,North,Software,136.02
ORD-010088,2026-06-29,North,Software,106.23
ORD-010089,2026-06-29,North,Software,52.41
ORD-010090,2026-06-29,North,Accessories,36.36
ORD-010091,2026-06-29,North,Software,75.29
ORD-010092,2026-06-29,North,Hardware,240.95
ORD-010093,2026-06-29,North,Hardware,562.45
ORD-010094,2026-06-29,North,Hardware,185.33
ORD-010095,2026-06-29,North,Accessories,73.11
ORD-010096,2026-06-29,North,Accessories,28.69
ORD-010097,2026-06-29,North,Software,170.48
ORD-010098,2026-06-29,North,Accessories,38.65
ORD-010099,2026-06-29,North,Accessories,61.76
ORD-010100,2026-06-29,North,Software,83.90
ORD-010101,2026-06-29,North,Hardware,277.15
ORD-010102,2026-06-29,North,Services,259.15
ORD-010103,2026-06-29,North,Accessories,24.28
ORD-010104,2026-06-29,Central,Software,286.01
ORD-010105,2026-06-29,Central,Accessories,43.50
ORD-010106,2026-06-29,Central,Software,305.17
ORD-010107,2026-06-29,Central,Services,887.89
ORD-010108,2026-06-29,Central,Services,509.29
ORD-010109,2026-06-29,Central,Services,656.50
ORD-010110,2026-06-29,Central,Software,181.59
ORD-010111,2026-06-29,Central,Services,473.39
ORD-010112,2026-06-29,Central,Services,827.86
ORD-010113,2026-06-29,Central,Hardware,404.30
ORD-010114,2026-06-29,Central,Hardware,704.45
ORD-010115,2026-06-29,Central,Services,612.19
ORD-010116,2026-06-29,Central,Software,254.15
ORD-010117,2026-06-29,Central,Accessories,94.42
ORD-010118,2026-06-29,Central,Accessories,51.44
ORD-010119,2026-06-29,Central,Hardware,189.87
ORD-010120,2026-06-29,Central,Services,403.05
ORD-010121,2026-06-29,Central,Accessories,85.22
ORD-010122,2026-06-29,Central,Software,82.75
ORD-010123,2026-06-29,Central,Software,218.37
ORD-010124,2026-06-29,Central,Software,150.57
ORD-010125,2026-06-29,Central,Software,190.86
ORD-010126,2026-06-29,Central,Software,138.52
ORD-010127,2026-06-29,Central,Accessories,27.65
ORD-010128,2026-06-29,Central,Accessories,37.09
ORD-010129,2026-06-29,Central,Services,401.41
ORD-010130,2026-06-29,Central,Services,416.42
ORD-010131,2026-06-29,Central,Services,440.32
ORD-010132,2026-06-29,Central,Hardware,228.07
ORD-010133,2026-06-29,Central,Services,426.36
ORD-010134,2026-06-29,Central,Hardware,150.49
ORD-010135,2026-06-29,Central,Software,175.04
ORD-010136,2026-06-29,Central,Services,478.32
ORD-010137,2026-06-29,Central,Services,415.55
ORD-010138,2026-06-29,Central,Accessories,83.54
ORD-010139,2026-06-29,Central,Hardware,694.86
ORD-010140,2026-06-29,Central,Hardware,84.54
ORD-010141,2026-06-29,Central,Accessories,32.22
ORD-010142,2026-06-29,Central,Accessories,58.54
ORD-010143,2026-06-29,Central,Software,288.00
ORD-010144,2026-06-29,Central,Software,132.49
ORD-010145,2026-06-29,Central,Hardware,1376.32
ORD-010146,2026-06-29,South,Hardware,234.76
ORD-010147,2026-06-29,South,Services,619.75
ORD-010148,2026-06-29,South,Hardware,611.51
ORD-010149,2026-06-29,South,Hardware,288.15
ORD-010150,2026-06-29,South,Services,545.56
ORD-010151,2026-06-29,South,Hardware,387.69
ORD-010152,2026-06-29,South,Services,425.82
ORD-010153,2026-06-29,South,Software,140.69
ORD-010154,2026-06-29,South,Hardware,449.15
ORD-010155,2026-06-29,South,Software,91.10
ORD-010156,2026-06-29,South,Accessories,87.27
ORD-010157,2026-06-29,South,Software,58.28
ORD-010158,2026-06-29,South,Hardware,338.05
ORD-010159,2026-06-29,South,Services,795.47
ORD-010160,2026-06-29,South,Software,145.01
ORD-010161,2026-06-29,South,Hardware,782.89
ORD-010162,2026-06-29,South,Hardware,275.90
ORD-010163,2026-06-29,South,Hardware,277.90
ORD-010164,2026-06-29,South,Hardware,469.42
ORD-010165,2026-06-29,South,Services,190.26
ORD-010166,2026-06-29,South,Software,98.82
ORD-010167,2026-06-29,South,Accessories,14.19
ORD-010168,2026-06-29,South,Accessories,55.44
ORD-010169,2026-06-29,South,Hardware,524.00
ORD-010170,2026-06-29,South,Accessories,109.63
ORD-010171,2026-06-29,South,Accessories,40.83
ORD-010172,2026-06-29,South,Services,984.19
ORD-010173,2026-06-29,South,Software,159.90
ORD-010174,2026-06-29,South,Software,117.86
ORD-010175,2026-06-29,South,Services,183.79
ORD-010176,2026-06-29,South,Accessories,22.00
ORD-010177,2026-06-29,South,Hardware,432.62
ORD-010178,2026-06-29,South,Software,150.11
ORD-010179,2026-06-29,South,Services,348.56
ORD-010180,2026-06-29,South,Services,426.66
ORD-010181,2026-06-29,South,Services,742.43
ORD-010182,2026-06-29,South,,182.14
ORD-010183,2026-06-29,South,Accessories,58.24
ORD-010184,2026-06-29,South,Hardware,208.92
ORD-010185,2026-06-30,North,Services,524.99
ORD-010186,2026-06-30,North,Services,150.64
ORD-010187,2026-06-30,North,Accessories,11.56
ORD-010188,2026-06-30,North,Hardware,237.67
ORD-010189,2026-06-30,North,Services,674.34
ORD-010190,2026-06-30,North,Hardware,345.26
ORD-010191,2026-06-30,North,Software,154.84
ORD-010192,2026-06-30,North,Software,41.60
ORD-010193,2026-06-30,North,Hardware,248.64
ORD-010194,2026-06-30,North,Hardware,284.26
ORD-010195,2026-06-30,North,Accessories,13.76
ORD-010196,2026-06-30,North,Accessories,54.10
ORD-010197,2026-06-30,North,Services,1330.39
ORD-010198,2026-06-30,North,Hardware,417.58
ORD-010199,2026-06-30,North,Hardware,297.48
ORD-010200,2026-06-30,North,Hardware,446.23
ORD-010201,2026-06-30,North,Accessories,33.18
ORD-010202,2026-06-30,North,Hardware,340.15
ORD-010203,2026-06-30,North,Hardware,140.42
ORD-010204,2026-06-30,North,Software,84.29
ORD-010205,2026-06-30,North,Accessories,71.38
ORD-010206,2026-06-30,North,Accessories,28.98
ORD-010207,2026-06-30,North,Software,111.25
ORD-010208,2026-06-30,North,Services,413.69
ORD-010209,2026-06-30,North,Software,83.83
ORD-010210,2026-06-30,North,Software,157.19
ORD-010211,2026-06-30,North,Software,137.39
ORD-010212,2026-06-30,North,Hardware,161.73
ORD-010213,2026-06-30,North,Software,210.95
ORD-010214,2026-06-30,North,Hardware,275.43
ORD-010215,2026-06-30,North,Hardware,389.04
ORD-010216,2026-06-30,North,Services,777.71
ORD-010217,2026-06-30,North,Accessories,38.59
ORD-010218,2026-06-30,North,Hardware,378.50
ORD-010219,2026-06-30,North,Hardware,238.81
ORD-010220,2026-06-30,North,Accessories,36.52
ORD-010221,2026-06-30,North,Accessories,62.70
ORD-010222,2026-06-30,North,Software,154.00
ORD-010223,2026-06-30,North,Services,172.45
ORD-010224,2026-06-30,North,Software,213.02
ORD-010225,2026-06-30,North,Accessories,97.65
ORD-010226,2026-06-30,North,Software,514.59
ORD-010227,2026-06-30,North,Services,416.03
ORD-010228,2026-06-30,North,Services,783.16
ORD-010229,2026-06-30,North,Hardware,447.78
ORD-010230,2026-06-30,Central,Software,133.77
ORD-010231,2026-06-30,Central,Services,252.77
ORD-010232,2026-06-30,Central,Software,99.43
ORD-010233,2026-06-30,Central,Services,247.67
ORD-010234,2026-06-30,Central,Hardware,570.40
ORD-010235,2026-06-30,Central,Software,270.93
ORD-010236,2026-06-30,Central,Software,106.30
ORD-010237,2026-06-30,Central,Services,948.58
ORD-010238,2026-06-30,Central,,241.99
ORD-010239,2026-06-30,Central,Software,96.69
ORD-010240,2026-06-30,Central,Software,114.85
ORD-010241,2026-06-30,Central,Services,393.88
ORD-010242,2026-06-30,Central,Accessories,32.17
ORD-010243,2026-06-30,Central,Software,60.84
ORD-010244,2026-06-30,Central,Software,72.59
ORD-010245,2026-06-30,Central,Hardware,111.48
ORD-010246,2026-06-30,Central,Software,177.26
ORD-010247,2026-06-30,Central,Accessories,88.48
ORD-010248,2026-06-30,Central,Software,299.25
ORD-010249,2026-06-30,Central,Hardware,737.46
ORD-010250,2026-06-30,Central,Services,415.02
ORD-010251,2026-06-30,Central,Software,129.46
ORD-010252,2026-06-30,Central,Accessories,37.53
ORD-010253,2026-06-30,Central,Accessories,29.88
ORD-010254,2026-06-30,Central,Hardware,529.77
ORD-010255,2026-06-30,Central,Services,476.30
ORD-010256,2026-06-30,Central,Services,432.18
ORD-010257,2026-06-30,Central,Hardware,68.68
ORD-010258,2026-06-30,Central,Software,222.96
ORD-010259,2026-06-30,Central,Services,304.54
ORD-010260,2026-06-30,Central,Services,1271.03
ORD-010261,2026-06-30,Central,Services,1061.91
ORD-010262,2026-06-30,Central,Services,254.95
ORD-010263,2026-06-30,Central,Hardware,144.76
ORD-010264,2026-06-30,Central,Hardware,126.18
ORD-010265,2026-06-30,Central,Services,1281.14
ORD-010266,2026-06-30,Central,Accessories,83.33
ORD-010267,2026-06-30,Central,Services,914.47
ORD-010268,2026-06-30,Central,Hardware,439.49
ORD-010269,2026-06-30,Central,Hardware,452.87
ORD-010270,2026-06-30,Central,Services,1840.84
ORD-010271,2026-06-30,Central,Services,155.41
ORD-010272,2026-06-30,Central,Software,94.43
ORD-010273,2026-06-30,Central,,41.58
ORD-010274,2026-06-30,Central,Software,161.87
ORD-010275,2026-06-30,Central,Accessories,45.39
ORD-010276,2026-06-30,Central,Hardware,400.63
ORD-010277,2026-06-30,Central,Software,109.14
ORD-010278,2026-06-30,Central,Software,63.50
ORD-010279,2026-06-30,Central,Software,136.54
ORD-010280,2026-06-30,Central,Software,387.14
ORD-010281,2026-06-30,Central,Hardware,570.37
ORD-010282,2026-06-30,Central,Hardware,200.75
ORD-010283,2026-06-30,Central,Services,1105.89
ORD-010284,2026-06-30,Central,Hardware,374.91
ORD-010285,2026-06-30,Central,Hardware,352.73
ORD-010286,2026-06-30,South,Hardware,262.49
ORD-010287,2026-06-30,South,Software,95.11
ORD-010288,2026-06-30,South,Services,257.77
ORD-010289,2026-06-30,South,Software,128.35
ORD-010290,2026-06-30,South,Hardware,487.52
ORD-010291,2026-06-30,South,Services,924.75
ORD-010292,2026-06-30,South,Hardware,328.25
ORD-010293,2026-06-30,South,Hardware,214.81
ORD-010294,2026-06-30,South,Hardware,280.42
ORD-010295,2026-06-30,South,Services,490.52
ORD-010296,2026-06-30,South,Services,844.46
ORD-010297,2026-06-30,South,Accessories,38.57
ORD-010298,2026-06-30,South,Services,393.83
ORD-010299,2026-06-30,South,Services,719.18
ORD-010300,2026-06-30,South,Hardware,124.93
ORD-010301,2026-06-30,South,Software,73.52
ORD-010302,2026-06-30,South,Software,345.82
ORD-010303,2026-06-30,South,Hardware,404.38
ORD-010304,2026-06-30,South,Accessories,28.97
ORD-010305,2026-06-30,South,Hardware,166.05
ORD-010306,2026-06-30,South,Services,527.17
ORD-010307,2026-06-30,South,Hardware,417.21
ORD-010308,2026-06-30,South,Software,204.63
ORD-010309,2026-06-30,South,Hardware,295.30
ORD-010310,2026-06-30,South,Accessories,40.07
ORD-010311,2026-06-30,South,Services,445.08
ORD-010312,2026-06-30,South,Accessories,20.59
ORD-010313,2026-06-30,South,Hardware,299.59
ORD-010314,2026-06-30,South,Hardware,466.45
ORD-010315,2026-06-30,South,Accessories,26.66
ORD-010316,2026-07-01,North,Software,238.31
ORD-010317,2026-07-01,North,Software,52.27
ORD-010318,2026-07-01,North,Hardware,690.41
ORD-010319,2026-07-01,North,Hardware,173.13
ORD-010320,2026-07-01,North,Software,70.80
ORD-010321,2026-07-01,North,Services,452.79
ORD-010322,2026-07-01,North,Services,396.39
ORD-010323,2026-07-01,North,Hardware,202.05
ORD-010324,2026-07-01,North,Hardware,720.48
ORD-010325,2026-07-01,North,Accessories,17.25
ORD-010326,2026-07-01,North,Software,118.07
ORD-010327,2026-07-01,North,Software,86.06
ORD-010328,2026-07-01,North,Hardware,127.72
ORD-010329,2026-07-01,North,Accessories,32.17
ORD-010330,2026-07-01,North,Accessories,16.43
ORD-010331,2026-07-01,North,Software,494.91
ORD-010332,2026-07-01,North,Accessories,26.72
ORD-010333,2026-07-01,North,Accessories,30.42
ORD-010334,2026-07-01,North,Software,278.12
ORD-010335,2026-07-01,North,Software,128.14
ORD-010336,2026-07-01,North,Services,279.46
ORD-010337,2026-07-01,North,Hardware,647.74
ORD-010338,2026-07-01,North,Software,231.16
ORD-010339,2026-07-01,North,Software,116.46
ORD-010340,2026-07-01,North,Accessories,24.00
ORD-010341,2026-07-01,North,,51.97
ORD-010342,2026-07-01,North,Hardware,348.48
ORD-010343,2026-07-01,North,Software,200.94
ORD-010344,2026-07-01,North,Hardware,149.19
ORD-010345,2026-07-01,North,Hardware,324.88
ORD-010346,2026-07-01,North,Hardware,183.76
ORD-010347,2026-07-01,North,Hardware,677.31
ORD-010348,2026-07-01,North,Software,206.85
ORD-010349,2026-07-01,North,Services,518.04
ORD-010350,2026-07-01,North,Accessories,8.67
ORD-010351,2026-07-01,North,Services,626.15
ORD-010352,2026-07-01,North,Accessories,24.89
ORD-010353,2026-07-01,North,Software,75.13
ORD-010354,2026-07-01,North,Accessories,35.18
ORD-010355,2026-07-01,North,Software,397.27
ORD-010356,2026-07-01,North,Software,169.30
ORD-010357,2026-07-01,North,Hardware,343.49
ORD-010358,2026-07-01,North,Accessories,42.57
ORD-010359,2026-07-01,North,Software,132.54
ORD-010360,2026-07-01,North,Hardware,352.13
ORD-010361,2026-07-01,North,Services,466.97
ORD-010362,2026-07-01,North,Services,675.52
ORD-010363,2026-07-01,North,Hardware,194.62
ORD-010364,2026-07-01,North,Accessories,30.49
ORD-010365,2026-07-01,North,Software,258.21
ORD-010366,2026-07-01,North,Software,182.15
ORD-010367,2026-07-01,North,Accessories,31.33
ORD-010368,2026-07-01,North,Software,139.42
ORD-010369,2026-07-01,North,Hardware,251.25
ORD-010370,2026-07-01,North,Hardware,1263.06
ORD-010371,2026-07-01,Central,Hardware,518.28
ORD-010372,2026-07-01,Central,Hardware,247.19
ORD-010373,2026-07-01,Central,Accessories,27.07
ORD-010374,2026-07-01,Central,Accessories,40.80
ORD-010375,2026-07-01,Central,Accessories,50.26
ORD-010376,2026-07-01,Central,Accessories,43.46
ORD-010377,2026-07-01,Central,Services,211.28
ORD-010378,2026-07-01,Central,Software,215.78
ORD-010379,2026-07-01,Central,Services,372.73
ORD-010380,2026-07-01,Central,Accessories,28.26
ORD-010381,2026-07-01,Central,Services,486.91
ORD-010382,2026-07-01,Central,Hardware,742.84
ORD-010383,2026-07-01,Central,Software,107.76
ORD-010384,2026-07-01,Central,Hardware,129.59
ORD-010385,2026-07-01,Central,Software,133.18
ORD-010386,2026-07-01,Central,Hardware,650.20
ORD-010387,2026-07-01,Central,Software,133.37
ORD-010388,2026-07-01,Central,Software,190.08
ORD-010389,2026-07-01,Central,Hardware,422.46
ORD-010390,2026-07-01,Central,Hardware,237.59
ORD-010391,2026-07-01,Central,Services,308.65
ORD-010392,2026-07-01,Central,Services,453.00
ORD-010393,2026-07-01,Central,Software,90.39
ORD-010394,2026-07-01,Central,Services,1198.77
ORD-010395,2026-07-01,Central,Hardware,335.65
ORD-010396,2026-07-01,Central,Software,208.26
ORD-010397,2026-07-01,Central,Accessories,68.97
ORD-010398,2026-07-01,Central,Accessories,73.67
ORD-010399,2026-07-01,Central,Services,350.06
ORD-010400,2026-07-01,Central,Hardware,333.93
ORD-010401,2026-07-01,Central,Services,348.58
ORD-010402,2026-07-01,Central,Software,120.46
ORD-010403,2026-07-01,Central,Hardware,149.73
ORD-010404,2026-07-01,Central,Hardware,344.90
ORD-010405,2026-07-01,Central,Hardware,74.31
ORD-010406,2026-07-01,Central,Services,402.91
ORD-010407,2026-07-01,Central,Software,113.71
ORD-010408,2026-07-01,Central,Services,1610.64
ORD-010409,2026-07-01,Central,Software,157.65
ORD-010410,2026-07-01,Central,Hardware,188.29
ORD-010411,2026-07-01,Central,Hardware,189.66
ORD-010412,2026-07-01,Central,Hardware,355.63
ORD-010413,2026-07-01,Central,Hardware,146.54
ORD-010414,2026-07-01,Central,Software,182.14
ORD-010415,2026-07-01,Central,Services,505.62
ORD-010416,2026-07-01,Central,Accessories,31.69
ORD-010417,2026-07-01,Central,Software,73.96
ORD-010418,2026-07-01,Central,Accessories,62.98
ORD-010419,2026-07-01,Central,Software,155.89
ORD-010420,2026-07-01,Central,Software,127.64
ORD-010421,2026-07-01,Central,Services,532.83
ORD-010422,2026-07-01,Central,Software,80.35
ORD-010423,2026-07-01,South,Software,210.15
ORD-010424,2026-07-01,South,Accessories,23.70
ORD-010425,2026-07-01,South,Software,256.26
ORD-010426,2026-07-01,South,Services,250.18
ORD-010427,2026-07-01,South,Services,252.66
ORD-010428,2026-07-01,South,Software,236.12
ORD-010429,2026-07-01,South,Hardware,391.01
ORD-010430,2026-07-01,South,Services,354.32
ORD-010431,2026-07-01,South,Services,825.52
ORD-010432,2026-07-01,South,Accessories,49.74
ORD-010433,2026-07-01,South,Accessories,31.95
ORD-010434,2026-07-01,South,Services,360.94
ORD-010435,2026-07-01,South,Hardware,411.83
ORD-010436,2026-07-01,South,Accessories,46.14
ORD-010437,2026-07-01,South,Services,1039.93
ORD-010438,2026-07-01,South,Services,486.50
ORD-010439,2026-07-01,South,Hardware,210.70
ORD-010440,2026-07-01,South,Software,138.60
ORD-010441,2026-07-01,South,Services,538.61
ORD-010442,2026-07-01,South,Hardware,312.50
ORD-010443,2026-07-01,South,Software,129.48
ORD-010444,2026-07-01,South,Hardware,181.80
ORD-010445,2026-07-01,South,Hardware,593.06
ORD-010446,2026-07-01,South,Software,126.40
ORD-010447,2026-07-01,South,Hardware,164.44
ORD-010448,2026-07-01,South,Hardware,136.94
ORD-010449,2026-07-01,South,Services,514.02
ORD-010450,2026-07-01,South,Hardware,337.62
ORD-010451,2026-07-01,South,Accessories,22.02
ORD-010452,2026-07-01,South,Software,44.97
ORD-010453,2026-07-02,North,Accessories,51.84
ORD-010454,2026-07-02,North,Services,758.74
ORD-010455,2026-07-02,North,Hardware,345.29
ORD-010456,2026-07-02,North,Accessories,39.65
ORD-010457,2026-07-02,North,Accessories,14.42
ORD-010458,2026-07-02,North,Accessories,22.31
ORD-010459,2026-07-02,North,Software,147.65
ORD-010460,2026-07-02,North,Accessories,21.61
ORD-010461,2026-07-02,North,Accessories,48.17
ORD-010462,2026-07-02,North,Software,463.40
ORD-010463,2026-07-02,North,Accessories,32.77
ORD-010464,2026-07-02,North,Software,140.93
ORD-010465,2026-07-02,North,Software,258.31
ORD-010466,2026-07-02,North,Accessories,48.41
ORD-010467,2026-07-02,North,Accessories,57.58
ORD-010468,2026-07-02,North,Accessories,59.33
ORD-010469,2026-07-02,North,Hardware,633.26
ORD-010470,2026-07-02,North,Software,122.95
ORD-010471,2026-07-02,North,Software,161.81
ORD-010472,2026-07-02,North,Services,417.65
ORD-010473,2026-07-02,North,Services,856.21
ORD-010474,2026-07-02,North,Hardware,564.46
ORD-010475,2026-07-02,North,Accessories,32.27
ORD-010476,2026-07-02,North,Accessories,22.63
ORD-010477,2026-07-02,North,Software,167.84
ORD-010478,2026-07-02,North,Hardware,192.25
ORD-010479,2026-07-02,North,Accessories,22.34
ORD-010480,2026-07-02,North,Services,376.71
ORD-010481,2026-07-02,North,Services,484.57
ORD-010482,2026-07-02,North,Hardware,235.12
ORD-010483,2026-07-02,North,Services,691.28
ORD-010484,2026-07-02,North,Accessories,46.00
ORD-010485,2026-07-02,North,Hardware,489.78
ORD-010486,2026-07-02,North,Accessories,61.22
ORD-010487,2026-07-02,North,Accessories,71.63
ORD-010488,2026-07-02,North,Hardware,405.76
ORD-010489,2026-07-02,North,Accessories,50.98
ORD-010490,2026-07-02,North,Accessories,37.56
ORD-010491,2026-07-02,North,Hardware,210.17
ORD-010492,2026-07-02,North,Hardware,605.46
ORD-010493,2026-07-02,North,,38.37
ORD-010494,2026-07-02,North,Hardware,267.18
ORD-010495,2026-07-02,North,Services,481.88
ORD-010496,2026-07-02,North,Services,473.99
ORD-010497,2026-07-02,North,Services,346.62
ORD-010498,2026-07-02,North,Hardware,302.00
ORD-010499,2026-07-02,North,Services,1503.50
ORD-010500,2026-07-02,Central,Software,141.53
ORD-010501,2026-07-02,Central,Accessories,32.22
ORD-010502,2026-07-02,Central,Services,691.56
ORD-010503,2026-07-02,Central,Hardware,331.85
ORD-010504,2026-07-02,Central,Software,551.53
ORD-010505,2026-07-02,Central,Software,145.86
ORD-010506,2026-07-02,Central,Hardware,178.41
ORD-010507,2026-07-02,Central,Accessories,16.40
ORD-010508,2026-07-02,Central,Software,197.72
ORD-010509,2026-07-02,Central,Accessories,30.95
ORD-010510,2026-07-02,Central,Software,158.60
ORD-010511,2026-07-02,Central,Hardware,220.48
ORD-010512,2026-07-02,Central,Hardware,432.80
ORD-010513,2026-07-02,Central,Services,560.65
ORD-010514,2026-07-02,Central,Accessories,47.84
ORD-010515,2026-07-02,Central,Accessories,71.45
ORD-010516,2026-07-02,Central,Hardware,262.11
ORD-010517,2026-07-02,Central,Software,227.58
ORD-010518,2026-07-02,Central,Software,223.72
ORD-010519,2026-07-02,Central,Software,222.82
ORD-010520,2026-07-02,Central,Accessories,75.35
ORD-010521,2026-07-02,Central,Hardware,342.43
ORD-010522,2026-07-02,Central,Hardware,174.30
ORD-010523,2026-07-02,Central,Accessories,53.07
ORD-010524,2026-07-02,Central,Accessories,33.98
ORD-010525,2026-07-02,Central,Hardware,176.33
ORD-010526,2026-07-02,Central,Software,75.65
ORD-010527,2026-07-02,Central,Services,354.74
ORD-010528,2026-07-02,Central,Accessories,29.85
ORD-010529,2026-07-02,Central,Software,99.01
ORD-010530,2026-07-02,Central,Services,749.81
ORD-010531,2026-07-02,Central,Services,1588.52
ORD-010532,2026-07-02,Central,Software,126.21
ORD-010533,2026-07-02,Central,Services,436.13
ORD-010534,2026-07-02,Central,,787.62
ORD-010535,2026-07-02,Central,Accessories,20.33
ORD-010536,2026-07-02,Central,Hardware,183.08
ORD-010537,2026-07-02,Central,Services,422.28
ORD-010538,2026-07-02,Central,Software,307.17
ORD-010539,2026-07-02,Central,Accessories,43.98
ORD-010540,2026-07-02,Central,Hardware,540.02
ORD-010541,2026-07-02,Central,Hardware,560.55
ORD-010542,2026-07-02,Central,Hardware,210.64
ORD-010543,2026-07-02,Central,Software,102.88
ORD-010544,2026-07-02,Central,Accessories,73.41
ORD-010545,2026-07-02,Central,Software,176.61
ORD-010546,2026-07-02,Central,Accessories,26.91
ORD-010547,2026-07-02,South,Hardware,233.00
ORD-010548,2026-07-02,South,Services,493.07
ORD-010549,2026-07-02,South,Hardware,201.19
ORD-010550,2026-07-02,South,Services,407.68
ORD-010551,2026-07-02,South,Software,222.54
ORD-010552,2026-07-02,South,Software,79.70
ORD-010553,2026-07-02,South,Hardware,234.29
ORD-010554,2026-07-02,South,Accessories,29.48
ORD-010555,2026-07-02,South,Software,168.14
ORD-010556,2026-07-02,South,Services,408.52
ORD-010557,2026-07-02,South,Hardware,471.70
ORD-010558,2026-07-02,South,Software,141.11
ORD-010559,2026-07-02,South,Services,763.77
ORD-010560,2026-07-02,South,Software,54.39
ORD-010561,2026-07-02,South,Services,624.83
ORD-010562,2026-07-02,South,Hardware,612.43
ORD-010563,2026-07-02,South,Accessories,39.23
ORD-010564,2026-07-02,South,Software,41.83
ORD-010565,2026-07-02,South,Services,883.87
ORD-010566,2026-07-02,South,Accessories,32.73
ORD-010567,2026-07-02,South,Accessories,21.09
ORD-010568,2026-07-02,South,,61.22
ORD-010569,2026-07-02,South,Hardware,209.32
ORD-010570,2026-07-02,South,Software,70.11
ORD-010571,2026-07-02,South,Hardware,842.68
ORD-010572,2026-07-02,South,Software,50.44
ORD-010573,2026-07-02,South,Services,960.83
ORD-010574,2026-07-02,South,Software,120.91
ORD-010575,2026-07-02,South,Software,257.94
ORD-010576,2026-07-02,South,Software,82.03
ORD-010577,2026-07-02,South,Hardware,417.76
ORD-010578,2026-07-03,North,Hardware,213.56
ORD-010579,2026-07-03,North,Software,62.32
ORD-010580,2026-07-03,North,Hardware,306.97
ORD-010581,2026-07-03,North,Accessories,75.46
ORD-010582,2026-07-03,North,Accessories,20.79
ORD-010583,2026-07-03,North,Hardware,508.01
ORD-010584,2026-07-03,North,Accessories,118.97
ORD-010585,2026-07-03,North,Software,104.36
ORD-010586,2026-07-03,North,Accessories,31.80
ORD-010587,2026-07-03,North,Hardware,281.04
ORD-010588,2026-07-03,North,Hardware,490.40
ORD-010589,2026-07-03,North,Hardware,446.65
ORD-010590,2026-07-03,North,Software,107.23
ORD-010591,2026-07-03,North,Hardware,220.46
ORD-010592,2026-07-03,North,Software,414.66
ORD-010593,2026-07-03,North,Services,272.32
ORD-010594,2026-07-03,North,Services,968.30
ORD-010595,2026-07-03,North,Hardware,180.92
ORD-010596,2026-07-03,North,Services,430.01
ORD-010597,2026-07-03,North,Hardware,157.51
ORD-010598,2026-07-03,North,Software,204.83
ORD-010599,2026-07-03,North,Services,330.67
ORD-010600,2026-07-03,North,Hardware,253.68
ORD-010601,2026-07-03,North,Accessories,30.78
ORD-010602,2026-07-03,North,Hardware,783.06
ORD-010603,2026-07-03,North,Accessories,49.27
ORD-010604,2026-07-03,North,Software,495.23
ORD-010605,2026-07-03,North,Services,1192.87
ORD-010606,2026-07-03,North,Services,542.93
ORD-010607,2026-07-03,North,Accessories,32.89
ORD-010608,2026-07-03,North,Services,723.81
ORD-010609,2026-07-03,North,Software,76.50
ORD-010610,2026-07-03,North,Services,386.78
ORD-010611,2026-07-03,North,Services,459.16
ORD-010612,2026-07-03,North,Hardware,164.43
ORD-010613,2026-07-03,North,Accessories,32.81
ORD-010614,2026-07-03,North,Hardware,143.37
ORD-010615,2026-07-03,North,,196.38
ORD-010616,2026-07-03,North,Accessories,32.96
ORD-010617,2026-07-03,North,Accessories,33.58
ORD-010618,2026-07-03,North,Accessories,20.58
ORD-010619,2026-07-03,North,Software,153.72
ORD-010620,2026-07-03,North,Software,153.81
ORD-010621,2026-07-03,North,Accessories,30.94
ORD-010622,2026-07-03,North,Accessories,39.45
ORD-010623,2026-07-03,North,Hardware,817.48
ORD-010624,2026-07-03,Central,Accessories,56.26
ORD-010625,2026-07-03,Central,Accessories,124.59
ORD-010626,2026-07-03,Central,Software,70.74
ORD-010627,2026-07-03,Central,Accessories,46.47
ORD-010628,2026-07-03,Central,Services,1970.84
ORD-010629,2026-07-03,Central,Accessories,24.35
ORD-010630,2026-07-03,Central,Accessories,26.65
ORD-010631,2026-07-03,Central,Software,129.47
ORD-010632,2026-07-03,Central,Hardware,816.43
ORD-010633,2026-07-03,Central,Software,167.68
ORD-010634,2026-07-03,Central,Hardware,357.36
ORD-010635,2026-07-03,Central,Accessories,43.93
ORD-010636,2026-07-03,Central,Hardware,206.54
ORD-010637,2026-07-03,Central,Hardware,420.12
ORD-010638,2026-07-03,Central,Software,59.44
ORD-010639,2026-07-03,Central,Accessories,26.01
ORD-010640,2026-07-03,Central,Software,227.48
ORD-010641,2026-07-03,Central,Software,88.80
ORD-010642,2026-07-03,Central,Hardware,409.35
ORD-010643,2026-07-03,Central,Hardware,310.53
ORD-010644,2026-07-03,Central,Software,130.23
ORD-010645,2026-07-03,Central,Services,1746.08
ORD-010646,2026-07-03,Central,Services,836.58
ORD-010647,2026-07-03,Central,Hardware,461.15
ORD-010648,2026-07-03,Central,Accessories,52.48
ORD-010649,2026-07-03,Central,Services,376.67
ORD-010650,2026-07-03,Central,Accessories,63.51
ORD-010651,2026-07-03,Central,Services,1255.29
ORD-010652,2026-07-03,Central,Accessories,11.55
ORD-010653,2026-07-03,Central,Accessories,67.04
ORD-010654,2026-07-03,Central,Software,130.28
ORD-010655,2026-07-03,Central,Services,758.51
ORD-010656,2026-07-03,Central,Accessories,58.81
ORD-010657,2026-07-03,Central,Hardware,150.20
ORD-010658,2026-07-03,Central,Services,582.95
ORD-010659,2026-07-03,Central,Hardware,352.46
ORD-010660,2026-07-03,Central,Hardware,509.43
ORD-010661,2026-07-03,Central,Services,393.65
ORD-010662,2026-07-03,Central,Hardware,173.18
ORD-010663,2026-07-03,Central,Services,736.28
ORD-010664,2026-07-03,Central,Accessories,34.53
ORD-010665,2026-07-03,Central,Hardware,269.43
ORD-010666,2026-07-03,Central,Accessories,57.85
ORD-010667,2026-07-03,Central,Hardware,313.61
ORD-010668,2026-07-03,Central,Software,131.42
ORD-010669,2026-07-03,Central,Accessories,31.67
ORD-010670,2026-07-03,Central,Services,267.70
ORD-010671,2026-07-03,Central,Accessories,11.58
ORD-010672,2026-07-03,Central,Hardware,325.74
ORD-010673,2026-07-03,Central,Services,550.37
ORD-010674,2026-07-03,Central,Services,409.01
ORD-010675,2026-07-03,Central,Hardware,110.41
ORD-010676,2026-07-03,South,Hardware,245.64
ORD-010677,2026-07-03,South,Hardware,276.61
ORD-010678,2026-07-03,South,Hardware,284.86
ORD-010679,2026-07-03,South,Services,698.21
ORD-010680,2026-07-03,South,Hardware,437.66
ORD-010681,2026-07-03,South,Software,129.46
ORD-010682,2026-07-03,South,Software,196.21
ORD-010683,2026-07-03,South,Services,698.95
ORD-010684,2026-07-03,South,Accessories,29.29
ORD-010685,2026-07-03,South,Hardware,495.15
ORD-010686,2026-07-03,South,Hardware,231.14
ORD-010687,2026-07-03,South,Services,437.56
ORD-010688,2026-07-03,South,Accessories,28.17
ORD-010689,2026-07-03,South,Software,146.20
ORD-010690,2026-07-03,South,Software,110.24
ORD-010691,2026-07-03,South,Hardware,300.46
ORD-010692,2026-07-03,South,Services,233.67
ORD-010693,2026-07-03,South,Services,286.21
ORD-010694,2026-07-03,South,Software,307.26
ORD-010695,2026-07-04,North,Software,188.31
ORD-010696,2026-07-04,North,Hardware,530.38
ORD-010697,2026-07-04,North,Software,29.92
ORD-010698,2026-07-04,North,Accessories,34.18
ORD-010699,2026-07-04,North,Software,315.28
ORD-010700,2026-07-04,North,Accessories,96.71
ORD-010701,2026-07-04,North,Software,213.39
ORD-010702,2026-07-04,North,Accessories,32.81
ORD-010703,2026-07-04,North,Hardware,254.97
ORD-010704,2026-07-04,North,Accessories,59.85
ORD-010705,2026-07-04,North,Hardware,336.45
ORD-010706,2026-07-04,North,Accessories,39.37
ORD-010707,2026-07-04,North,Software,155.14
ORD-010708,2026-07-04,North,Services,789.55
ORD-010709,2026-07-04,North,Software,219.28
ORD-010710,2026-07-04,North,Hardware,207.35
ORD-010711,2026-07-04,North,Software,226.42
ORD-010712,2026-07-04,North,Software,239.02
ORD-010713,2026-07-04,North,Hardware,227.94
ORD-010714,2026-07-04,North,Software,119.54
ORD-010715,2026-07-04,North,Accessories,59.69
ORD-010716,2026-07-04,North,Software,159.27
ORD-010717,2026-07-04,North,Hardware,161.54
ORD-010718,2026-07-04,North,Accessories,22.85
ORD-010719,2026-07-04,North,Services,1522.89
ORD-010720,2026-07-04,North,Services,593.00
ORD-010721,2026-07-04,North,Hardware,545.84
ORD-010722,2026-07-04,North,Services,647.00
ORD-010723,2026-07-04,North,Software,554.03
ORD-010724,2026-07-04,North,Hardware,257.30
ORD-010725,2026-07-04,North,Hardware,868.10
ORD-010726,2026-07-04,Central,Services,776.06
ORD-010727,2026-07-04,Central,Software,102.05
ORD-010728,2026-07-04,Central,Hardware,370.09
ORD-010729,2026-07-04,Central,Software,261.29
ORD-010730,2026-07-04,Central,Hardware,706.58
ORD-010731,2026-07-04,Central,Hardware,234.83
ORD-010732,2026-07-04,Central,Hardware,285.70
ORD-010733,2026-07-04,Central,Software,114.61
ORD-010734,2026-07-04,Central,Accessories,41.58
ORD-010735,2026-07-04,Central,Software,136.20
ORD-010736,2026-07-04,Central,Accessories,103.82
ORD-010737,2026-07-04,Central,Hardware,280.17
ORD-010738,2026-07-04,Central,Hardware,257.90
ORD-010739,2026-07-04,Central,Software,168.70
ORD-010740,2026-07-04,Central,Accessories,57.15
ORD-010741,2026-07-04,Central,Hardware,644.53
ORD-010742,2026-07-04,Central,Accessories,31.14
ORD-010743,2026-07-04,Central,Software,80.90
ORD-010744,2026-07-04,Central,Software,92.89
ORD-010745,2026-07-04,Central,Accessories,13.07
ORD-010746,2026-07-04,Central,Hardware,466.93
ORD-010747,2026-07-04,Central,Software,99.48
ORD-010748,2026-07-04,Central,Accessories,111.69
ORD-010749,2026-07-04,Central,Software,136.31
ORD-010750,2026-07-04,Central,Accessories,45.62
ORD-010751,2026-07-04,Central,Software,38.37
ORD-010752,2026-07-04,Central,Accessories,10.77
ORD-010753,2026-07-04,Central,Hardware,230.19
ORD-010754,2026-07-04,Central,Hardware,555.02
ORD-010755,2026-07-04,Central,Software,182.75
ORD-010756,2026-07-04,Central,Software,287.35
ORD-010757,2026-07-04,Central,Software,160.72
ORD-010758,2026-07-04,Central,Accessories,26.99
ORD-010759,2026-07-04,Central,Services,669.52
ORD-010760,2026-07-04,South,Accessories,34.52
ORD-010761,2026-07-04,South,Accessories,107.40
ORD-010762,2026-07-04,South,Software,48.40
ORD-010763,2026-07-04,South,Services,890.75
ORD-010764,2026-07-04,South,Hardware,435.94
ORD-010765,2026-07-04,South,Services,194.70
ORD-010766,2026-07-04,South,Services,295.64
ORD-010767,2026-07-04,South,Accessories,44.36
ORD-010768,2026-07-04,South,Services,440.96
ORD-010769,2026-07-04,South,Accessories,70.34
ORD-010770,2026-07-04,South,Accessories,15.64
ORD-010771,2026-07-04,South,Software,131.12
ORD-010772,2026-07-04,South,Accessories,33.20
ORD-010773,2026-07-04,South,Software,307.90
ORD-010774,2026-07-04,South,Software,346.28
ORD-010775,2026-07-04,South,Hardware,285.26
ORD-010776,2026-07-04,South,Hardware,421.05
ORD-010777,2026-07-04,South,Services,524.73
ORD-010778,2026-07-04,South,Hardware,329.45
ORD-010779,2026-07-04,South,Hardware,158.72
ORD-010780,2026-07-04,South,Hardware,165.81
ORD-010781,2026-07-04,South,Software,181.45
ORD-010782,2026-07-04,South,Hardware,279.54
ORD-010783,2026-07-04,South,Accessories,114.68
ORD-010784,2026-07-04,South,Software,173.01
ORD-010785,2026-07-04,South,Services,701.39
ORD-010786,2026-07-05,North,Hardware,185.66
ORD-010787,2026-07-05,North,Hardware,370.56
ORD-010788,2026-07-05,North,Services,449.25
ORD-010789,2026-07-05,North,Software,228.38
ORD-010790,2026-07-05,North,Accessories,21.45
ORD-010791,2026-07-05,North,Hardware,251.42
ORD-010792,2026-07-05,North,Hardware,563.57
ORD-010793,2026-07-05,North,Accessories,73.00
ORD-010794,2026-07-05,North,Accessories,31.76
ORD-010795,2026-07-05,North,Software,76.32
ORD-010796,2026-07-05,North,Hardware,125.53
ORD-010797,2026-07-05,North,Services,1200.99
ORD-010798,2026-07-05,North,Accessories,45.43
ORD-010799,2026-07-05,North,Services,177.75
ORD-010800,2026-07-05,North,Hardware,378.65
ORD-010801,2026-07-05,North,Accessories,55.99
ORD-010802,2026-07-05,North,Software,109.83
ORD-010803,2026-07-05,North,Software,60.18
ORD-010804,2026-07-05,North,Software,109.65
ORD-010805,2026-07-05,North,Services,783.25
ORD-010806,2026-07-05,North,Hardware,154.86
ORD-010807,2026-07-05,North,Accessories,30.92
ORD-010808,2026-07-05,North,Hardware,443.46
ORD-010809,2026-07-05,North,Accessories,18.02
ORD-010810,2026-07-05,North,Accessories,23.81
ORD-010811,2026-07-05,North,Hardware,165.86
ORD-010812,2026-07-05,North,Hardware,462.75
ORD-010813,2026-07-05,North,Accessories,51.12
ORD-010814,2026-07-05,North,Hardware,463.04
ORD-010815,2026-07-05,North,Accessories,31.67
ORD-010816,2026-07-05,North,Services,1369.82
ORD-010817,2026-07-05,North,Hardware,101.09
ORD-010818,2026-07-05,North,Accessories,38.57
ORD-010819,2026-07-05,North,Services,1596.59
ORD-010820,2026-07-05,North,Software,97.86
ORD-010821,2026-07-05,North,Software,385.77
ORD-010822,2026-07-05,North,Services,351.83
ORD-010823,2026-07-05,North,Services,588.04
ORD-010824,2026-07-05,North,Hardware,368.60
ORD-010825,2026-07-05,North,Services,172.30
ORD-010826,2026-07-05,North,Hardware,402.18
ORD-010827,2026-07-05,North,Hardware,454.24
ORD-010828,2026-07-05,North,Services,796.64
ORD-010829,2026-07-05,North,Hardware,352.20
ORD-010830,2026-07-05,North,Software,143.93
ORD-010831,2026-07-05,North,Software,88.94
ORD-010832,2026-07-05,North,Hardware,475.73
ORD-010833,2026-07-05,North,Software,120.16
ORD-010834,2026-07-05,North,Services,673.17
ORD-010835,2026-07-05,Central,Hardware,389.47
ORD-010836,2026-07-05,Central,Hardware,131.19
ORD-010837,2026-07-05,Central,Software,92.49
ORD-010838,2026-07-05,Central,Software,176.61
ORD-010839,2026-07-05,Central,Accessories,27.87
ORD-010840,2026-07-05,Central,Services,310.63
ORD-010841,2026-07-05,Central,Services,619.80
ORD-010842,2026-07-05,Central,Hardware,196.37
ORD-010843,2026-07-05,Central,Software,81.16
ORD-010844,2026-07-05,Central,Hardware,521.04
ORD-010845,2026-07-05,Central,Services,994.83
ORD-010846,2026-07-05,Central,Software,555.63
ORD-010847,2026-07-05,Central,Accessories,14.12
ORD-010848,2026-07-05,Central,Hardware,648.43
ORD-010849,2026-07-05,Central,Services,961.05
ORD-010850,2026-07-05,Central,Hardware,123.85
ORD-010851,2026-07-05,Central,Hardware,628.96
ORD-010852,2026-07-05,Central,Accessories,35.31
ORD-010853,2026-07-05,Central,Hardware,220.16
ORD-010854,2026-07-05,Central,,16.48
ORD-010855,2026-07-05,Central,Accessories,19.47
ORD-010856,2026-07-05,Central,Services,900.38
ORD-010857,2026-07-05,Central,Accessories,15.09
ORD-010858,2026-07-05,Central,Accessories,23.02
ORD-010859,2026-07-05,Central,Hardware,339.11
ORD-010860,2026-07-05,Central,Software,276.72
ORD-010861,2026-07-05,Central,Services,420.34
ORD-010862,2026-07-05,Central,Accessories,34.87
ORD-010863,2026-07-05,Central,Software,20.88
ORD-010864,2026-07-05,Central,Software,205.64
ORD-010865,2026-07-05,Central,Services,373.48
ORD-010866,2026-07-05,Central,Services,447.92
ORD-010867,2026-07-05,Central,Accessories,23.42
ORD-010868,2026-07-05,Central,Services,1025.92
ORD-010869,2026-07-05,Central,Hardware,584.29
ORD-010870,2026-07-05,Central,Services,446.69
ORD-010871,2026-07-05,South,Services,326.72
ORD-010872,2026-07-05,South,Software,102.67
ORD-010873,2026-07-05,South,Hardware,276.13
ORD-010874,2026-07-05,South,Software,245.40
ORD-010875,2026-07-05,South,Accessories,16.66
ORD-010876,2026-07-05,South,Hardware,353.93
ORD-010877,2026-07-05,South,Software,721.69
ORD-010878,2026-07-05,South,Software,128.39
ORD-010879,2026-07-05,South,Hardware,225.88
ORD-010880,2026-07-05,South,Services,1932.23
ORD-010881,2026-07-05,South,Accessories,25.47
ORD-010882,2026-07-05,South,Hardware,137.60
ORD-010883,2026-07-05,South,Services,445.70
ORD-010884,2026-07-05,South,Accessories,62.00
ORD-010885,2026-07-05,South,Software,159.17
ORD-010886,2026-07-05,South,Accessories,19.29
ORD-010887,2026-07-05,South,Hardware,269.70
ORD-010888,2026-07-05,South,Accessories,59.43
ORD-010889,2026-07-05,South,Services,411.87
ORD-010890,2026-07-06,North,Accessories,25.68
ORD-010891,2026-07-06,North,Hardware,173.50
ORD-010892,2026-07-06,North,Hardware,206.36
ORD-010893,2026-07-06,North,Hardware,195.62
ORD-010894,2026-07-06,North,Hardware,249.32
ORD-010895,2026-07-06,North,Services,242.48
ORD-010896,2026-07-06,North,Hardware,184.50
ORD-010897,2026-07-06,North,Hardware,171.61
ORD-010898,2026-07-06,North,Software,531.70
ORD-010899,2026-07-06,North,Hardware,337.93
ORD-010900,2026-07-06,North,Software,51.79
ORD-010901,2026-07-06,North,Hardware,551.75
ORD-010902,2026-07-06,North,Services,383.67
ORD-010903,2026-07-06,North,Software,105.38
ORD-010904,2026-07-06,North,Hardware,326.13
ORD-010905,2026-07-06,North,Accessories,36.95
ORD-010906,2026-07-06,North,Accessories,14.51
ORD-010907,2026-07-06,North,Software,372.65
ORD-010908,2026-07-06,North,Hardware,234.67
ORD-010909,2026-07-06,North,Accessories,33.14
ORD-010910,2026-07-06,North,Software,193.05
ORD-010911,2026-07-06,North,Hardware,217.20
ORD-010912,2026-07-06,North,Hardware,235.77
ORD-010913,2026-07-06,North,Services,495.40
ORD-010914,2026-07-06,North,Services,923.37
ORD-010915,2026-07-06,North,Software,110.03
ORD-010916,2026-07-06,North,Accessories,25.14
ORD-010917,2026-07-06,North,Accessories,104.54
ORD-010918,2026-07-06,North,Hardware,209.23
ORD-010919,2026-07-06,North,Hardware,227.64
ORD-010920,2026-07-06,North,Hardware,612.34
ORD-010921,2026-07-06,North,Hardware,358.57
ORD-010922,2026-07-06,North,Hardware,285.75
ORD-010923,2026-07-06,North,Accessories,18.87
ORD-010924,2026-07-06,North,Software,194.78
ORD-010925,2026-07-06,North,Services,186.05
ORD-010926,2026-07-06,North,Software,93.82
ORD-010927,2026-07-06,North,Software,102.65
ORD-010928,2026-07-06,North,Accessories,42.47
ORD-010929,2026-07-06,North,Services,698.16
ORD-010930,2026-07-06,North,Hardware,261.55
ORD-010931,2026-07-06,North,Services,810.53
ORD-010932,2026-07-06,North,Hardware,367.95
ORD-010933,2026-07-06,North,Services,232.45
ORD-010934,2026-07-06,North,Software,71.21
ORD-010935,2026-07-06,North,Accessories,27.07
ORD-010936,2026-07-06,North,Services,735.88
ORD-010937,2026-07-06,North,Accessories,54.37
ORD-010938,2026-07-06,North,Accessories,59.43
ORD-010939,2026-07-06,North,Hardware,136.14
ORD-010940,2026-07-06,North,Hardware,1351.90
ORD-010941,2026-07-06,North,Accessories,49.36
ORD-010942,2026-07-06,North,Services,238.89
ORD-010943,2026-07-06,North,Software,120.83
ORD-010944,2026-07-06,North,Services,740.31
ORD-010945,2026-07-06,North,Hardware,431.69
ORD-010946,2026-07-06,North,Software,72.39
ORD-010947,2026-07-06,North,Services,478.44
ORD-010948,2026-07-06,North,Software,197.49
ORD-010949,2026-07-06,North,Software,206.06
ORD-010950,2026-07-06,North,Services,263.89
ORD-010951,2026-07-06,North,Hardware,225.92
ORD-010952,2026-07-06,Central,,68.56
ORD-010953,2026-07-06,Central,Services,473.25
ORD-010954,2026-07-06,Central,Hardware,309.49
ORD-010955,2026-07-06,Central,Hardware,217.85
ORD-010956,2026-07-06,Central,Accessories,27.89
ORD-010957,2026-07-06,Central,Services,906.60
ORD-010958,2026-07-06,Central,Accessories,25.33
ORD-010959,2026-07-06,Central,Hardware,275.82
ORD-010960,2026-07-06,Central,Hardware,489.69
ORD-010961,2026-07-06,Central,Accessories,27.34
ORD-010962,2026-07-06,Central,Software,97.98
ORD-010963,2026-07-06,Central,Accessories,42.63
ORD-010964,2026-07-06,Central,Accessories,46.11
ORD-010965,2026-07-06,Central,Software,23.95
ORD-010966,2026-07-06,Central,,25.79
ORD-010967,2026-07-06,Central,Hardware,144.00
ORD-010968,2026-07-06,Central,Hardware,421.37
ORD-010969,2026-07-06,Central,Services,546.73
ORD-010970,2026-07-06,Central,Hardware,339.11
ORD-010971,2026-07-06,Central,Software,117.84
ORD-010972,2026-07-06,Central,Software,121.81
ORD-010973,2026-07-06,Central,Services,651.73
ORD-010974,2026-07-06,Central,Software,179.95
ORD-010975,2026-07-06,Central,Services,408.27
ORD-010976,2026-07-06,Central,Hardware,267.51
ORD-010977,2026-07-06,Central,Software,161.16
ORD-010978,2026-07-06,Central,Hardware,253.91
ORD-010979,2026-07-06,Central,Services,354.20
ORD-010980,2026-07-06,Central,Services,1916.57
ORD-010981,2026-07-06,Central,Hardware,226.99
ORD-010982,2026-07-06,Central,Services,452.91
ORD-010983,2026-07-06,Central,Accessories,57.38
ORD-010984,2026-07-06,Central,Accessories,25.39
ORD-010985,2026-07-06,Central,Services,377.45
ORD-010986,2026-07-06,Central,Hardware,331.12
ORD-010987,2026-07-06,Central,Hardware,537.90
ORD-010988,2026-07-06,Central,Hardware,356.54
ORD-010989,2026-07-06,Central,Accessories,28.28
ORD-010990,2026-07-06,Central,Hardware,340.33
ORD-010991,2026-07-06,Central,Hardware,470.28
ORD-010992,2026-07-06,Central,Software,401.53
ORD-010993,2026-07-06,Central,Software,45.33
ORD-010994,2026-07-06,Central,Services,255.28
ORD-010995,2026-07-06,Central,Services,398.71
ORD-010996,2026-07-06,Central,Services,635.27
ORD-010997,2026-07-06,South,Accessories,22.40
ORD-010998,2026-07-06,South,Hardware,246.72
ORD-010999,2026-07-06,South,Accessories,47.05
ORD-011000,2026-07-06,South,Software,96.91
ORD-011001,2026-07-06,South,Software,245.13
ORD-011002,2026-07-06,South,Hardware,450.10
ORD-011003,2026-07-06,South,Services,476.83
ORD-011004,2026-07-06,South,Hardware,340.69
ORD-011005,2026-07-06,South,Software,67.00
ORD-011006,2026-07-06,South,Software,175.70
ORD-011007,2026-07-06,South,Accessories,58.54
ORD-011008,2026-07-06,South,Accessories,46.80
ORD-011009,2026-07-06,South,Accessories,17.80
ORD-011010,2026-07-06,South,Hardware,356.27
ORD-011011,2026-07-06,South,Accessories,123.86
ORD-011012,2026-07-06,South,Services,317.73
ORD-011013,2026-07-06,South,Software,92.56
ORD-011014,2026-07-06,South,Accessories,50.17
ORD-011015,2026-07-06,South,Software,137.73
ORD-011016,2026-07-06,South,Software,98.08
ORD-011017,2026-07-06,South,Services,424.75
ORD-011018,2026-07-06,South,,172.97
ORD-011019,2026-07-06,South,Services,664.30
ORD-011020,2026-07-06,South,Software,155.69
ORD-011021,2026-07-06,South,Accessories,35.97
ORD-011022,2026-07-06,South,Hardware,451.88
ORD-011023,2026-07-06,South,Software,102.95
ORD-011024,2026-07-06,South,Software,166.28
ORD-011025,2026-07-06,South,Software,47.02
ORD-011026,2026-07-07,North,Accessories,23.46
ORD-011027,2026-07-07,North,Accessories,60.74
ORD-011028,2026-07-07,North,Services,968.74
ORD-011029,2026-07-07,North,Services,229.02
ORD-011030,2026-07-07,North,Services,673.64
ORD-011031,2026-07-07,North,Hardware,289.96
ORD-011032,2026-07-07,North,Services,864.38
ORD-011033,2026-07-07,North,Hardware,445.08
ORD-011034,2026-07-07,North,Services,797.06
ORD-011035,2026-07-07,North,Software,162.42
ORD-011036,2026-07-07,North,Services,291.24
ORD-011037,2026-07-07,North,Services,1570.19
ORD-011038,2026-07-07,North,Software,161.37
ORD-011039,2026-07-07,North,Hardware,212.39
ORD-011040,2026-07-07,North,Accessories,12.35
ORD-011041,2026-07-07,North,Accessories,49.89
ORD-011042,2026-07-07,North,Accessories,28.59
ORD-011043,2026-07-07,North,Services,1033.59
ORD-011044,2026-07-07,North,Accessories,28.12
ORD-011045,2026-07-07,North,Software,76.73
ORD-011046,2026-07-07,North,Accessories,36.27
ORD-011047,2026-07-07,North,Software,193.19
ORD-011048,2026-07-07,North,Services,666.21
ORD-011049,2026-07-07,North,Hardware,743.86
ORD-011050,2026-07-07,North,Hardware,427.83
ORD-011051,2026-07-07,North,Software,166.53
ORD-011052,2026-07-07,North,Software,302.91
ORD-011053,2026-07-07,North,Accessories,26.34
ORD-011054,2026-07-07,North,Hardware,673.23
ORD-011055,2026-07-07,North,Hardware,229.03
ORD-011056,2026-07-07,North,Software,268.48
ORD-011057,2026-07-07,North,Services,997.32
ORD-011058,2026-07-07,North,Software,224.89
ORD-011059,2026-07-07,North,Services,564.39
ORD-011060,2026-07-07,North,Accessories,40.74
ORD-011061,2026-07-07,North,Hardware,525.54
ORD-011062,2026-07-07,Central,Software,145.34
ORD-011063,2026-07-07,Central,Services,1293.03
ORD-011064,2026-07-07,Central,Accessories,14.74
ORD-011065,2026-07-07,Central,Services,1321.84
ORD-011066,2026-07-07,Central,Accessories,16.88
ORD-011067,2026-07-07,Central,Accessories,58.08
ORD-011068,2026-07-07,Central,Accessories,18.81
ORD-011069,2026-07-07,Central,Software,232.58
ORD-011070,2026-07-07,Central,Software,88.29
ORD-011071,2026-07-07,Central,,212.01
ORD-011072,2026-07-07,Central,Services,459.86
ORD-011073,2026-07-07,Central,Software,118.89
ORD-011074,2026-07-07,Central,Services,527.64
ORD-011075,2026-07-07,Central,Hardware,286.98
ORD-011076,2026-07-07,Central,Software,178.29
ORD-011077,2026-07-07,Central,Software,56.62
ORD-011078,2026-07-07,Central,Hardware,268.34
ORD-011079,2026-07-07,Central,Accessories,42.31
ORD-011080,2026-07-07,Central,Software,221.01
ORD-011081,2026-07-07,Central,Software,360.31
ORD-011082,2026-07-07,Central,Hardware,289.31
ORD-011083,2026-07-07,Central,Hardware,334.92
ORD-011084,2026-07-07,Central,Hardware,274.28
ORD-011085,2026-07-07,Central,Software,276.24
ORD-011086,2026-07-07,Central,Hardware,188.86
ORD-011087,2026-07-07,Central,Software,123.87
ORD-011088,2026-07-07,Central,Software,108.71
ORD-011089,2026-07-07,Central,Accessories,43.83
ORD-011090,2026-07-07,Central,Software,61.68
ORD-011091,2026-07-07,Central,Accessories,27.52
ORD-011092,2026-07-07,Central,Services,530.56
ORD-011093,2026-07-07,Central,Services,188.32
ORD-011094,2026-07-07,Central,Accessories,26.70
ORD-011095,2026-07-07,Central,Hardware,248.85
ORD-011096,2026-07-07,Central,Services,184.74
ORD-011097,2026-07-07,Central,Accessories,41.55
ORD-011098,2026-07-07,Central,Services,1181.07
ORD-011099,2026-07-07,Central,Accessories,36.86
ORD-011100,2026-07-07,Central,Services,704.40
ORD-011101,2026-07-07,Central,Software,543.41
ORD-011102,2026-07-07,Central,Software,123.26
ORD-011103,2026-07-07,Central,Software,139.56
ORD-011104,2026-07-07,Central,Services,402.74
ORD-011105,2026-07-07,Central,Accessories,25.82
ORD-011106,2026-07-07,South,Accessories,32.00
ORD-011107,2026-07-07,South,Hardware,337.44
ORD-011108,2026-07-07,South,Services,569.06
ORD-011109,2026-07-07,South,Software,280.83
ORD-011110,2026-07-07,South,Services,364.21
ORD-011111,2026-07-07,South,Software,55.62
ORD-011112,2026-07-07,South,Accessories,29.57
ORD-011113,2026-07-07,South,Accessories,57.95
ORD-011114,2026-07-07,South,Hardware,167.93
ORD-011115,2026-07-07,South,Accessories,41.59
ORD-011116,2026-07-07,South,Hardware,526.53
ORD-011117,2026-07-07,South,Services,631.37
ORD-011118,2026-07-07,South,Services,874.40
ORD-011119,2026-07-07,South,Services,694.05
ORD-011120,2026-07-07,South,Hardware,195.66
ORD-011121,2026-07-07,South,Hardware,187.17
ORD-011122,2026-07-07,South,Hardware,300.98
ORD-011123,2026-07-07,South,Services,306.11
ORD-011124,2026-07-07,South,Hardware,623.13
ORD-011125,2026-07-07,South,Hardware,581.82
ORD-011126,2026-07-07,South,Accessories,129.26
ORD-011127,2026-07-07,South,Hardware,846.85
ORD-011128,2026-07-07,South,Accessories,34.26
ORD-011129,2026-07-07,South,Accessories,32.19
ORD-011130,2026-07-08,North,Services,560.59
ORD-011131,2026-07-08,North,Hardware,484.22
ORD-011132,2026-07-08,North,Accessories,15.48
ORD-011133,2026-07-08,North,Accessories,67.78
ORD-011134,2026-07-08,North,Software,144.73
ORD-011135,2026-07-08,North,Accessories,18.09
ORD-011136,2026-07-08,North,Accessories,20.30
ORD-011137,2026-07-08,North,Services,262.17
ORD-011138,2026-07-08,North,Software,58.69
ORD-011139,2026-07-08,North,Accessories,80.53
ORD-011140,2026-07-08,North,Hardware,358.57
ORD-011141,2026-07-08,North,Accessories,16.68
ORD-011142,2026-07-08,North,Accessories,78.00
ORD-011143,2026-07-08,North,Accessories,34.51
ORD-011144,2026-07-08,North,Software,534.60
ORD-011145,2026-07-08,North,Accessories,27.12
ORD-011146,2026-07-08,North,Hardware,278.50
ORD-011147,2026-07-08,North,Services,762.88
ORD-011148,2026-07-08,North,Accessories,49.19
ORD-011149,2026-07-08,North,Accessories,28.62
ORD-011150,2026-07-08,North,Services,233.44
ORD-011151,2026-07-08,North,Software,126.20
ORD-011152,2026-07-08,North,Software,121.18
ORD-011153,2026-07-08,North,Services,499.02
ORD-011154,2026-07-08,North,Hardware,559.38
ORD-011155,2026-07-08,North,Hardware,127.48
ORD-011156,2026-07-08,North,Hardware,468.78
ORD-011157,2026-07-08,North,,389.13
ORD-011158,2026-07-08,North,Accessories,34.96
ORD-011159,2026-07-08,North,Software,54.78
ORD-011160,2026-07-08,North,Hardware,624.07
ORD-011161,2026-07-08,North,Hardware,746.40
ORD-011162,2026-07-08,North,Services,258.60
ORD-011163,2026-07-08,North,Services,263.10
ORD-011164,2026-07-08,North,Accessories,10.95
ORD-011165,2026-07-08,North,Software,115.25
ORD-011166,2026-07-08,North,Software,119.23
ORD-011167,2026-07-08,North,,333.78
ORD-011168,2026-07-08,North,Software,40.93
ORD-011169,2026-07-08,North,Hardware,391.60
ORD-011170,2026-07-08,North,Services,930.08
ORD-011171,2026-07-08,North,Software,366.41
ORD-011172,2026-07-08,North,Hardware,524.96
ORD-011173,2026-07-08,North,Accessories,42.72
ORD-011174,2026-07-08,North,Services,1150.55
ORD-011175,2026-07-08,North,Hardware,212.81
ORD-011176,2026-07-08,North,Accessories,53.40
ORD-011177,2026-07-08,Central,Accessories,28.06
ORD-011178,2026-07-08,Central,Hardware,143.60
ORD-011179,2026-07-08,Central,Software,130.36
ORD-011180,2026-07-08,Central,Hardware,200.69
ORD-011181,2026-07-08,Central,Services,418.03
ORD-011182,2026-07-08,Central,Software,92.71
ORD-011183,2026-07-08,Central,Services,530.11
ORD-011184,2026-07-08,Central,Software,102.57
ORD-011185,2026-07-08,Central,Accessories,20.99
ORD-011186,2026-07-08,Central,Hardware,173.19
ORD-011187,2026-07-08,Central,Accessories,48.71
ORD-011188,2026-07-08,Central,Hardware,616.11
ORD-011189,2026-07-08,Central,Accessories,49.61
ORD-011190,2026-07-08,Central,Services,358.81
ORD-011191,2026-07-08,Central,Services,953.45
ORD-011192,2026-07-08,Central,Hardware,465.60
ORD-011193,2026-07-08,Central,Software,119.10
ORD-011194,2026-07-08,Central,Services,912.27
ORD-011195,2026-07-08,Central,Software,123.58
ORD-011196,2026-07-08,Central,Accessories,16.62
ORD-011197,2026-07-08,Central,Software,251.48
ORD-011198,2026-07-08,Central,Hardware,202.42
ORD-011199,2026-07-08,Central,Services,413.89
ORD-011200,2026-07-08,Central,Accessories,17.54
ORD-011201,2026-07-08,Central,Software,107.88
ORD-011202,2026-07-08,Central,Accessories,19.41
ORD-011203,2026-07-08,Central,Hardware,409.62
ORD-011204,2026-07-08,Central,Software,236.37
ORD-011205,2026-07-08,Central,Accessories,77.85
ORD-011206,2026-07-08,Central,Accessories,21.10
ORD-011207,2026-07-08,Central,Hardware,367.98
ORD-011208,2026-07-08,Central,Services,198.17
ORD-011209,2026-07-08,Central,Hardware,463.37
ORD-011210,2026-07-08,South,Services,368.17
ORD-011211,2026-07-08,South,Software,108.39
ORD-011212,2026-07-08,South,Accessories,71.80
ORD-011213,2026-07-08,South,Hardware,1575.15
ORD-011214,2026-07-08,South,Software,103.47
ORD-011215,2026-07-08,South,Software,222.02
ORD-011216,2026-07-08,South,Accessories,90.45
ORD-011217,2026-07-08,South,Hardware,686.03
ORD-011218,2026-07-08,South,Hardware,421.95
ORD-011219,2026-07-08,South,Hardware,307.39
ORD-011220,2026-07-08,South,Services,760.64
ORD-011221,2026-07-08,South,Accessories,93.73
ORD-011222,2026-07-08,South,Software,130.22
ORD-011223,2026-07-08,South,Software,113.79
ORD-011224,2026-07-08,South,Services,623.21
ORD-011225,2026-07-08,South,Accessories,32.25
ORD-011226,2026-07-08,South,Hardware,799.54
ORD-011227,2026-07-08,South,Software,79.33
ORD-011228,2026-07-08,South,Hardware,402.20
ORD-011229,2026-07-08,South,Accessories,43.82
ORD-011230,2026-07-08,South,Accessories,18.13
ORD-011231,2026-07-08,South,Software,182.51
ORD-011232,2026-07-08,South,Hardware,377.94
ORD-011233,2026-07-08,South,Services,708.89
ORD-011234,2026-07-08,South,Hardware,319.49
ORD-011235,2026-07-08,South,Accessories,47.02
ORD-011236,2026-07-08,South,,21.33
ORD-011237,2026-07-08,South,Services,612.77
ORD-011238,2026-07-09,North,Software,206.19
ORD-011239,2026-07-09,North,Services,294.57
ORD-011240,2026-07-09,North,Software,295.12
ORD-011241,2026-07-09,North,Software,356.31
ORD-011242,2026-07-09,North,Hardware,447.37
ORD-011243,2026-07-09,North,Software,187.15
ORD-011244,2026-07-09,North,Hardware,360.47
ORD-011245,2026-07-09,North,Services,350.92
ORD-011246,2026-07-09,North,Services,333.43
ORD-011247,2026-07-09,North,Hardware,338.31
ORD-011248,2026-07-09,North,Software,181.63
ORD-011249,2026-07-09,North,Services,524.77
ORD-011250,2026-07-09,North,Software,145.79
ORD-011251,2026-07-09,North,Software,220.21
ORD-011252,2026-07-09,North,,58.33
ORD-011253,2026-07-09,North,Software,290.53
ORD-011254,2026-07-09,North,Hardware,507.95
ORD-011255,2026-07-09,North,Software,180.12
ORD-011256,2026-07-09,North,Hardware,107.96
ORD-011257,2026-07-09,North,Accessories,48.91
ORD-011258,2026-07-09,North,Accessories,52.94
ORD-011259,2026-07-09,North,Software,292.94
ORD-011260,2026-07-09,North,Accessories,43.25
ORD-011261,2026-07-09,North,Accessories,45.07
ORD-011262,2026-07-09,North,Hardware,588.24
ORD-011263,2026-07-09,North,Hardware,715.38
ORD-011264,2026-07-09,North,Accessories,68.03
ORD-011265,2026-07-09,North,Software,104.77
ORD-011266,2026-07-09,North,Hardware,202.10
ORD-011267,2026-07-09,North,Services,390.38
ORD-011268,2026-07-09,North,Software,164.62
ORD-011269,2026-07-09,North,Hardware,435.69
ORD-011270,2026-07-09,North,Services,192.50
ORD-011271,2026-07-09,North,Services,653.44
ORD-011272,2026-07-09,North,Hardware,366.62
ORD-011273,2026-07-09,North,Hardware,177.90
ORD-011274,2026-07-09,North,Accessories,29.60
ORD-011275,2026-07-09,North,Services,1081.30
ORD-011276,2026-07-09,North,Services,486.56
ORD-011277,2026-07-09,North,Accessories,44.23
ORD-011278,2026-07-09,North,Services,799.90
ORD-011279,2026-07-09,North,Accessories,63.55
ORD-011280,2026-07-09,North,Accessories,26.26
ORD-011281,2026-07-09,North,Services,1503.51
ORD-011282,2026-07-09,North,Software,88.66
ORD-011283,2026-07-09,North,Services,1113.32
ORD-011284,2026-07-09,North,Hardware,310.77
ORD-011285,2026-07-09,North,Accessories,60.88
ORD-011286,2026-07-09,North,Accessories,54.05
ORD-011287,2026-07-09,Central,Software,189.88
ORD-011288,2026-07-09,Central,Software,240.86
ORD-011289,2026-07-09,Central,Accessories,20.17
ORD-011290,2026-07-09,Central,Services,179.08
ORD-011291,2026-07-09,Central,Services,454.75
ORD-011292,2026-07-09,Central,Services,872.65
ORD-011293,2026-07-09,Central,Software,189.29
ORD-011294,2026-07-09,Central,Accessories,31.78
ORD-011295,2026-07-09,Central,Hardware,319.45
ORD-011296,2026-07-09,Central,Hardware,137.98
ORD-011297,2026-07-09,Central,Software,222.00
ORD-011298,2026-07-09,Central,Hardware,143.38
ORD-011299,2026-07-09,Central,Hardware,314.27
ORD-011300,2026-07-09,Central,Accessories,13.08
ORD-011301,2026-07-09,Central,Software,94.46
ORD-011302,2026-07-09,Central,Services,658.92
ORD-011303,2026-07-09,Central,Hardware,330.11
ORD-011304,2026-07-09,Central,Accessories,40.78
ORD-011305,2026-07-09,Central,Software,143.85
ORD-011306,2026-07-09,Central,Accessories,19.85
ORD-011307,2026-07-09,Central,Services,415.28
ORD-011308,2026-07-09,Central,Hardware,237.29
ORD-011309,2026-07-09,Central,Accessories,23.33
ORD-011310,2026-07-09,Central,Services,344.21
ORD-011311,2026-07-09,Central,Hardware,284.22
ORD-011312,2026-07-09,Central,Hardware,258.67
ORD-011313,2026-07-09,Central,Software,77.05
ORD-011314,2026-07-09,Central,Hardware,430.43
ORD-011315,2026-07-09,Central,Services,246.59
ORD-011316,2026-07-09,Central,Services,230.21
ORD-011317,2026-07-09,Central,Software,106.08
ORD-011318,2026-07-09,Central,,102.01
ORD-011319,2026-07-09,Central,Software,110.95
ORD-011320,2026-07-09,Central,Services,455.24
ORD-011321,2026-07-09,Central,Hardware,246.45
ORD-011322,2026-07-09,Central,Accessories,36.07
ORD-011323,2026-07-09,Central,Software,78.48
ORD-011324,2026-07-09,Central,Accessories,52.26
ORD-011325,2026-07-09,Central,Software,330.40
ORD-011326,2026-07-09,Central,Services,1973.75
ORD-011327,2026-07-09,Central,Services,873.45
ORD-011328,2026-07-09,Central,Software,188.78
ORD-011329,2026-07-09,Central,Software,222.00
ORD-011330,2026-07-09,Central,Accessories,59.68
ORD-011331,2026-07-09,Central,Software,84.16
ORD-011332,2026-07-09,Central,Software,192.12
ORD-011333,2026-07-09,Central,Software,81.54
ORD-011334,2026-07-09,Central,Hardware,198.24
ORD-011335,2026-07-09,Central,Hardware,370.13
ORD-011336,2026-07-09,Central,Hardware,435.24
ORD-011337,2026-07-09,Central,Hardware,353.90
ORD-011338,2026-07-09,Central,Software,332.95
ORD-011339,2026-07-09,Central,Accessories,25.41
ORD-011340,2026-07-09,Central,Software,138.69
ORD-011341,2026-07-09,Central,Accessories,11.19
ORD-011342,2026-07-09,Central,Accessories,12.52
ORD-011343,2026-07-09,South,Hardware,397.60
ORD-011344,2026-07-09,South,Software,93.20
ORD-011345,2026-07-09,South,Accessories,49.42
ORD-011346,2026-07-09,South,Services,299.36
ORD-011347,2026-07-09,South,Accessories,35.97
ORD-011348,2026-07-09,South,Hardware,215.91
ORD-011349,2026-07-09,South,Accessories,48.17
ORD-011350,2026-07-09,South,Hardware,498.40
ORD-011351,2026-07-09,South,Accessories,37.28
ORD-011352,2026-07-09,South,Accessories,15.28
ORD-011353,2026-07-09,South,Hardware,217.27
ORD-011354,2026-07-09,South,Software,135.20
ORD-011355,2026-07-09,South,Software,80.85
ORD-011356,2026-07-09,South,Services,641.59
ORD-011357,2026-07-09,South,Hardware,346.89
ORD-011358,2026-07-09,South,Hardware,519.83
ORD-011359,2026-07-09,South,Accessories,143.06
ORD-011360,2026-07-09,South,Hardware,185.74
ORD-011361,2026-07-09,South,Software,186.59
ORD-011362,2026-07-09,South,Hardware,284.81
ORD-011363,2026-07-09,South,Hardware,135.73
ORD-011364,2026-07-09,South,Hardware,355.38
ORD-011365,2026-07-09,South,Software,103.99
ORD-011366,2026-07-09,South,Software,80.18
ORD-011367,2026-07-09,South,Services,260.26
ORD-011368,2026-07-09,South,Accessories,31.96
ORD-011369,2026-07-09,South,Software,248.52
ORD-011370,2026-07-09,South,Accessories,73.85
ORD-011371,2026-07-09,South,Accessories,76.07
ORD-011372,2026-07-09,South,Accessories,32.18
ORD-011373,2026-07-09,South,Hardware,625.11
ORD-011374,2026-07-10,North,Accessories,59.68
ORD-011375,2026-07-10,North,Accessories,23.34
ORD-011376,2026-07-10,North,Accessories,57.18
ORD-011377,2026-07-10,North,Hardware,976.50
ORD-011378,2026-07-10,North,Accessories,99.85
ORD-011379,2026-07-10,North,Software,632.15
ORD-011380,2026-07-10,North,Accessories,27.16
ORD-011381,2026-07-10,North,Hardware,196.59
ORD-011382,2026-07-10,North,Hardware,346.43
ORD-011383,2026-07-10,North,Hardware,224.40
ORD-011384,2026-07-10,North,Hardware,469.50
ORD-011385,2026-07-10,North,Services,1024.49
ORD-011386,2026-07-10,North,Hardware,320.53
ORD-011387,2026-07-10,North,Hardware,113.01
ORD-011388,2026-07-10,North,Software,267.60
ORD-011389,2026-07-10,North,Software,220.78
ORD-011390,2026-07-10,North,Services,823.09
ORD-011391,2026-07-10,North,Accessories,11.19
ORD-011392,2026-07-10,North,,48.86
ORD-011393,2026-07-10,North,Hardware,453.29
ORD-011394,2026-07-10,North,Accessories,22.72
ORD-011395,2026-07-10,North,,123.12
ORD-011396,2026-07-10,North,Accessories,18.45
ORD-011397,2026-07-10,North,Software,145.36
ORD-011398,2026-07-10,North,Accessories,64.28
ORD-011399,2026-07-10,North,Software,89.31
ORD-011400,2026-07-10,North,Accessories,43.11
ORD-011401,2026-07-10,North,Software,184.10
ORD-011402,2026-07-10,North,Software,98.85
ORD-011403,2026-07-10,North,Services,851.56
ORD-011404,2026-07-10,North,Software,220.44
ORD-011405,2026-07-10,North,Hardware,152.43
ORD-011406,2026-07-10,North,Hardware,307.36
ORD-011407,2026-07-10,North,Accessories,29.73
ORD-011408,2026-07-10,North,Software,213.63
ORD-011409,2026-07-10,North,Hardware,381.81
ORD-011410,2026-07-10,North,Software,272.42
ORD-011411,2026-07-10,North,Services,793.47
ORD-011412,2026-07-10,North,Software,121.58
ORD-011413,2026-07-10,North,Services,523.45
ORD-011414,2026-07-10,North,Software,212.17
ORD-011415,2026-07-10,North,Hardware,298.17
ORD-011416,2026-07-10,Central,Software,166.28
ORD-011417,2026-07-10,Central,Hardware,254.44
ORD-011418,2026-07-10,Central,Software,84.41
ORD-011419,2026-07-10,Central,Accessories,24.85
ORD-011420,2026-07-10,Central,Software,230.09
ORD-011421,2026-07-10,Central,Software,112.82
ORD-011422,2026-07-10,Central,Hardware,999.94
ORD-011423,2026-07-10,Central,Services,321.49
ORD-011424,2026-07-10,Central,Services,784.95
ORD-011425,2026-07-10,Central,Software,121.46
ORD-011426,2026-07-10,Central,Accessories,102.78
ORD-011427,2026-07-10,Central,Software,142.40
ORD-011428,2026-07-10,Central,Software,196.40
ORD-011429,2026-07-10,Central,Accessories,16.12
ORD-011430,2026-07-10,Central,Software,258.96
ORD-011431,2026-07-10,Central,Accessories,15.63
ORD-011432,2026-07-10,Central,Services,534.99
ORD-011433,2026-07-10,Central,Software,215.04
ORD-011434,2026-07-10,Central,Accessories,35.12
ORD-011435,2026-07-10,Central,Accessories,36.16
ORD-011436,2026-07-10,Central,Accessories,69.42
ORD-011437,2026-07-10,Central,Hardware,439.75
ORD-011438,2026-07-10,Central,Hardware,385.16
ORD-011439,2026-07-10,Central,Services,893.33
ORD-011440,2026-07-10,Central,,527.02
ORD-011441,2026-07-10,Central,Hardware,278.31
ORD-011442,2026-07-10,Central,Accessories,26.06
ORD-011443,2026-07-10,Central,Services,488.76
ORD-011444,2026-07-10,Central,Services,393.86
ORD-011445,2026-07-10,Central,Accessories,8.18
ORD-011446,2026-07-10,Central,Hardware,600.48
ORD-011447,2026-07-10,Central,Services,602.04
ORD-011448,2026-07-10,Central,Accessories,51.23
ORD-011449,2026-07-10,Central,Hardware,327.80
ORD-011450,2026-07-10,Central,Accessories,34.55
ORD-011451,2026-07-10,Central,Software,122.43
ORD-011452,2026-07-10,Central,Software,241.28
ORD-011453,2026-07-10,Central,Hardware,497.58
ORD-011454,2026-07-10,Central,Hardware,180.12
ORD-011455,2026-07-10,Central,Accessories,35.87
ORD-011456,2026-07-10,Central,Services,654.19
ORD-011457,2026-07-10,Central,Services,423.36
ORD-011458,2026-07-10,Central,Hardware,322.99
ORD-011459,2026-07-10,Central,Services,1892.48
ORD-011460,2026-07-10,Central,Software,111.98
ORD-011461,2026-07-10,Central,Hardware,451.13
ORD-011462,2026-07-10,Central,Services,890.55
ORD-011463,2026-07-10,Central,,679.01
ORD-011464,2026-07-10,Central,Hardware,159.93
ORD-011465,2026-07-10,Central,Services,220.63
ORD-011466,2026-07-10,South,Accessories,11.74
ORD-011467,2026-07-10,South,Software,138.70
ORD-011468,2026-07-10,South,Software,165.13
ORD-011469,2026-07-10,South,Services,396.58
ORD-011470,2026-07-10,South,Accessories,20.14
ORD-011471,2026-07-10,South,Hardware,614.29
ORD-011472,2026-07-10,South,Software,156.38
ORD-011473,2026-07-10,South,Services,997.45
ORD-011474,2026-07-10,South,Software,210.03
ORD-011475,2026-07-10,South,Hardware,254.91
ORD-011476,2026-07-10,South,Accessories,49.83
ORD-011477,2026-07-10,South,Services,762.22
ORD-011478,2026-07-10,South,Services,298.91
ORD-011479,2026-07-10,South,Services,442.62
ORD-011480,2026-07-10,South,Hardware,356.00
ORD-011481,2026-07-10,South,Software,120.54
ORD-011482,2026-07-10,South,Software,79.25
ORD-011483,2026-07-10,South,Accessories,30.57
ORD-011484,2026-07-10,South,Accessories,68.19
ORD-011485,2026-07-10,South,Hardware,187.59
ORD-011486,2026-07-10,South,,176.14
ORD-011487,2026-07-10,South,Services,429.03
ORD-011488,2026-07-10,South,,109.31
ORD-011489,2026-07-10,South,Hardware,294.13
ORD-011490,2026-07-10,South,Services,977.10
ORD-011491,2026-07-10,South,Accessories,26.18
ORD-011492,2026-07-10,South,Software,54.37
ORD-011493,2026-07-10,South,Accessories,114.84
ORD-011494,2026-07-10,South,Hardware,881.34
ORD-011495,2026-07-10,South,Services,349.05
ORD-011496,2026-07-11,North,Accessories,47.31
ORD-011497,2026-07-11,North,Software,169.79
ORD-011498,2026-07-11,North,Services,283.77
ORD-011499,2026-07-11,North,Hardware,403.62
ORD-011500,2026-07-11,North,Accessories,36.86
ORD-011501,2026-07-11,North,Services,334.80
ORD-011502,2026-07-11,North,Software,355.01
ORD-011503,2026-07-11,North,Software,99.06
ORD-011504,2026-07-11,North,Software,346.92
ORD-011505,2026-07-11,North,Hardware,374.56
ORD-011506,2026-07-11,North,Services,442.76
ORD-011507,2026-07-11,North,Software,152.61
ORD-011508,2026-07-11,North,Accessories,31.99
ORD-011509,2026-07-11,North,Software,125.80
ORD-011510,2026-07-11,North,Accessories,36.71
ORD-011511,2026-07-11,North,Software,260.90
ORD-011512,2026-07-11,North,Accessories,39.98
ORD-011513,2026-07-11,North,Hardware,222.52
ORD-011514,2026-07-11,North,Hardware,125.17
ORD-011515,2026-07-11,North,Services,523.73
ORD-011516,2026-07-11,North,Software,535.82
ORD-011517,2026-07-11,North,Hardware,255.94
ORD-011518,2026-07-11,North,Services,236.72
ORD-011519,2026-07-11,North,Software,91.32
ORD-011520,2026-07-11,North,Accessories,19.81
ORD-011521,2026-07-11,North,Services,334.93
ORD-011522,2026-07-11,North,Accessories,41.51
ORD-011523,2026-07-11,North,Hardware,292.53
ORD-011524,2026-07-11,North,Accessories,55.50
ORD-011525,2026-07-11,North,Software,64.68
ORD-011526,2026-07-11,North,Services,1695.95
ORD-011527,2026-07-11,North,Services,889.38
ORD-011528,2026-07-11,North,Software,238.89
ORD-011529,2026-07-11,North,Software,127.95
ORD-011530,2026-07-11,North,Accessories,37.56
ORD-011531,2026-07-11,North,Software,36.95
ORD-011532,2026-07-11,North,Software,98.12
ORD-011533,2026-07-11,North,Accessories,28.12
ORD-011534,2026-07-11,North,Accessories,78.20
ORD-011535,2026-07-11,North,Hardware,206.50
ORD-011536,2026-07-11,North,Accessories,15.53
ORD-011537,2026-07-11,North,Hardware,403.68
ORD-011538,2026-07-11,North,Hardware,268.32
ORD-011539,2026-07-11,North,Accessories,67.12
ORD-011540,2026-07-11,North,Software,91.32
ORD-011541,2026-07-11,North,Accessories,52.38
ORD-011542,2026-07-11,North,Software,121.17
ORD-011543,2026-07-11,North,Hardware,457.08
ORD-011544,2026-07-11,North,Hardware,711.21
ORD-011545,2026-07-11,Central,Hardware,579.87
ORD-011546,2026-07-11,Central,Services,612.71
ORD-011547,2026-07-11,Central,Hardware,584.21
ORD-011548,2026-07-11,Central,Software,64.30
ORD-011549,2026-07-11,Central,,49.72
ORD-011550,2026-07-11,Central,Hardware,499.10
ORD-011551,2026-07-11,Central,Software,193.54
ORD-011552,2026-07-11,Central,Services,481.52
ORD-011553,2026-07-11,Central,Accessories,26.23
ORD-011554,2026-07-11,Central,Accessories,46.94
ORD-011555,2026-07-11,Central,Hardware,608.38
ORD-011556,2026-07-11,Central,Hardware,223.18
ORD-011557,2026-07-11,Central,Hardware,449.24
ORD-011558,2026-07-11,Central,Hardware,479.37
ORD-011559,2026-07-11,Central,Software,203.78
ORD-011560,2026-07-11,Central,Software,89.27
ORD-011561,2026-07-11,Central,Software,71.88
ORD-011562,2026-07-11,Central,Software,198.17
ORD-011563,2026-07-11,Central,Software,181.06
ORD-011564,2026-07-11,Central,Accessories,41.78
ORD-011565,2026-07-11,Central,Software,225.71
ORD-011566,2026-07-11,Central,Software,80.21
ORD-011567,2026-07-11,Central,Software,291.79
ORD-011568,2026-07-11,Central,Hardware,265.43
ORD-011569,2026-07-11,Central,Software,155.79
ORD-011570,2026-07-11,Central,Software,132.85
ORD-011571,2026-07-11,Central,Accessories,37.61
ORD-011572,2026-07-11,Central,Services,233.95
ORD-011573,2026-07-11,Central,Hardware,317.75
ORD-011574,2026-07-11,South,Hardware,152.97
ORD-011575,2026-07-11,South,Accessories,56.32
ORD-011576,2026-07-11,South,Services,662.19
ORD-011577,2026-07-11,South,Software,123.84
ORD-011578,2026-07-11,South,Hardware,184.58
ORD-011579,2026-07-11,South,Accessories,37.36
ORD-011580,2026-07-11,South,Accessories,43.97
ORD-011581,2026-07-11,South,Accessories,44.40
ORD-011582,2026-07-11,South,Accessories,40.27
ORD-011583,2026-07-11,South,Services,370.10
ORD-011584,2026-07-11,South,Accessories,25.07
ORD-011585,2026-07-11,South,Services,452.82
ORD-011586,2026-07-11,South,Software,90.12
ORD-011587,2026-07-11,South,Hardware,381.24
ORD-011588,2026-07-11,South,Services,1143.31
ORD-011589,2026-07-11,South,Services,555.71
ORD-011590,2026-07-11,South,Hardware,232.80
ORD-011591,2026-07-11,South,Services,323.89
ORD-011592,2026-07-11,South,Hardware,415.22
ORD-011593,2026-07-11,South,Services,511.24
ORD-011594,2026-07-11,South,Hardware,256.58
ORD-011595,2026-07-11,South,Accessories,34.73
ORD-011596,2026-07-12,North,Software,58.47
ORD-011597,2026-07-12,North,Hardware,333.95
ORD-011598,2026-07-12,North,Hardware,231.92
ORD-011599,2026-07-12,North,Services,1083.17
ORD-011600,2026-07-12,North,Software,87.45
ORD-011601,2026-07-12,North,Services,795.93
ORD-011602,2026-07-12,North,Hardware,311.59
ORD-011603,2026-07-12,North,Accessories,51.49
ORD-011604,2026-07-12,North,Software,66.80
ORD-011605,2026-07-12,North,Hardware,933.43
ORD-011606,2026-07-12,North,Software,128.42
ORD-011607,2026-07-12,North,Services,1545.12
ORD-011608,2026-07-12,North,Accessories,19.77
ORD-011609,2026-07-12,North,Hardware,290.63
ORD-011610,2026-07-12,North,Software,329.70
ORD-011611,2026-07-12,North,Hardware,518.69
ORD-011612,2026-07-12,North,Accessories,19.21
ORD-011613,2026-07-12,North,Accessories,80.36
ORD-011614,2026-07-12,North,Software,69.05
ORD-011615,2026-07-12,North,Accessories,26.47
ORD-011616,2026-07-12,North,Hardware,169.14
ORD-011617,2026-07-12,North,Accessories,16.98
ORD-011618,2026-07-12,North,Accessories,12.60
ORD-011619,2026-07-12,North,Software,111.78
ORD-011620,2026-07-12,North,Services,144.60
ORD-011621,2026-07-12,North,Accessories,47.18
ORD-011622,2026-07-12,North,Accessories,28.73
ORD-011623,2026-07-12,North,Hardware,722.18
ORD-011624,2026-07-12,North,Accessories,60.51
ORD-011625,2026-07-12,North,Services,912.59
ORD-011626,2026-07-12,North,Hardware,164.54
ORD-011627,2026-07-12,North,Software,151.61
ORD-011628,2026-07-12,North,Accessories,18.92
ORD-011629,2026-07-12,North,Software,237.95
ORD-011630,2026-07-12,North,Software,72.19
ORD-011631,2026-07-12,North,Hardware,440.60
ORD-011632,2026-07-12,North,Services,428.80
ORD-011633,2026-07-12,Central,Software,72.29
ORD-011634,2026-07-12,Central,Hardware,368.29
ORD-011635,2026-07-12,Central,Software,237.31
ORD-011636,2026-07-12,Central,Software,168.51
ORD-011637,2026-07-12,Central,Software,64.23
ORD-011638,2026-07-12,Central,Software,228.10
ORD-011639,2026-07-12,Central,Software,169.89
ORD-011640,2026-07-12,Central,Services,2088.63
ORD-011641,2026-07-12,Central,Accessories,63.42
ORD-011642,2026-07-12,Central,Hardware,320.40
ORD-011643,2026-07-12,Central,Hardware,524.45
ORD-011644,2026-07-12,Central,Hardware,270.67
ORD-011645,2026-07-12,Central,Software,138.81
ORD-011646,2026-07-12,Central,,314.30
ORD-011647,2026-07-12,Central,Software,228.56
ORD-011648,2026-07-12,Central,Software,142.27
ORD-011649,2026-07-12,Central,Hardware,805.22
ORD-011650,2026-07-12,Central,Software,83.21
ORD-011651,2026-07-12,Central,Accessories,23.96
ORD-011652,2026-07-12,Central,Software,135.93
ORD-011653,2026-07-12,Central,Services,362.50
ORD-011654,2026-07-12,South,Hardware,366.84
ORD-011655,2026-07-12,South,Hardware,286.83
ORD-011656,2026-07-12,South,Accessories,25.62
ORD-011657,2026-07-12,South,Accessories,76.39
ORD-011658,2026-07-12,South,Accessories,46.10
ORD-011659,2026-07-12,South,Accessories,21.63
ORD-011660,2026-07-12,South,Hardware,551.45
ORD-011661,2026-07-12,South,Software,46.67
ORD-011662,2026-07-12,South,Services,204.10
ORD-011663,2026-07-12,South,Accessories,80.63
ORD-011664,2026-07-12,South,Accessories,10.06
ORD-011665,2026-07-12,South,Hardware,225.91
ORD-011666,2026-07-12,South,Hardware,1006.57
ORD-011667,2026-07-12,South,Hardware,199.66
ORD-011668,2026-07-12,South,,307.60
ORD-011669,2026-07-12,South,Hardware,237.24
ORD-011670,2026-07-12,South,Hardware,234.57
ORD-011671,2026-07-12,South,Hardware,225.37
ORD-011672,2026-07-12,South,Software,76.45
ORD-011673,2026-07-12,South,Accessories,143.12
ORD-011674,2026-07-12,South,Hardware,711.82
ORD-011675,2026-07-12,South,Accessories,43.03
ORD-011676,2026-07-12,South,Software,66.80
ORD-011677,2026-07-12,South,Accessories,46.32
ORD-011678,2026-07-12,South,,210.52
ORD-011679,2026-07-13,North,Hardware,288.22
ORD-011680,2026-07-13,North,Hardware,377.58
ORD-011681,2026-07-13,North,Software,646.56
ORD-011682,2026-07-13,North,Services,1252.35
ORD-011683,2026-07-13,North,Services,787.96
ORD-011684,2026-07-13,North,Accessories,29.90
ORD-011685,2026-07-13,North,Software,725.66
ORD-011686,2026-07-13,North,Software,278.93
ORD-011687,2026-07-13,North,Accessories,54.60
ORD-011688,2026-07-13,North,Software,160.45
ORD-011689,2026-07-13,North,Services,2112.29
ORD-011690,2026-07-13,North,Accessories,20.57
ORD-011691,2026-07-13,North,Software,176.65
ORD-011692,2026-07-13,North,Accessories,55.49
ORD-011693,2026-07-13,North,Hardware,321.20
ORD-011694,2026-07-13,North,Software,51.01
ORD-011695,2026-07-13,North,Services,468.33
ORD-011696,2026-07-13,North,Accessories,49.34
ORD-011697,2026-07-13,North,Software,268.98
ORD-011698,2026-07-13,North,Hardware,526.42
ORD-011699,2026-07-13,North,Accessories,61.85
ORD-011700,2026-07-13,North,Hardware,113.86
ORD-011701,2026-07-13,North,Software,167.66
ORD-011702,2026-07-13,North,Hardware,127.43
ORD-011703,2026-07-13,North,Hardware,1053.57
ORD-011704,2026-07-13,North,Hardware,304.20
ORD-011705,2026-07-13,North,Hardware,748.60
ORD-011706,2026-07-13,North,Hardware,262.28
ORD-011707,2026-07-13,North,Software,389.75
ORD-011708,2026-07-13,North,Hardware,672.08
ORD-011709,2026-07-13,North,Accessories,109.53
ORD-011710,2026-07-13,North,Hardware,353.95
ORD-011711,2026-07-13,North,,349.09
ORD-011712,2026-07-13,North,Services,846.07
ORD-011713,2026-07-13,North,Hardware,234.88
ORD-011714,2026-07-13,North,Hardware,637.16
ORD-011715,2026-07-13,North,Hardware,129.84
ORD-011716,2026-07-13,North,Accessories,11.45
ORD-011717,2026-07-13,North,Services,393.52
ORD-011718,2026-07-13,North,Software,248.78
ORD-011719,2026-07-13,North,Software,141.21
ORD-011720,2026-07-13,North,Services,961.62
ORD-011721,2026-07-13,North,Accessories,47.52
ORD-011722,2026-07-13,North,Accessories,30.25
ORD-011723,2026-07-13,North,Software,185.12
ORD-011724,2026-07-13,North,Hardware,256.41
ORD-011725,2026-07-13,North,Hardware,279.45
ORD-011726,2026-07-13,North,Accessories,32.40
ORD-011727,2026-07-13,North,Accessories,34.52
ORD-011728,2026-07-13,North,Services,337.35
ORD-011729,2026-07-13,North,Hardware,1155.05
ORD-011730,2026-07-13,North,Software,80.29
ORD-011731,2026-07-13,North,Software,203.67
ORD-011732,2026-07-13,North,Accessories,70.56
ORD-011733,2026-07-13,North,Software,138.97
ORD-011734,2026-07-13,North,Hardware,587.99
ORD-011735,2026-07-13,North,Services,207.91
ORD-011736,2026-07-13,Central,Services,338.31
ORD-011737,2026-07-13,Central,Software,90.24
ORD-011738,2026-07-13,Central,Hardware,357.27
ORD-011739,2026-07-13,Central,Software,32.35
ORD-011740,2026-07-13,Central,Hardware,261.59
ORD-011741,2026-07-13,Central,Software,387.88
ORD-011742,2026-07-13,Central,Software,129.55
ORD-011743,2026-07-13,Central,Hardware,1491.96
ORD-011744,2026-07-13,Central,Software,291.95
ORD-011745,2026-07-13,Central,Software,73.66
ORD-011746,2026-07-13,Central,Software,33.15
ORD-011747,2026-07-13,Central,Accessories,95.35
ORD-011748,2026-07-13,Central,Software,140.86
ORD-011749,2026-07-13,Central,Hardware,605.92
ORD-011750,2026-07-13,Central,Hardware,591.30
ORD-011751,2026-07-13,Central,Services,652.20
ORD-011752,2026-07-13,Central,Software,93.40
ORD-011753,2026-07-13,Central,Services,208.54
ORD-011754,2026-07-13,Central,Accessories,26.30
ORD-011755,2026-07-13,Central,Services,204.85
ORD-011756,2026-07-13,Central,Accessories,41.92
ORD-011757,2026-07-13,Central,Services,938.19
ORD-011758,2026-07-13,Central,Software,161.60
ORD-011759,2026-07-13,Central,Accessories,38.24
ORD-011760,2026-07-13,Central,Hardware,377.07
ORD-011761,2026-07-13,Central,Accessories,47.82
ORD-011762,2026-07-13,Central,Accessories,46.71
ORD-011763,2026-07-13,Central,Accessories,30.28
ORD-011764,2026-07-13,Central,Services,487.34
ORD-011765,2026-07-13,Central,Services,733.55
ORD-011766,2026-07-13,Central,Hardware,549.04
ORD-011767,2026-07-13,Central,Accessories,44.28
ORD-011768,2026-07-13,Central,Services,250.02
ORD-011769,2026-07-13,Central,Services,728.83
ORD-011770,2026-07-13,Central,Hardware,372.85
ORD-011771,2026-07-13,Central,Software,78.25
ORD-011772,2026-07-13,Central,Hardware,482.18
ORD-011773,2026-07-13,Central,Hardware,307.92
ORD-011774,2026-07-13,Central,Software,254.15
ORD-011775,2026-07-13,Central,Services,306.34
ORD-011776,2026-07-13,Central,Accessories,38.66
ORD-011777,2026-07-13,Central,Accessories,87.12
ORD-011778,2026-07-13,South,Software,78.14
ORD-011779,2026-07-13,South,Services,423.40
ORD-011780,2026-07-13,South,Software,79.20
ORD-011781,2026-07-13,South,Accessories,58.77
ORD-011782,2026-07-13,South,Accessories,36.47
ORD-011783,2026-07-13,South,Hardware,243.63
ORD-011784,2026-07-13,South,Software,252.68
ORD-011785,2026-07-13,South,Hardware,308.97
ORD-011786,2026-07-13,South,Software,142.93
ORD-011787,2026-07-13,South,Services,524.80
ORD-011788,2026-07-13,South,Software,85.58
ORD-011789,2026-07-13,South,Software,121.79
ORD-011790,2026-07-13,South,Accessories,54.92
ORD-011791,2026-07-13,South,Accessories,37.29
ORD-011792,2026-07-13,South,Software,113.29
ORD-011793,2026-07-13,South,Hardware,592.42
ORD-011794,2026-07-13,South,Services,536.31
ORD-011795,2026-07-13,South,Accessories,23.13
ORD-011796,2026-07-13,South,Accessories,24.82
ORD-011797,2026-07-13,South,Software,310.38
ORD-011798,2026-07-13,South,Hardware,311.15
ORD-011799,2026-07-13,South,Accessories,19.73
ORD-011800,2026-07-13,South,Accessories,38.18
ORD-011801,2026-07-13,South,Software,62.50
ORD-011802,2026-07-13,South,Services,388.87
ORD-011803,2026-07-13,South,Accessories,50.34
ORD-011804,2026-07-13,South,Software,315.15
ORD-011805,2026-07-13,South,Hardware,219.35
ORD-011806,2026-07-13,South,Services,505.48
ORD-011807,2026-07-13,South,Hardware,372.78
ORD-011808,2026-07-13,South,Software,156.61
ORD-011809,2026-07-13,South,Hardware,258.61
ORD-011810,2026-07-13,South,Hardware,527.16
ORD-011811,2026-07-13,South,Software,155.75
ORD-011812,2026-07-13,South,Services,1058.15
ORD-011813,2026-07-13,South,Software,111.27
ORD-011814,2026-07-13,South,Hardware,165.25
ORD-011815,2026-07-13,South,Software,98.91
ORD-011816,2026-07-13,South,Services,255.93
ORD-011817,2026-07-14,North,Services,496.06
ORD-011818,2026-07-14,North,Accessories,38.20
ORD-011819,2026-07-14,North,Hardware,433.00
ORD-011820,2026-07-14,North,Hardware,224.78
ORD-011821,2026-07-14,North,Software,70.71
ORD-011822,2026-07-14,North,Hardware,406.32
ORD-011823,2026-07-14,North,Software,91.93
ORD-011824,2026-07-14,North,Accessories,36.12
ORD-011825,2026-07-14,North,Services,573.77
ORD-011826,2026-07-14,North,Software,193.74
ORD-011827,2026-07-14,North,Hardware,190.32
ORD-011828,2026-07-14,North,Accessories,82.65
ORD-011829,2026-07-14,North,Accessories,22.60
ORD-011830,2026-07-14,North,Accessories,28.43
ORD-011831,2026-07-14,North,Software,116.25
ORD-011832,2026-07-14,North,Hardware,224.34
ORD-011833,2026-07-14,North,Software,251.30
ORD-011834,2026-07-14,North,,159.13
ORD-011835,2026-07-14,North,Accessories,22.72
ORD-011836,2026-07-14,North,Services,290.95
ORD-011837,2026-07-14,North,Hardware,309.01
ORD-011838,2026-07-14,North,Services,485.08
ORD-011839,2026-07-14,North,Accessories,20.79
ORD-011840,2026-07-14,North,Software,137.64
ORD-011841,2026-07-14,North,Hardware,216.42
ORD-011842,2026-07-14,North,Accessories,28.14
ORD-011843,2026-07-14,North,Services,747.29
ORD-011844,2026-07-14,North,Software,122.40
ORD-011845,2026-07-14,North,Accessories,94.05
ORD-011846,2026-07-14,North,Software,83.55
ORD-011847,2026-07-14,North,Services,592.88
ORD-011848,2026-07-14,North,Hardware,1009.91
ORD-011849,2026-07-14,North,Services,291.41
ORD-011850,2026-07-14,North,Accessories,67.22
ORD-011851,2026-07-14,North,Hardware,708.90
ORD-011852,2026-07-14,North,Hardware,90.31
ORD-011853,2026-07-14,North,Hardware,392.68
ORD-011854,2026-07-14,North,Software,133.98
ORD-011855,2026-07-14,North,Accessories,31.85
ORD-011856,2026-07-14,North,Accessories,68.22
ORD-011857,2026-07-14,North,Services,176.17
ORD-011858,2026-07-14,North,Hardware,306.02
ORD-011859,2026-07-14,North,Services,384.48
ORD-011860,2026-07-14,Central,Software,141.86
ORD-011861,2026-07-14,Central,Hardware,259.74
ORD-011862,2026-07-14,Central,Accessories,33.84
ORD-011863,2026-07-14,Central,Software,149.51
ORD-011864,2026-07-14,Central,Accessories,85.76
ORD-011865,2026-07-14,Central,Accessories,47.63
ORD-011866,2026-07-14,Central,Software,301.53
ORD-011867,2026-07-14,Central,Services,1103.81
ORD-011868,2026-07-14,Central,Software,353.00
ORD-011869,2026-07-14,Central,Accessories,67.66
ORD-011870,2026-07-14,Central,Hardware,238.91
ORD-011871,2026-07-14,Central,Hardware,230.15
ORD-011872,2026-07-14,Central,Software,78.15
ORD-011873,2026-07-14,Central,Software,199.15
ORD-011874,2026-07-14,Central,Software,67.53
ORD-011875,2026-07-14,Central,Services,216.40
ORD-011876,2026-07-14,Central,Services,762.30
ORD-011877,2026-07-14,Central,Software,102.23
ORD-011878,2026-07-14,Central,Hardware,169.93
ORD-011879,2026-07-14,Central,Accessories,53.42
ORD-011880,2026-07-14,Central,Hardware,551.66
ORD-011881,2026-07-14,Central,Services,241.84
ORD-011882,2026-07-14,Central,Accessories,24.58
ORD-011883,2026-07-14,Central,Accessories,55.53
ORD-011884,2026-07-14,Central,Software,49.30
ORD-011885,2026-07-14,Central,Accessories,55.61
ORD-011886,2026-07-14,Central,Accessories,42.32
ORD-011887,2026-07-14,Central,Software,79.99
ORD-011888,2026-07-14,Central,Hardware,361.48
ORD-011889,2026-07-14,Central,Services,469.69
ORD-011890,2026-07-14,Central,Hardware,603.46
ORD-011891,2026-07-14,Central,Accessories,43.83
ORD-011892,2026-07-14,Central,Accessories,22.45
ORD-011893,2026-07-14,Central,Software,95.98
ORD-011894,2026-07-14,Central,Hardware,347.37
ORD-011895,2026-07-14,Central,Software,99.67
ORD-011896,2026-07-14,Central,Hardware,128.31
ORD-011897,2026-07-14,Central,Software,106.18
ORD-011898,2026-07-14,Central,Accessories,48.43
ORD-011899,2026-07-14,Central,Hardware,249.19
ORD-011900,2026-07-14,Central,Hardware,418.70
ORD-011901,2026-07-14,Central,Accessories,53.24
ORD-011902,2026-07-14,Central,Hardware,208.32
ORD-011903,2026-07-14,Central,,132.89
ORD-011904,2026-07-14,Central,Accessories,16.47
ORD-011905,2026-07-14,Central,Software,111.43
ORD-011906,2026-07-14,Central,Hardware,446.20
ORD-011907,2026-07-14,South,Accessories,84.56
ORD-011908,2026-07-14,South,Accessories,17.06
ORD-011909,2026-07-14,South,Hardware,243.52
ORD-011910,2026-07-14,South,Hardware,811.77
ORD-011911,2026-07-14,South,Accessories,13.75
ORD-011912,2026-07-14,South,Software,73.17
ORD-011913,2026-07-14,South,Software,155.00
ORD-011914,2026-07-14,South,Services,379.92
ORD-011915,2026-07-14,South,Software,178.31
ORD-011916,2026-07-14,South,Accessories,28.43
ORD-011917,2026-07-14,South,Accessories,23.50
ORD-011918,2026-07-14,South,Services,317.36
ORD-011919,2026-07-14,South,Accessories,25.20
ORD-011920,2026-07-14,South,Software,140.52
ORD-011921,2026-07-14,South,Hardware,524.58
ORD-011922,2026-07-14,South,Accessories,38.42
ORD-011923,2026-07-14,South,Accessories,102.99
ORD-011924,2026-07-14,South,Software,275.33
ORD-011925,2026-07-14,South,Services,506.40
ORD-011926,2026-07-14,South,Software,58.60
ORD-011927,2026-07-14,South,Accessories,49.50
ORD-011928,2026-07-14,South,Hardware,479.77
ORD-011929,2026-07-14,South,Hardware,152.48
ORD-011930,2026-07-14,South,Hardware,556.29
ORD-011931,2026-07-14,South,Accessories,34.58
ORD-011932,2026-07-14,South,Software,153.57
ORD-011933,2026-07-14,South,Accessories,62.36
ORD-011934,2026-07-14,South,Services,454.39
ORD-011935,2026-07-14,South,Hardware,680.97
ORD-011936,2026-07-14,South,Hardware,247.83
ORD-011937,2026-07-14,South,Software,155.94
ORD-011938,2026-07-14,South,Services,764.53
ORD-011939,2026-07-14,South,Hardware,468.59
ORD-011940,2026-07-14,South,Hardware,277.54
ORD-011941,2026-07-14,South,Services,480.42
ORD-011942,2026-07-14,South,Software,185.70
ORD-011943,2026-07-14,South,Software,260.77
ORD-011944,2026-07-14,South,Software,322.60
ORD-011945,2026-07-15,North,Software,375.63
ORD-011946,2026-07-15,North,Services,234.38
ORD-011947,2026-07-15,North,Hardware,222.71
ORD-011948,2026-07-15,North,Software,51.84
ORD-011949,2026-07-15,North,Hardware,254.64
ORD-011950,2026-07-15,North,Accessories,29.60
ORD-011951,2026-07-15,North,Services,247.54
ORD-011952,2026-07-15,North,Software,96.51
ORD-011953,2026-07-15,North,Hardware,248.00
ORD-011954,2026-07-15,North,Accessories,52.51
ORD-011955,2026-07-15,North,Accessories,25.56
ORD-011956,2026-07-15,North,Hardware,289.89
ORD-011957,2026-07-15,North,Hardware,194.14
ORD-011958,2026-07-15,North,Software,93.38
ORD-011959,2026-07-15,North,Services,1189.98
ORD-011960,2026-07-15,North,Services,1251.87
ORD-011961,2026-07-15,North,Hardware,445.01
ORD-011962,2026-07-15,North,Accessories,16.52
ORD-011963,2026-07-15,North,Hardware,375.01
ORD-011964,2026-07-15,North,Accessories,34.70
ORD-011965,2026-07-15,North,Software,191.35
ORD-011966,2026-07-15,North,,506.02
ORD-011967,2026-07-15,North,Software,124.98
ORD-011968,2026-07-15,North,Software,198.37
ORD-011969,2026-07-15,North,Services,295.49
ORD-011970,2026-07-15,North,Accessories,11.81
ORD-011971,2026-07-15,North,Accessories,89.49
ORD-011972,2026-07-15,North,Hardware,218.17
ORD-011973,2026-07-15,North,Services,1584.90
ORD-011974,2026-07-15,North,Services,633.40
ORD-011975,2026-07-15,North,Services,775.35
ORD-011976,2026-07-15,North,Services,1532.09
ORD-011977,2026-07-15,North,Accessories,64.08
ORD-011978,2026-07-15,North,Services,615.75
ORD-011979,2026-07-15,North,Software,88.23
ORD-011980,2026-07-15,North,Hardware,229.13
ORD-011981,2026-07-15,North,Software,36.04
ORD-011982,2026-07-15,North,Software,78.63
ORD-011983,2026-07-15,North,Hardware,455.04
ORD-011984,2026-07-15,North,Hardware,81.34
ORD-011985,2026-07-15,North,Software,101.76
ORD-011986,2026-07-15,North,Software,177.50
ORD-011987,2026-07-15,North,Accessories,43.33
ORD-011988,2026-07-15,North,Hardware,444.21
ORD-011989,2026-07-15,North,Software,112.35
ORD-011990,2026-07-15,North,Services,581.09
ORD-011991,2026-07-15,North,Hardware,376.99
ORD-011992,2026-07-15,Central,Hardware,249.92
ORD-011993,2026-07-15,Central,Accessories,51.80
ORD-011994,2026-07-15,Central,Accessories,55.93
ORD-011995,2026-07-15,Central,Accessories,42.12
ORD-011996,2026-07-15,Central,Hardware,371.92
ORD-011997,2026-07-15,Central,Hardware,142.16
ORD-011998,2026-07-15,Central,Hardware,384.44
ORD-011999,2026-07-15,Central,Software,209.07
ORD-012000,2026-07-15,Central,Hardware,301.52
ORD-012001,2026-07-15,Central,Hardware,192.09
ORD-012002,2026-07-15,Central,Software,99.60
ORD-012003,2026-07-15,Central,Software,145.54
ORD-012004,2026-07-15,Central,Accessories,34.80
ORD-012005,2026-07-15,Central,Hardware,208.58
ORD-012006,2026-07-15,Central,Hardware,102.53
ORD-012007,2026-07-15,Central,Software,116.05
ORD-012008,2026-07-15,Central,Services,197.41
ORD-012009,2026-07-15,Central,Accessories,22.13
ORD-012010,2026-07-15,Central,Hardware,321.18
ORD-012011,2026-07-15,Central,Software,101.72
ORD-012012,2026-07-15,Central,Software,169.09
ORD-012013,2026-07-15,Central,Hardware,181.67
ORD-012014,2026-07-15,Central,Services,589.59
ORD-012015,2026-07-15,Central,Hardware,334.21
ORD-012016,2026-07-15,Central,Accessories,30.02
ORD-012017,2026-07-15,Central,Accessories,44.34
ORD-012018,2026-07-15,Central,Hardware,247.80
ORD-012019,2026-07-15,Central,Services,638.28
ORD-012020,2026-07-15,Central,Hardware,188.52
ORD-012021,2026-07-15,Central,Accessories,70.83
ORD-012022,2026-07-15,Central,Accessories,85.31
ORD-012023,2026-07-15,Central,Services,843.41
ORD-012024,2026-07-15,Central,Software,37.76
ORD-012025,2026-07-15,Central,Services,434.69
ORD-012026,2026-07-15,Central,Services,1409.91
ORD-012027,2026-07-15,Central,Hardware,151.31
ORD-012028,2026-07-15,Central,Hardware,299.51
ORD-012029,2026-07-15,Central,Hardware,592.18
ORD-012030,2026-07-15,Central,Hardware,180.95
ORD-012031,2026-07-15,South,Services,1101.38
ORD-012032,2026-07-15,South,Accessories,52.08
ORD-012033,2026-07-15,South,Hardware,342.68
ORD-012034,2026-07-15,South,Services,210.18
ORD-012035,2026-07-15,South,Accessories,33.65
ORD-012036,2026-07-15,South,Hardware,220.10
ORD-012037,2026-07-15,South,Software,177.98
ORD-012038,2026-07-15,South,Software,827.95
ORD-012039,2026-07-15,South,Accessories,34.26
ORD-012040,2026-07-15,South,Services,152.38
ORD-012041,2026-07-15,South,Accessories,53.96
ORD-012042,2026-07-15,South,Software,172.60
ORD-012043,2026-07-15,South,Software,304.35
ORD-012044,2026-07-15,South,Accessories,45.66
ORD-012045,2026-07-15,South,Software,171.48
ORD-012046,2026-07-15,South,Software,87.96
ORD-012047,2026-07-15,South,Hardware,329.89
ORD-012048,2026-07-15,South,Software,196.09
ORD-012049,2026-07-15,South,Accessories,24.02
ORD-012050,2026-07-15,South,Software,97.06
ORD-012051,2026-07-15,South,Hardware,289.93
ORD-012052,2026-07-15,South,Accessories,28.66
ORD-012053,2026-07-15,South,Accessories,30.72
ORD-012054,2026-07-15,South,Hardware,277.18
ORD-012055,2026-07-15,South,Services,953.43
ORD-012056,2026-07-15,South,Services,282.16
ORD-012057,2026-07-15,South,Accessories,41.10
ORD-012058,2026-07-15,South,Hardware,487.63
ORD-012059,2026-07-15,South,Hardware,384.81
ORD-012060,2026-07-15,South,Hardware,93.92
ORD-012061,2026-07-15,South,Software,186.71
ORD-012062,2026-07-15,South,Software,210.82
ORD-012063,2026-07-15,South,Software,217.99
ORD-012064,2026-07-15,South,Accessories,33.61
ORD-012065,2026-07-15,South,Software,93.65
ORD-012066,2026-07-15,South,Services,725.69
ORD-012067,2026-07-15,South,Hardware,236.40
ORD-012068,2026-07-15,South,Accessories,34.70
ORD-012069,2026-07-15,South,Software,198.63
ORD-012070,2026-07-15,South,Hardware,990.23
ORD-012071,2026-07-16,North,Hardware,489.62
ORD-012072,2026-07-16,North,Accessories,19.85
ORD-012073,2026-07-16,North,Accessories,13.22
ORD-012074,2026-07-16,North,Hardware,132.32
ORD-012075,2026-07-16,North,Hardware,659.39
ORD-012076,2026-07-16,North,Accessories,52.58
ORD-012077,2026-07-16,North,Software,279.65
ORD-012078,2026-07-16,North,Services,398.48
ORD-012079,2026-07-16,North,Software,210.62
ORD-012080,2026-07-16,North,Software,70.21
ORD-012081,2026-07-16,North,Software,214.86
ORD-012082,2026-07-16,North,Services,915.31
ORD-012083,2026-07-16,North,Software,142.72
ORD-012084,2026-07-16,North,Accessories,130.22
ORD-012085,2026-07-16,North,Accessories,36.52
ORD-012086,2026-07-16,North,Software,581.27
ORD-012087,2026-07-16,North,Accessories,72.12
ORD-012088,2026-07-16,North,Accessories,84.77
ORD-012089,2026-07-16,North,Software,151.38
ORD-012090,2026-07-16,North,Software,149.67
ORD-012091,2026-07-16,North,Accessories,31.91
ORD-012092,2026-07-16,North,Software,105.00
ORD-012093,2026-07-16,North,Hardware,276.86
ORD-012094,2026-07-16,North,Software,124.00
ORD-012095,2026-07-16,North,Accessories,37.42
ORD-012096,2026-07-16,North,Software,190.19
ORD-012097,2026-07-16,North,Hardware,692.52
ORD-012098,2026-07-16,North,Accessories,47.03
ORD-012099,2026-07-16,North,Services,770.94
ORD-012100,2026-07-16,North,Services,260.72
ORD-012101,2026-07-16,North,Software,86.30
ORD-012102,2026-07-16,North,Services,378.20
ORD-012103,2026-07-16,North,Hardware,685.85
ORD-012104,2026-07-16,North,Software,130.17
ORD-012105,2026-07-16,North,Accessories,60.19
ORD-012106,2026-07-16,North,Software,66.25
ORD-012107,2026-07-16,North,Accessories,14.12
ORD-012108,2026-07-16,North,Hardware,426.12
ORD-012109,2026-07-16,North,Accessories,69.01
ORD-012110,2026-07-16,North,Software,122.59
ORD-012111,2026-07-16,North,Accessories,72.91
ORD-012112,2026-07-16,North,Hardware,181.77
ORD-012113,2026-07-16,North,Accessories,37.72
ORD-012114,2026-07-16,North,Services,279.52
ORD-012115,2026-07-16,North,,609.86
ORD-012116,2026-07-16,North,Accessories,53.29
ORD-012117,2026-07-16,North,Accessories,106.11
ORD-012118,2026-07-16,Central,Software,293.06
ORD-012119,2026-07-16,Central,Software,170.69
ORD-012120,2026-07-16,Central,Hardware,114.96
ORD-012121,2026-07-16,Central,Accessories,76.26
ORD-012122,2026-07-16,Central,Software,199.73
ORD-012123,2026-07-16,Central,Software,127.11
ORD-012124,2026-07-16,Central,Software,113.97
ORD-012125,2026-07-16,Central,Services,676.23
ORD-012126,2026-07-16,Central,Accessories,71.92
ORD-012127,2026-07-16,Central,Software,227.82
ORD-012128,2026-07-16,Central,Hardware,499.83
ORD-012129,2026-07-16,Central,Accessories,131.67
ORD-012130,2026-07-16,Central,Hardware,213.72
ORD-012131,2026-07-16,Central,Software,223.58
ORD-012132,2026-07-16,Central,Accessories,26.07
ORD-012133,2026-07-16,Central,Software,222.27
ORD-012134,2026-07-16,Central,Hardware,608.46
ORD-012135,2026-07-16,Central,Accessories,12.16
ORD-012136,2026-07-16,Central,Services,988.01
ORD-012137,2026-07-16,Central,Services,600.90
ORD-012138,2026-07-16,Central,Services,266.13
ORD-012139,2026-07-16,Central,Accessories,37.10
ORD-012140,2026-07-16,Central,Services,613.10
ORD-012141,2026-07-16,Central,Software,357.60
ORD-012142,2026-07-16,Central,Services,771.32
ORD-012143,2026-07-16,Central,Accessories,13.37
ORD-012144,2026-07-16,Central,Services,448.94
ORD-012145,2026-07-16,Central,Software,203.15
ORD-012146,2026-07-16,Central,Accessories,22.23
ORD-012147,2026-07-16,Central,Hardware,324.46
ORD-012148,2026-07-16,Central,Services,684.92
ORD-012149,2026-07-16,Central,Software,149.42
ORD-012150,2026-07-16,Central,Services,917.87
ORD-012151,2026-07-16,Central,Hardware,233.38
ORD-012152,2026-07-16,Central,Hardware,232.53
ORD-012153,2026-07-16,South,Hardware,568.02
ORD-012154,2026-07-16,South,,568.09
ORD-012155,2026-07-16,South,Software,75.22
ORD-012156,2026-07-16,South,Accessories,32.84
ORD-012157,2026-07-16,South,Services,739.04
ORD-012158,2026-07-16,South,Software,335.07
ORD-012159,2026-07-16,South,Services,693.83
ORD-012160,2026-07-16,South,Software,76.81
ORD-012161,2026-07-16,South,Software,195.72
ORD-012162,2026-07-16,South,Accessories,32.73
ORD-012163,2026-07-16,South,Software,124.79
ORD-012164,2026-07-16,South,Accessories,27.88
ORD-012165,2026-07-16,South,Accessories,40.79
ORD-012166,2026-07-16,South,Accessories,48.24
ORD-012167,2026-07-16,South,Services,241.67
ORD-012168,2026-07-16,South,Software,53.44
ORD-012169,2026-07-16,South,Hardware,129.72
ORD-012170,2026-07-16,South,Software,299.34
ORD-012171,2026-07-16,South,Software,130.90
ORD-012172,2026-07-16,South,Accessories,18.02
ORD-012173,2026-07-16,South,Hardware,432.80
ORD-012174,2026-07-16,South,Accessories,27.86
ORD-012175,2026-07-16,South,,325.41
ORD-012176,2026-07-16,South,Software,220.40
ORD-012177,2026-07-17,North,Hardware,164.29
ORD-012178,2026-07-17,North,Hardware,401.00
ORD-012179,2026-07-17,North,Services,186.46
ORD-012180,2026-07-17,North,Hardware,308.91
ORD-012181,2026-07-17,North,Services,1141.71
ORD-012182,2026-07-17,North,Software,81.17
ORD-012183,2026-07-17,North,Hardware,366.16
ORD-012184,2026-07-17,North,Services,1079.04
ORD-012185,2026-07-17,North,Services,393.06
ORD-012186,2026-07-17,North,Hardware,524.75
ORD-012187,2026-07-17,North,Hardware,918.95
ORD-012188,2026-07-17,North,Hardware,72.78
ORD-012189,2026-07-17,North,Services,143.43
ORD-012190,2026-07-17,North,Hardware,191.24
ORD-012191,2026-07-17,North,Accessories,31.58
ORD-012192,2026-07-17,North,Accessories,90.85
ORD-012193,2026-07-17,North,Services,274.42
ORD-012194,2026-07-17,North,Services,492.40
ORD-012195,2026-07-17,North,Hardware,334.31
ORD-012196,2026-07-17,North,Accessories,38.40
ORD-012197,2026-07-17,North,Software,48.01
ORD-012198,2026-07-17,North,Services,354.74
ORD-012199,2026-07-17,North,Hardware,167.76
ORD-012200,2026-07-17,North,Accessories,30.00
ORD-012201,2026-07-17,North,Accessories,99.73
ORD-012202,2026-07-17,North,Services,319.78
ORD-012203,2026-07-17,North,Software,170.54
ORD-012204,2026-07-17,North,Software,186.42
ORD-012205,2026-07-17,North,Services,400.73
ORD-012206,2026-07-17,North,Accessories,49.72
ORD-012207,2026-07-17,North,Accessories,43.36
ORD-012208,2026-07-17,North,Software,157.47
ORD-012209,2026-07-17,North,Accessories,20.86
ORD-012210,2026-07-17,North,Accessories,37.66
ORD-012211,2026-07-17,North,Hardware,288.95
ORD-012212,2026-07-17,North,Software,33.35
ORD-012213,2026-07-17,North,Accessories,96.42
ORD-012214,2026-07-17,North,Hardware,118.93
ORD-012215,2026-07-17,North,Accessories,35.94
ORD-012216,2026-07-17,North,Software,215.85
ORD-012217,2026-07-17,North,Software,404.98
ORD-012218,2026-07-17,North,Hardware,334.43
ORD-012219,2026-07-17,North,Accessories,113.34
ORD-012220,2026-07-17,North,Services,399.58
ORD-012221,2026-07-17,North,Accessories,50.90
ORD-012222,2026-07-17,North,Hardware,223.00
ORD-012223,2026-07-17,North,Accessories,15.37
ORD-012224,2026-07-17,North,Software,154.73
ORD-012225,2026-07-17,North,Software,188.90
ORD-012226,2026-07-17,North,Accessories,64.42
ORD-012227,2026-07-17,North,Software,88.93
ORD-012228,2026-07-17,North,Software,233.11
ORD-012229,2026-07-17,North,Accessories,15.98
ORD-012230,2026-07-17,Central,Hardware,444.60
ORD-012231,2026-07-17,Central,Services,1056.33
ORD-012232,2026-07-17,Central,Software,200.16
ORD-012233,2026-07-17,Central,Software,407.99
ORD-012234,2026-07-17,Central,Hardware,395.85
ORD-012235,2026-07-17,Central,Software,70.61
ORD-012236,2026-07-17,Central,Software,190.52
ORD-012237,2026-07-17,Central,Software,77.80
ORD-012238,2026-07-17,Central,Accessories,35.78
ORD-012239,2026-07-17,Central,Software,107.84
ORD-012240,2026-07-17,Central,Software,56.84
ORD-012241,2026-07-17,Central,Accessories,31.52
ORD-012242,2026-07-17,Central,Accessories,18.08
ORD-012243,2026-07-17,Central,Accessories,65.23
ORD-012244,2026-07-17,Central,Services,263.18
ORD-012245,2026-07-17,Central,Software,143.89
ORD-012246,2026-07-17,Central,Hardware,278.12
ORD-012247,2026-07-17,Central,Services,449.25
ORD-012248,2026-07-17,Central,Software,88.42
ORD-012249,2026-07-17,Central,Accessories,63.86
ORD-012250,2026-07-17,Central,Hardware,894.20
ORD-012251,2026-07-17,Central,Hardware,194.58
ORD-012252,2026-07-17,Central,Hardware,608.81
ORD-012253,2026-07-17,Central,Services,246.29
ORD-012254,2026-07-17,Central,Software,119.95
ORD-012255,2026-07-17,Central,Software,151.67
ORD-012256,2026-07-17,Central,Services,523.37
ORD-012257,2026-07-17,Central,Hardware,432.49
ORD-012258,2026-07-17,Central,Software,470.22
ORD-012259,2026-07-17,Central,Services,929.84
ORD-012260,2026-07-17,Central,Hardware,605.42
ORD-012261,2026-07-17,Central,Accessories,53.49
ORD-012262,2026-07-17,Central,Accessories,34.58
ORD-012263,2026-07-17,Central,Accessories,26.56
ORD-012264,2026-07-17,Central,Services,279.35
ORD-012265,2026-07-17,Central,Software,173.95
ORD-012266,2026-07-17,Central,Accessories,50.83
ORD-012267,2026-07-17,Central,Services,528.03
ORD-012268,2026-07-17,Central,Hardware,228.65
ORD-012269,2026-07-17,South,Hardware,82.88
ORD-012270,2026-07-17,South,Accessories,57.61
ORD-012271,2026-07-17,South,Accessories,18.84
ORD-012272,2026-07-17,South,Accessories,41.55
ORD-012273,2026-07-17,South,Software,135.10
ORD-012274,2026-07-17,South,Software,110.48
ORD-012275,2026-07-17,South,Hardware,98.67
ORD-012276,2026-07-17,South,Accessories,65.98
ORD-012277,2026-07-17,South,Software,326.11
ORD-012278,2026-07-17,South,Hardware,237.23
ORD-012279,2026-07-17,South,Software,265.09
ORD-012280,2026-07-17,South,Software,102.37
ORD-012281,2026-07-17,South,Accessories,35.51
ORD-012282,2026-07-17,South,Accessories,20.64
ORD-012283,2026-07-17,South,Software,65.93
ORD-012284,2026-07-17,South,Hardware,481.66
ORD-012285,2026-07-17,South,Services,236.95
ORD-012286,2026-07-17,South,Hardware,295.24
ORD-012287,2026-07-17,South,Hardware,196.65
ORD-012288,2026-07-17,South,Services,587.29
ORD-012289,2026-07-17,South,Accessories,76.68
ORD-012290,2026-07-17,South,Services,334.85
ORD-012291,2026-07-17,South,Software,213.32
ORD-012292,2026-07-17,South,Services,943.92
ORD-012293,2026-07-17,South,Software,51.24
ORD-012294,2026-07-17,South,Software,105.82
ORD-012295,2026-07-17,South,Accessories,46.26
ORD-012296,2026-07-17,South,Services,257.57
ORD-012297,2026-07-17,South,Hardware,157.16
ORD-012298,2026-07-17,South,Software,173.49
ORD-012299,2026-07-17,South,Services,1130.18
ORD-012300,2026-07-17,South,Hardware,308.67
ORD-012301,2026-07-17,South,Hardware,389.04
ORD-012302,2026-07-18,North,Accessories,34.38
ORD-012303,2026-07-18,North,Services,940.66
ORD-012304,2026-07-18,North,Hardware,269.71
ORD-012305,2026-07-18,North,Software,70.24
ORD-012306,2026-07-18,North,Accessories,36.75
ORD-012307,2026-07-18,North,Software,90.16
ORD-012308,2026-07-18,North,Accessories,26.61
ORD-012309,2026-07-18,North,Software,198.76
ORD-012310,2026-07-18,North,Accessories,38.24
ORD-012311,2026-07-18,North,Software,283.00
ORD-012312,2026-07-18,North,Hardware,251.49
ORD-012313,2026-07-18,North,Services,1472.16
ORD-012314,2026-07-18,North,Accessories,33.90
ORD-012315,2026-07-18,North,Services,312.65
ORD-012316,2026-07-18,North,Hardware,527.43
ORD-012317,2026-07-18,North,Accessories,50.30
ORD-012318,2026-07-18,North,Accessories,42.73
ORD-012319,2026-07-18,North,Software,60.11
ORD-012320,2026-07-18,North,Hardware,122.86
ORD-012321,2026-07-18,North,Accessories,62.78
ORD-012322,2026-07-18,North,Hardware,653.57
ORD-012323,2026-07-18,North,Hardware,267.65
ORD-012324,2026-07-18,North,Hardware,323.97
ORD-012325,2026-07-18,North,Hardware,416.30
ORD-012326,2026-07-18,North,Services,1185.99
ORD-012327,2026-07-18,North,Software,87.71
ORD-012328,2026-07-18,North,Accessories,39.27
ORD-012329,2026-07-18,North,Hardware,225.16
ORD-012330,2026-07-18,North,Services,400.85
ORD-012331,2026-07-18,Central,Hardware,320.46
ORD-012332,2026-07-18,Central,Accessories,53.40
ORD-012333,2026-07-18,Central,Services,604.25
ORD-012334,2026-07-18,Central,Software,100.25
ORD-012335,2026-07-18,Central,Software,332.67
ORD-012336,2026-07-18,Central,Hardware,227.03
ORD-012337,2026-07-18,Central,Hardware,192.07
ORD-012338,2026-07-18,Central,Hardware,515.50
ORD-012339,2026-07-18,Central,Software,78.75
ORD-012340,2026-07-18,Central,Services,551.95
ORD-012341,2026-07-18,Central,Accessories,15.87
ORD-012342,2026-07-18,Central,Services,491.47
ORD-012343,2026-07-18,Central,Hardware,422.17
ORD-012344,2026-07-18,Central,Accessories,97.64
ORD-012345,2026-07-18,Central,Software,113.67
ORD-012346,2026-07-18,Central,Accessories,58.78
ORD-012347,2026-07-18,Central,,87.65
ORD-012348,2026-07-18,Central,Hardware,340.26
ORD-012349,2026-07-18,Central,Services,512.52
ORD-012350,2026-07-18,Central,Hardware,86.16
ORD-012351,2026-07-18,Central,Hardware,173.63
ORD-012352,2026-07-18,Central,Hardware,234.66
ORD-012353,2026-07-18,South,Accessories,30.97
ORD-012354,2026-07-18,South,Hardware,363.38
ORD-012355,2026-07-18,South,Accessories,82.81
ORD-012356,2026-07-18,South,Hardware,642.25
ORD-012357,2026-07-18,South,Accessories,80.39
ORD-012358,2026-07-18,South,Services,472.34
ORD-012359,2026-07-18,South,Hardware,160.57
ORD-012360,2026-07-18,South,Accessories,18.28
ORD-012361,2026-07-18,South,Accessories,13.97
ORD-012362,2026-07-18,South,Services,1458.77
ORD-012363,2026-07-18,South,Accessories,17.38
ORD-012364,2026-07-18,South,Accessories,46.26
ORD-012365,2026-07-18,South,Software,98.65
ORD-012366,2026-07-18,South,Software,109.86
ORD-012367,2026-07-18,South,Hardware,388.13
ORD-012368,2026-07-18,South,Services,506.23
ORD-012369,2026-07-18,South,Services,1307.22
ORD-012370,2026-07-19,North,Software,144.92
ORD-012371,2026-07-19,North,Accessories,25.82
ORD-012372,2026-07-19,North,Accessories,16.79
ORD-012373,2026-07-19,North,Services,618.67
ORD-012374,2026-07-19,North,Services,582.38
ORD-012375,2026-07-19,North,Services,539.81
ORD-012376,2026-07-19,North,Accessories,21.55
ORD-012377,2026-07-19,North,Software,344.78
ORD-012378,2026-07-19,North,Hardware,111.42
ORD-012379,2026-07-19,North,Software,302.23
ORD-012380,2026-07-19,North,Hardware,108.32
ORD-012381,2026-07-19,North,Services,1677.25
ORD-012382,2026-07-19,North,Software,102.31
ORD-012383,2026-07-19,North,Hardware,453.06
ORD-012384,2026-07-19,North,Services,430.83
ORD-012385,2026-07-19,North,Accessories,60.89
ORD-012386,2026-07-19,North,Hardware,194.79
ORD-012387,2026-07-19,North,Accessories,44.46
ORD-012388,2026-07-19,North,Accessories,45.35
ORD-012389,2026-07-19,North,Software,61.00
ORD-012390,2026-07-19,North,Services,1413.81
ORD-012391,2026-07-19,North,Accessories,18.09
ORD-012392,2026-07-19,North,Accessories,19.89
ORD-012393,2026-07-19,North,Services,246.94
ORD-012394,2026-07-19,North,Software,87.24
ORD-012395,2026-07-19,North,,423.31
ORD-012396,2026-07-19,North,Services,458.98
ORD-012397,2026-07-19,North,Hardware,422.41
ORD-012398,2026-07-19,North,Software,67.28
ORD-012399,2026-07-19,North,Hardware,330.88
ORD-012400,2026-07-19,North,Hardware,375.69
ORD-012401,2026-07-19,North,Hardware,222.68
ORD-012402,2026-07-19,North,Hardware,416.32
ORD-012403,2026-07-19,North,Services,439.81
ORD-012404,2026-07-19,North,Accessories,53.88
ORD-012405,2026-07-19,North,Software,88.81
ORD-012406,2026-07-19,North,Services,520.60
ORD-012407,2026-07-19,North,Software,236.43
ORD-012408,2026-07-19,North,Accessories,80.60
ORD-012409,2026-07-19,North,Services,408.27
ORD-012410,2026-07-19,Central,Accessories,20.19
ORD-012411,2026-07-19,Central,Hardware,190.96
ORD-012412,2026-07-19,Central,Software,276.69
ORD-012413,2026-07-19,Central,Software,212.47
ORD-012414,2026-07-19,Central,Hardware,181.88
ORD-012415,2026-07-19,Central,Hardware,158.15
ORD-012416,2026-07-19,Central,Hardware,165.71
ORD-012417,2026-07-19,Central,Hardware,284.50
ORD-012418,2026-07-19,Central,Software,97.17
ORD-012419,2026-07-19,Central,Hardware,197.26
ORD-012420,2026-07-19,Central,Services,254.70
ORD-012421,2026-07-19,Central,Accessories,63.12
ORD-012422,2026-07-19,Central,Services,510.80
ORD-012423,2026-07-19,Central,Hardware,126.29
ORD-012424,2026-07-19,Central,Software,83.65
ORD-012425,2026-07-19,Central,Accessories,33.29
ORD-012426,2026-07-19,Central,Hardware,493.60
ORD-012427,2026-07-19,Central,Accessories,33.72
ORD-012428,2026-07-19,Central,Accessories,70.35
ORD-012429,2026-07-19,Central,Software,136.58
ORD-012430,2026-07-19,Central,Accessories,65.79
ORD-012431,2026-07-19,Central,Accessories,18.84
ORD-012432,2026-07-19,Central,Accessories,90.44
ORD-012433,2026-07-19,Central,Services,385.53
ORD-012434,2026-07-19,Central,Software,186.22
ORD-012435,2026-07-19,Central,Accessories,17.27
ORD-012436,2026-07-19,Central,Accessories,13.81
ORD-012437,2026-07-19,Central,Software,333.69
ORD-012438,2026-07-19,Central,Hardware,764.70
ORD-012439,2026-07-19,Central,Hardware,364.89
ORD-012440,2026-07-19,Central,Services,437.11
ORD-012441,2026-07-19,Central,Hardware,240.81
ORD-012442,2026-07-19,Central,Software,56.50
ORD-012443,2026-07-19,Central,Services,489.36
ORD-012444,2026-07-19,South,Hardware,401.22
ORD-012445,2026-07-19,South,Hardware,531.53
ORD-012446,2026-07-19,South,Hardware,195.64
ORD-012447,2026-07-19,South,Hardware,737.44
ORD-012448,2026-07-19,South,Software,259.41
ORD-012449,2026-07-19,South,Accessories,41.73
ORD-012450,2026-07-19,South,Software,265.30
ORD-012451,2026-07-19,South,Hardware,229.15
ORD-012452,2026-07-19,South,Hardware,394.84
ORD-012453,2026-07-19,South,Accessories,67.47
ORD-012454,2026-07-19,South,Hardware,333.85
ORD-012455,2026-07-19,South,Services,323.70
ORD-012456,2026-07-19,South,Accessories,23.70
ORD-012457,2026-07-19,South,Software,61.27
ORD-012458,2026-07-19,South,Software,41.70
ORD-012459,2026-07-19,South,Hardware,164.68
ORD-012460,2026-07-19,South,Services,672.84
ORD-012461,2026-07-20,North,Hardware,432.24
ORD-012462,2026-07-20,North,Hardware,300.88
ORD-012463,2026-07-20,North,Software,139.57
ORD-012464,2026-07-20,North,Software,160.37
ORD-012465,2026-07-20,North,Services,485.58
ORD-012466,2026-07-20,North,Software,105.18
ORD-012467,2026-07-20,North,Services,200.89
ORD-012468,2026-07-20,North,Accessories,43.22
ORD-012469,2026-07-20,North,,38.31
ORD-012470,2026-07-20,North,Services,1215.99
ORD-012471,2026-07-20,North,Software,207.93
ORD-012472,2026-07-20,North,Software,269.94
ORD-012473,2026-07-20,North,Services,1016.09
ORD-012474,2026-07-20,North,Accessories,45.55
ORD-012475,2026-07-20,North,Software,46.22
ORD-012476,2026-07-20,North,Hardware,175.81
ORD-012477,2026-07-20,North,Hardware,475.44
ORD-012478,2026-07-20,North,Hardware,331.38
ORD-012479,2026-07-20,North,Hardware,235.12
ORD-012480,2026-07-20,North,Accessories,58.01
ORD-012481,2026-07-20,North,Hardware,254.32
ORD-012482,2026-07-20,North,Software,73.59
ORD-012483,2026-07-20,North,Accessories,23.19
ORD-012484,2026-07-20,North,Software,123.86
ORD-012485,2026-07-20,North,Hardware,186.13
ORD-012486,2026-07-20,North,Software,57.19
ORD-012487,2026-07-20,North,Services,913.50
ORD-012488,2026-07-20,North,Hardware,353.30
ORD-012489,2026-07-20,North,Accessories,30.82
ORD-012490,2026-07-20,North,,284.69
ORD-012491,2026-07-20,North,Hardware,150.29
ORD-012492,2026-07-20,North,Hardware,197.07
ORD-012493,2026-07-20,North,Accessories,44.33
ORD-012494,2026-07-20,North,Software,86.18
ORD-012495,2026-07-20,North,Services,159.53
ORD-012496,2026-07-20,North,Accessories,18.31
ORD-012497,2026-07-20,North,Software,121.95
ORD-012498,2026-07-20,North,Services,715.74
ORD-012499,2026-07-20,North,Hardware,206.19
ORD-012500,2026-07-20,North,Hardware,188.54
ORD-012501,2026-07-20,North,Services,417.13
ORD-012502,2026-07-20,North,Software,172.14
ORD-012503,2026-07-20,North,Accessories,25.29
ORD-012504,2026-07-20,North,Hardware,114.90
ORD-012505,2026-07-20,North,Hardware,277.17
ORD-012506,2026-07-20,North,Accessories,13.42
ORD-012507,2026-07-20,North,Accessories,34.60
ORD-012508,2026-07-20,North,Accessories,64.09
ORD-012509,2026-07-20,North,Services,228.41
ORD-012510,2026-07-20,North,Services,185.14
ORD-012511,2026-07-20,North,Hardware,302.73
ORD-012512,2026-07-20,North,Software,167.30
ORD-012513,2026-07-20,North,Software,51.48
ORD-012514,2026-07-20,North,Hardware,744.22
ORD-012515,2026-07-20,North,Software,134.04
ORD-012516,2026-07-20,North,Software,270.74
ORD-012517,2026-07-20,North,Software,113.88
ORD-012518,2026-07-20,North,Hardware,223.17
ORD-012519,2026-07-20,North,Hardware,409.50
ORD-012520,2026-07-20,Central,Hardware,96.65
ORD-012521,2026-07-20,Central,Software,80.65
ORD-012522,2026-07-20,Central,Accessories,19.68
ORD-012523,2026-07-20,Central,Hardware,407.71
ORD-012524,2026-07-20,Central,Services,887.88
ORD-012525,2026-07-20,Central,Accessories,77.38
ORD-012526,2026-07-20,Central,Accessories,103.54
ORD-012527,2026-07-20,Central,Hardware,270.70
ORD-012528,2026-07-20,Central,Services,264.51
ORD-012529,2026-07-20,Central,Software,95.17
ORD-012530,2026-07-20,Central,Services,261.44
ORD-012531,2026-07-20,Central,Software,144.61
ORD-012532,2026-07-20,Central,Hardware,824.92
ORD-012533,2026-07-20,Central,Hardware,239.95
ORD-012534,2026-07-20,Central,Software,70.96
ORD-012535,2026-07-20,Central,Software,208.53
ORD-012536,2026-07-20,Central,Accessories,91.55
ORD-012537,2026-07-20,Central,Software,56.39
ORD-012538,2026-07-20,Central,Hardware,330.28
ORD-012539,2026-07-20,Central,Hardware,462.70
ORD-012540,2026-07-20,Central,Software,380.49
ORD-012541,2026-07-20,Central,Accessories,15.55
ORD-012542,2026-07-20,Central,Hardware,151.32
ORD-012543,2026-07-20,Central,Services,241.14
ORD-012544,2026-07-20,Central,Accessories,46.92
ORD-012545,2026-07-20,Central,,348.33
ORD-012546,2026-07-20,Central,Services,504.45
ORD-012547,2026-07-20,Central,Services,410.98
ORD-012548,2026-07-20,Central,Software,91.61
ORD-012549,2026-07-20,Central,Services,586.27
ORD-012550,2026-07-20,Central,Services,285.38
ORD-012551,2026-07-20,Central,Accessories,35.15
ORD-012552,2026-07-20,Central,Accessories,38.98
ORD-012553,2026-07-20,Central,Hardware,440.76
ORD-012554,2026-07-20,Central,Software,252.37
ORD-012555,2026-07-20,Central,Accessories,19.08
ORD-012556,2026-07-20,Central,Software,28.24
ORD-012557,2026-07-20,Central,Hardware,419.37
ORD-012558,2026-07-20,Central,Hardware,628.81
ORD-012559,2026-07-20,Central,Services,837.77
ORD-012560,2026-07-20,Central,Software,158.30
ORD-012561,2026-07-20,Central,Software,169.86
ORD-012562,2026-07-20,Central,Software,423.04
ORD-012563,2026-07-20,Central,Software,135.83
ORD-012564,2026-07-20,Central,Services,317.00
ORD-012565,2026-07-20,Central,Accessories,40.86
ORD-012566,2026-07-20,Central,Hardware,860.27
ORD-012567,2026-07-20,Central,Accessories,52.06
ORD-012568,2026-07-20,Central,Hardware,162.49
ORD-012569,2026-07-20,South,Accessories,28.15
ORD-012570,2026-07-20,South,Hardware,607.22
ORD-012571,2026-07-20,South,Services,244.37
ORD-012572,2026-07-20,South,Software,117.78
ORD-012573,2026-07-20,South,Hardware,190.66
ORD-012574,2026-07-20,South,Hardware,236.10
ORD-012575,2026-07-20,South,Services,301.80
ORD-012576,2026-07-20,South,Software,154.34
ORD-012577,2026-07-20,South,Software,100.06
ORD-012578,2026-07-20,South,Software,300.90
ORD-012579,2026-07-20,South,Hardware,352.40
ORD-012580,2026-07-20,South,Accessories,59.18
ORD-012581,2026-07-20,South,Services,817.55
ORD-012582,2026-07-20,South,Hardware,1029.17
ORD-012583,2026-07-20,South,Software,145.64
ORD-012584,2026-07-20,South,Hardware,309.03
ORD-012585,2026-07-20,South,Hardware,317.09
ORD-012586,2026-07-20,South,Accessories,26.45
ORD-012587,2026-07-20,South,Accessories,57.23
ORD-012588,2026-07-20,South,Hardware,557.44
ORD-012589,2026-07-20,South,Software,78.33
ORD-012590,2026-07-20,South,Services,310.42
ORD-012591,2026-07-20,South,Software,195.16
ORD-012592,2026-07-20,South,,1142.33
ORD-012593,2026-07-20,South,Software,50.41
ORD-012594,2026-07-21,North,Accessories,46.44
ORD-012595,2026-07-21,North,Accessories,68.62
ORD-012596,2026-07-21,North,Software,136.39
ORD-012597,2026-07-21,North,Hardware,488.87
ORD-012598,2026-07-21,North,Services,602.73
ORD-012599,2026-07-21,North,Services,466.08
ORD-012600,2026-07-21,North,Hardware,141.46
ORD-012601,2026-07-21,North,Services,830.00
ORD-012602,2026-07-21,North,Software,303.23
ORD-012603,2026-07-21,North,Software,112.33
ORD-012604,2026-07-21,North,Software,96.90
ORD-012605,2026-07-21,North,Hardware,554.69
ORD-012606,2026-07-21,North,Hardware,125.77
ORD-012607,2026-07-21,North,Software,91.96
ORD-012608,2026-07-21,North,Accessories,62.90
ORD-012609,2026-07-21,North,Services,317.76
ORD-012610,2026-07-21,North,Hardware,447.43
ORD-012611,2026-07-21,North,Hardware,146.99
ORD-012612,2026-07-21,North,Accessories,33.69
ORD-012613,2026-07-21,North,Services,745.21
ORD-012614,2026-07-21,North,Hardware,111.90
ORD-012615,2026-07-21,North,Software,48.36
ORD-012616,2026-07-21,North,Services,854.24
ORD-012617,2026-07-21,North,Services,214.58
ORD-012618,2026-07-21,North,Accessories,44.36
ORD-012619,2026-07-21,North,Hardware,540.49
ORD-012620,2026-07-21,North,Services,535.67
ORD-012621,2026-07-21,North,Hardware,760.35
ORD-012622,2026-07-21,North,Accessories,41.11
ORD-012623,2026-07-21,North,,112.30
ORD-012624,2026-07-21,North,Software,172.69
ORD-012625,2026-07-21,North,Services,784.50
ORD-012626,2026-07-21,North,Services,420.60
ORD-012627,2026-07-21,North,Hardware,188.99
ORD-012628,2026-07-21,North,Services,874.91
ORD-012629,2026-07-21,North,Accessories,21.68
ORD-012630,2026-07-21,North,Hardware,841.61
ORD-012631,2026-07-21,North,Software,77.68
ORD-012632,2026-07-21,North,Services,336.83
ORD-012633,2026-07-21,North,Software,141.41
ORD-012634,2026-07-21,North,Services,293.68
ORD-012635,2026-07-21,North,Services,511.76
ORD-012636,2026-07-21,North,Accessories,14.78
ORD-012637,2026-07-21,Central,Services,454.76
ORD-012638,2026-07-21,Central,Accessories,57.16
ORD-012639,2026-07-21,Central,Hardware,381.21
ORD-012640,2026-07-21,Central,Software,136.78
ORD-012641,2026-07-21,Central,Hardware,755.35
ORD-012642,2026-07-21,Central,Software,195.59
ORD-012643,2026-07-21,Central,Hardware,419.28
ORD-012644,2026-07-21,Central,Services,315.37
ORD-012645,2026-07-21,Central,Hardware,42.15
ORD-012646,2026-07-21,Central,Accessories,43.49
ORD-012647,2026-07-21,Central,Accessories,17.58
ORD-012648,2026-07-21,Central,Accessories,74.75
ORD-012649,2026-07-21,Central,Software,99.69
ORD-012650,2026-07-21,Central,Software,221.51
ORD-012651,2026-07-21,Central,Services,277.35
ORD-012652,2026-07-21,Central,Hardware,175.22
ORD-012653,2026-07-21,Central,Services,871.51
ORD-012654,2026-07-21,Central,Software,179.02
ORD-012655,2026-07-21,Central,Hardware,341.33
ORD-012656,2026-07-21,Central,Services,356.85
ORD-012657,2026-07-21,Central,Services,514.59
ORD-012658,2026-07-21,Central,Software,117.74
ORD-012659,2026-07-21,Central,Hardware,376.84
ORD-012660,2026-07-21,Central,Software,257.71
ORD-012661,2026-07-21,Central,Services,1247.96
ORD-012662,2026-07-21,Central,Services,156.93
ORD-012663,2026-07-21,Central,Software,123.14
ORD-012664,2026-07-21,Central,Accessories,58.42
ORD-012665,2026-07-21,Central,Accessories,27.35
ORD-012666,2026-07-21,Central,Accessories,41.84
ORD-012667,2026-07-21,Central,Software,126.28
ORD-012668,2026-07-21,Central,Software,83.65
ORD-012669,2026-07-21,Central,Hardware,342.14
ORD-012670,2026-07-21,Central,Software,204.58
ORD-012671,2026-07-21,Central,Hardware,387.02
ORD-012672,2026-07-21,Central,Hardware,126.47
ORD-012673,2026-07-21,Central,Hardware,366.84
ORD-012674,2026-07-21,Central,Services,595.85
ORD-012675,2026-07-21,Central,Hardware,183.96
ORD-012676,2026-07-21,Central,Hardware,315.73
ORD-012677,2026-07-21,Central,Software,243.64
ORD-012678,2026-07-21,Central,Hardware,198.61
ORD-012679,2026-07-21,Central,Hardware,262.16
ORD-012680,2026-07-21,Central,Software,241.87
ORD-012681,2026-07-21,Central,Services,328.08
ORD-012682,2026-07-21,Central,Hardware,392.89
ORD-012683,2026-07-21,South,Hardware,301.05
ORD-012684,2026-07-21,South,Services,1107.14
ORD-012685,2026-07-21,South,Software,142.63
ORD-012686,2026-07-21,South,,46.02
ORD-012687,2026-07-21,South,Software,281.99
ORD-012688,2026-07-21,South,Hardware,479.44
ORD-012689,2026-07-21,South,Hardware,253.04
ORD-012690,2026-07-21,South,Hardware,363.85
ORD-012691,2026-07-21,South,Software,173.02
ORD-012692,2026-07-21,South,Hardware,441.42
ORD-012693,2026-07-21,South,Hardware,259.70
ORD-012694,2026-07-21,South,Services,320.53
ORD-012695,2026-07-21,South,Services,322.06
ORD-012696,2026-07-21,South,Accessories,68.99
ORD-012697,2026-07-21,South,Hardware,247.02
ORD-012698,2026-07-21,South,Services,716.07
ORD-012699,2026-07-21,South,Accessories,34.85
ORD-012700,2026-07-21,South,Hardware,184.19
ORD-012701,2026-07-21,South,Software,159.19
ORD-012702,2026-07-21,South,Hardware,757.61
ORD-012703,2026-07-21,South,Services,323.81
ORD-012704,2026-07-21,South,Software,270.83
ORD-012705,2026-07-21,South,Accessories,81.37
ORD-012706,2026-07-21,South,Software,54.21
ORD-012707,2026-07-21,South,Hardware,335.65
ORD-012708,2026-07-21,South,Services,671.05
ORD-012709,2026-07-21,South,Accessories,17.78
ORD-012710,2026-07-21,South,Software,301.73
ORD-012711,2026-07-21,South,Software,328.01
ORD-012712,2026-07-21,South,Services,387.62
ORD-012713,2026-07-21,South,Software,82.39
ORD-012714,2026-07-21,South,Hardware,396.63
ORD-012715,2026-07-22,North,Services,649.08
ORD-012716,2026-07-22,North,Services,572.71
ORD-012717,2026-07-22,North,Hardware,215.32
ORD-012718,2026-07-22,North,Accessories,29.24
ORD-012719,2026-07-22,North,Hardware,405.12
ORD-012720,2026-07-22,North,Software,134.60
ORD-012721,2026-07-22,North,Hardware,249.75
ORD-012722,2026-07-22,North,Software,419.04
ORD-012723,2026-07-22,North,Services,686.05
ORD-012724,2026-07-22,North,Hardware,274.78
ORD-012725,2026-07-22,North,Services,394.40
ORD-012726,2026-07-22,North,Services,532.32
ORD-012727,2026-07-22,North,Services,583.48
ORD-012728,2026-07-22,North,Services,436.45
ORD-012729,2026-07-22,North,Software,121.99
ORD-012730,2026-07-22,North,Accessories,39.65
ORD-012731,2026-07-22,North,Hardware,426.51
ORD-012732,2026-07-22,North,Hardware,115.90
ORD-012733,2026-07-22,North,Services,1028.74
ORD-012734,2026-07-22,North,Services,669.36
ORD-012735,2026-07-22,North,Hardware,202.16
ORD-012736,2026-07-22,North,Software,231.08
ORD-012737,2026-07-22,North,Services,587.39
ORD-012738,2026-07-22,North,Services,332.34
ORD-012739,2026-07-22,North,Hardware,264.45
ORD-012740,2026-07-22,North,Hardware,291.25
ORD-012741,2026-07-22,North,Services,396.78
ORD-012742,2026-07-22,North,Hardware,286.21
ORD-012743,2026-07-22,North,Software,189.14
ORD-012744,2026-07-22,North,Accessories,48.16
ORD-012745,2026-07-22,North,Services,1389.60
ORD-012746,2026-07-22,North,Services,325.96
ORD-012747,2026-07-22,North,,144.17
ORD-012748,2026-07-22,North,Hardware,123.36
ORD-012749,2026-07-22,North,Services,371.53
ORD-012750,2026-07-22,North,Accessories,54.09
ORD-012751,2026-07-22,North,Hardware,286.54
ORD-012752,2026-07-22,North,Services,255.27
ORD-012753,2026-07-22,North,Accessories,20.94
ORD-012754,2026-07-22,North,Accessories,23.55
ORD-012755,2026-07-22,North,Hardware,153.89
ORD-012756,2026-07-22,North,Accessories,20.98
ORD-012757,2026-07-22,Central,Software,403.26
ORD-012758,2026-07-22,Central,Software,202.36
ORD-012759,2026-07-22,Central,Accessories,16.73
ORD-012760,2026-07-22,Central,Software,85.29
ORD-012761,2026-07-22,Central,Software,274.88
ORD-012762,2026-07-22,Central,Hardware,374.76
ORD-012763,2026-07-22,Central,Accessories,22.14
ORD-012764,2026-07-22,Central,Accessories,13.37
ORD-012765,2026-07-22,Central,Services,732.59
ORD-012766,2026-07-22,Central,Software,67.14
ORD-012767,2026-07-22,Central,Hardware,175.06
ORD-012768,2026-07-22,Central,Software,158.81
ORD-012769,2026-07-22,Central,Hardware,262.57
ORD-012770,2026-07-22,Central,Software,241.88
ORD-012771,2026-07-22,Central,Software,59.55
ORD-012772,2026-07-22,Central,,559.32
ORD-012773,2026-07-22,Central,Hardware,124.59
ORD-012774,2026-07-22,Central,Services,208.83
ORD-012775,2026-07-22,Central,Hardware,128.30
ORD-012776,2026-07-22,Central,Hardware,240.97
ORD-012777,2026-07-22,Central,Services,489.20
ORD-012778,2026-07-22,Central,Accessories,29.68
ORD-012779,2026-07-22,Central,Services,677.24
ORD-012780,2026-07-22,Central,Services,592.47
ORD-012781,2026-07-22,Central,Software,76.37
ORD-012782,2026-07-22,Central,Accessories,22.26
ORD-012783,2026-07-22,Central,Software,153.90
ORD-012784,2026-07-22,Central,Accessories,44.41
ORD-012785,2026-07-22,Central,Software,80.38
ORD-012786,2026-07-22,Central,Accessories,28.23
ORD-012787,2026-07-22,Central,Services,491.62
ORD-012788,2026-07-22,Central,Software,274.87
ORD-012789,2026-07-22,Central,Software,116.79
ORD-012790,2026-07-22,Central,Hardware,323.83
ORD-012791,2026-07-22,Central,Software,87.97
ORD-012792,2026-07-22,Central,Software,115.23
ORD-012793,2026-07-22,Central,Hardware,478.85
ORD-012794,2026-07-22,Central,Services,787.67
ORD-012795,2026-07-22,Central,Hardware,428.80
ORD-012796,2026-07-22,Central,Hardware,198.33
ORD-012797,2026-07-22,Central,Software,142.95
ORD-012798,2026-07-22,Central,Accessories,74.71
ORD-012799,2026-07-22,Central,Hardware,285.92
ORD-012800,2026-07-22,South,Hardware,131.58
ORD-012801,2026-07-22,South,Software,212.18
ORD-012802,2026-07-22,South,Services,1449.82
ORD-012803,2026-07-22,South,Services,605.10
ORD-012804,2026-07-22,South,Hardware,194.12
ORD-012805,2026-07-22,South,Accessories,24.16
ORD-012806,2026-07-22,South,Services,638.59
ORD-012807,2026-07-22,South,Services,479.66
ORD-012808,2026-07-22,South,Services,1664.14
ORD-012809,2026-07-22,South,Software,130.52
ORD-012810,2026-07-22,South,Accessories,34.65
ORD-012811,2026-07-22,South,Accessories,171.17
ORD-012812,2026-07-22,South,Software,55.45
ORD-012813,2026-07-22,South,Hardware,390.99
ORD-012814,2026-07-22,South,Accessories,16.18
ORD-012815,2026-07-22,South,Accessories,44.29
ORD-012816,2026-07-22,South,Hardware,348.27
ORD-012817,2026-07-22,South,Accessories,162.03
ORD-012818,2026-07-22,South,Software,556.42
ORD-012819,2026-07-22,South,Accessories,104.79
ORD-012820,2026-07-22,South,Software,112.39
ORD-012821,2026-07-22,South,Accessories,21.46
ORD-012822,2026-07-22,South,Services,343.10
ORD-012823,2026-07-22,South,Accessories,49.57
ORD-012824,2026-07-22,South,Accessories,57.78
ORD-012825,2026-07-22,South,Accessories,56.28
ORD-012826,2026-07-22,South,Hardware,579.71
ORD-012827,2026-07-23,North,Accessories,104.99
ORD-012828,2026-07-23,North,Accessories,21.35
ORD-012829,2026-07-23,North,Services,1858.86
ORD-012830,2026-07-23,North,Hardware,247.83
ORD-012831,2026-07-23,North,Hardware,413.68
ORD-012832,2026-07-23,North,Software,207.28
ORD-012833,2026-07-23,North,Services,934.31
ORD-012834,2026-07-23,North,Accessories,64.12
ORD-012835,2026-07-23,North,Services,1046.26
ORD-012836,2026-07-23,North,Services,281.90
ORD-012837,2026-07-23,North,Accessories,37.80
ORD-012838,2026-07-23,North,,14.52
ORD-012839,2026-07-23,North,Hardware,477.42
ORD-012840,2026-07-23,North,Services,486.07
ORD-012841,2026-07-23,North,Accessories,31.33
ORD-012842,2026-07-23,North,Services,652.96
ORD-012843,2026-07-23,North,Services,381.02
ORD-012844,2026-07-23,North,Hardware,465.70
ORD-012845,2026-07-23,North,Software,151.07
ORD-012846,2026-07-23,North,Accessories,14.79
ORD-012847,2026-07-23,North,Software,84.60
ORD-012848,2026-07-23,North,Accessories,28.96
ORD-012849,2026-07-23,North,Software,48.65
ORD-012850,2026-07-23,North,Services,171.89
ORD-012851,2026-07-23,North,Software,270.57
ORD-012852,2026-07-23,North,Services,988.16
ORD-012853,2026-07-23,North,Software,118.55
ORD-012854,2026-07-23,North,Services,519.81
ORD-012855,2026-07-23,North,Accessories,15.34
ORD-012856,2026-07-23,North,,780.16
ORD-012857,2026-07-23,North,Accessories,14.36
ORD-012858,2026-07-23,North,Hardware,800.08
ORD-012859,2026-07-23,North,Software,59.37
ORD-012860,2026-07-23,North,Accessories,33.68
ORD-012861,2026-07-23,North,Accessories,56.97
ORD-012862,2026-07-23,North,Accessories,18.13
ORD-012863,2026-07-23,North,Services,697.61
ORD-012864,2026-07-23,North,Accessories,32.09
ORD-012865,2026-07-23,North,Hardware,546.55
ORD-012866,2026-07-23,North,Hardware,386.88
ORD-012867,2026-07-23,North,Hardware,238.26
ORD-012868,2026-07-23,North,Software,314.91
ORD-012869,2026-07-23,North,Services,423.31
ORD-012870,2026-07-23,North,Hardware,306.39
ORD-012871,2026-07-23,North,Hardware,238.81
ORD-012872,2026-07-23,North,Accessories,85.48
ORD-012873,2026-07-23,North,Software,133.01
ORD-012874,2026-07-23,North,Software,61.60
ORD-012875,2026-07-23,North,Software,260.09
ORD-012876,2026-07-23,North,Accessories,17.15
ORD-012877,2026-07-23,North,Accessories,20.42
ORD-012878,2026-07-23,Central,Accessories,25.73
ORD-012879,2026-07-23,Central,Hardware,841.30
ORD-012880,2026-07-23,Central,Accessories,18.97
ORD-012881,2026-07-23,Central,Services,220.37
ORD-012882,2026-07-23,Central,Hardware,1034.46
ORD-012883,2026-07-23,Central,Accessories,35.31
ORD-012884,2026-07-23,Central,Accessories,30.06
ORD-012885,2026-07-23,Central,Software,115.06
ORD-012886,2026-07-23,Central,Hardware,182.83
ORD-012887,2026-07-23,Central,Software,62.01
ORD-012888,2026-07-23,Central,Software,115.17
ORD-012889,2026-07-23,Central,Hardware,145.83
ORD-012890,2026-07-23,Central,Software,146.45
ORD-012891,2026-07-23,Central,Services,1331.22
ORD-012892,2026-07-23,Central,Software,109.00
ORD-012893,2026-07-23,Central,Services,235.55
ORD-012894,2026-07-23,Central,Software,282.85
ORD-012895,2026-07-23,Central,Hardware,286.08
ORD-012896,2026-07-23,Central,Software,135.44
ORD-012897,2026-07-23,Central,Services,502.28
ORD-012898,2026-07-23,Central,Hardware,534.20
ORD-012899,2026-07-23,Central,Software,226.94
ORD-012900,2026-07-23,Central,Services,598.60
ORD-012901,2026-07-23,Central,Software,101.31
ORD-012902,2026-07-23,Central,Accessories,48.18
ORD-012903,2026-07-23,Central,Services,551.47
ORD-012904,2026-07-23,Central,Software,138.11
ORD-012905,2026-07-23,Central,Accessories,27.22
ORD-012906,2026-07-23,Central,Software,253.46
ORD-012907,2026-07-23,Central,Software,373.02
ORD-012908,2026-07-23,Central,Accessories,54.73
ORD-012909,2026-07-23,Central,Accessories,39.64
ORD-012910,2026-07-23,Central,Software,69.78
ORD-012911,2026-07-23,Central,Hardware,272.87
ORD-012912,2026-07-23,Central,Services,378.16
ORD-012913,2026-07-23,Central,Hardware,149.20
ORD-012914,2026-07-23,Central,Services,225.53
ORD-012915,2026-07-23,Central,Software,163.03
ORD-012916,2026-07-23,South,Services,904.47
ORD-012917,2026-07-23,South,Accessories,87.72
ORD-012918,2026-07-23,South,Accessories,40.36
ORD-012919,2026-07-23,South,Software,122.04
ORD-012920,2026-07-23,South,Software,222.35
ORD-012921,2026-07-23,South,Software,299.88
ORD-012922,2026-07-23,South,Accessories,27.83
ORD-012923,2026-07-23,South,Services,739.01
ORD-012924,2026-07-23,South,Hardware,135.77
ORD-012925,2026-07-23,South,Services,156.79
ORD-012926,2026-07-23,South,Software,177.59
ORD-012927,2026-07-23,South,Services,636.82
ORD-012928,2026-07-23,South,Services,602.98
ORD-012929,2026-07-23,South,Software,86.50
ORD-012930,2026-07-23,South,Software,184.54
ORD-012931,2026-07-23,South,Services,1293.93
ORD-012932,2026-07-23,South,Hardware,239.88
ORD-012933,2026-07-23,South,Services,356.91
ORD-012934,2026-07-23,South,Hardware,351.07
ORD-012935,2026-07-23,South,Hardware,691.89
ORD-012936,2026-07-23,South,Services,550.13
ORD-012937,2026-07-23,South,Services,571.33
ORD-012938,2026-07-24,North,Services,642.00
ORD-012939,2026-07-24,North,Accessories,46.30
ORD-012940,2026-07-24,North,Services,303.45
ORD-012941,2026-07-24,North,Services,833.34
ORD-012942,2026-07-24,North,Services,1158.53
ORD-012943,2026-07-24,North,Accessories,18.95
ORD-012944,2026-07-24,North,Accessories,38.92
ORD-012945,2026-07-24,North,Services,85.44
ORD-012946,2026-07-24,North,Services,325.90
ORD-012947,2026-07-24,North,Software,76.99
ORD-012948,2026-07-24,North,Software,78.98
ORD-012949,2026-07-24,North,Hardware,166.88
ORD-012950,2026-07-24,North,Hardware,174.49
ORD-012951,2026-07-24,North,Software,381.35
ORD-012952,2026-07-24,North,Hardware,305.51
ORD-012953,2026-07-24,North,Accessories,65.74
ORD-012954,2026-07-24,North,Accessories,37.83
ORD-012955,2026-07-24,North,Accessories,45.91
ORD-012956,2026-07-24,North,Software,292.97
ORD-012957,2026-07-24,North,Hardware,305.53
ORD-012958,2026-07-24,North,Hardware,153.38
ORD-012959,2026-07-24,North,Software,60.88
ORD-012960,2026-07-24,North,Software,58.88
ORD-012961,2026-07-24,North,Accessories,29.09
ORD-012962,2026-07-24,North,Accessories,12.35
ORD-012963,2026-07-24,North,Hardware,286.73
ORD-012964,2026-07-24,North,Services,886.53
ORD-012965,2026-07-24,North,,147.63
ORD-012966,2026-07-24,North,Services,152.77
ORD-012967,2026-07-24,Central,Software,63.05
ORD-012968,2026-07-24,Central,Hardware,207.37
ORD-012969,2026-07-24,Central,Accessories,54.50
ORD-012970,2026-07-24,Central,Accessories,17.41
ORD-012971,2026-07-24,Central,Accessories,34.99
ORD-012972,2026-07-24,Central,Hardware,161.23
ORD-012973,2026-07-24,Central,Software,125.58
ORD-012974,2026-07-24,Central,Services,440.77
ORD-012975,2026-07-24,Central,Services,472.14
ORD-012976,2026-07-24,Central,Software,356.80
ORD-012977,2026-07-24,Central,Hardware,550.68
ORD-012978,2026-07-24,Central,Services,219.80
ORD-012979,2026-07-24,Central,Services,415.77
ORD-012980,2026-07-24,Central,Software,83.42
ORD-012981,2026-07-24,Central,Software,126.20
ORD-012982,2026-07-24,Central,Services,262.89
ORD-012983,2026-07-24,Central,Hardware,375.04
ORD-012984,2026-07-24,Central,Accessories,12.48
ORD-012985,2026-07-24,Central,Accessories,32.74
ORD-012986,2026-07-24,Central,Software,129.98
ORD-012987,2026-07-24,Central,Accessories,12.76
ORD-012988,2026-07-24,Central,Hardware,414.34
ORD-012989,2026-07-24,Central,Software,97.29
ORD-012990,2026-07-24,Central,Software,29.86
ORD-012991,2026-07-24,Central,Accessories,34.83
ORD-012992,2026-07-24,Central,Hardware,553.28
ORD-012993,2026-07-24,Central,Software,155.09
ORD-012994,2026-07-24,Central,Software,136.66
ORD-012995,2026-07-24,Central,Hardware,279.10
ORD-012996,2026-07-24,Central,Hardware,203.84
ORD-012997,2026-07-24,Central,Hardware,288.34
ORD-012998,2026-07-24,Central,Hardware,151.50
ORD-012999,2026-07-24,Central,Hardware,349.91
ORD-013000,2026-07-24,Central,Accessories,43.73
ORD-013001,2026-07-24,Central,Services,308.12
ORD-013002,2026-07-24,Central,Hardware,257.47
ORD-013003,2026-07-24,Central,Accessories,53.29
ORD-013004,2026-07-24,Central,Accessories,84.60
ORD-013005,2026-07-24,Central,Software,197.43
ORD-013006,2026-07-24,Central,Accessories,24.24
ORD-013007,2026-07-24,Central,Accessories,72.19
ORD-013008,2026-07-24,Central,Accessories,33.76
ORD-013009,2026-07-24,Central,Accessories,32.42
ORD-013010,2026-07-24,Central,Services,405.77
ORD-013011,2026-07-24,Central,Software,118.04
ORD-013012,2026-07-24,Central,Accessories,44.79
ORD-013013,2026-07-24,Central,Hardware,139.47
ORD-013014,2026-07-24,South,Hardware,100.36
ORD-013015,2026-07-24,South,Software,143.01
ORD-013016,2026-07-24,South,Services,981.15
ORD-013017,2026-07-24,South,Services,761.21
ORD-013018,2026-07-24,South,Services,321.94
ORD-013019,2026-07-24,South,Services,674.35
ORD-013020,2026-07-24,South,Software,131.80
ORD-013021,2026-07-24,South,Services,233.04
ORD-013022,2026-07-24,South,Hardware,309.57
ORD-013023,2026-07-24,South,Software,106.33
ORD-013024,2026-07-24,South,Software,263.08
ORD-013025,2026-07-24,South,Accessories,29.43
ORD-013026,2026-07-24,South,Hardware,288.99
ORD-013027,2026-07-24,South,Software,76.21
ORD-013028,2026-07-24,South,Services,1116.67
ORD-013029,2026-07-24,South,Software,112.39
ORD-013030,2026-07-24,South,Software,126.26
ORD-013031,2026-07-24,South,Services,734.05
ORD-013032,2026-07-24,South,Services,739.34
ORD-013033,2026-07-24,South,Services,600.09
ORD-013034,2026-07-24,South,Services,593.58
ORD-013035,2026-07-24,South,,26.70
ORD-013036,2026-07-24,South,Software,122.00
ORD-013037,2026-07-24,South,Hardware,706.82
ORD-013038,2026-07-24,South,Services,714.14
ORD-013039,2026-07-24,South,Hardware,197.71
ORD-013040,2026-07-24,South,Software,377.25
ORD-013041,2026-07-24,South,Software,80.00
ORD-013042,2026-07-24,South,Software,122.08
ORD-013043,2026-07-24,South,Hardware,220.63
ORD-013044,2026-07-24,South,Accessories,30.52
ORD-013045,2026-07-24,South,Services,422.90
ORD-013046,2026-07-24,South,Hardware,484.63
ORD-013047,2026-07-25,North,Hardware,133.46
ORD-013048,2026-07-25,North,Software,70.58
ORD-013049,2026-07-25,North,Accessories,22.12
ORD-013050,2026-07-25,North,Software,190.91
ORD-013051,2026-07-25,North,Software,115.65
ORD-013052,2026-07-25,North,Accessories,12.36
ORD-013053,2026-07-25,North,Software,62.09
ORD-013054,2026-07-25,North,Services,994.65
ORD-013055,2026-07-25,North,Hardware,376.42
ORD-013056,2026-07-25,North,Hardware,133.16
ORD-013057,2026-07-25,North,Hardware,534.96
ORD-013058,2026-07-25,North,Hardware,156.66
ORD-013059,2026-07-25,North,Hardware,602.44
ORD-013060,2026-07-25,North,Accessories,42.93
ORD-013061,2026-07-25,North,Services,980.71
ORD-013062,2026-07-25,North,Services,343.54
ORD-013063,2026-07-25,North,Software,141.47
ORD-013064,2026-07-25,North,Accessories,67.09
ORD-013065,2026-07-25,North,Hardware,473.73
ORD-013066,2026-07-25,North,Services,456.06
ORD-013067,2026-07-25,North,Services,443.17
ORD-013068,2026-07-25,North,Services,358.53
ORD-013069,2026-07-25,North,Hardware,417.36
ORD-013070,2026-07-25,North,Software,71.15
ORD-013071,2026-07-25,North,Accessories,106.54
ORD-013072,2026-07-25,North,Accessories,35.52
ORD-013073,2026-07-25,North,Services,147.79
ORD-013074,2026-07-25,North,Software,115.33
ORD-013075,2026-07-25,North,Accessories,27.58
ORD-013076,2026-07-25,North,Hardware,1612.49
ORD-013077,2026-07-25,North,Hardware,431.25
ORD-013078,2026-07-25,North,Software,104.41
ORD-013079,2026-07-25,North,Software,380.42
ORD-013080,2026-07-25,North,Hardware,168.15
ORD-013081,2026-07-25,North,Accessories,33.14
ORD-013082,2026-07-25,North,Hardware,204.78
ORD-013083,2026-07-25,North,Hardware,250.45
ORD-013084,2026-07-25,Central,Services,741.35
ORD-013085,2026-07-25,Central,Accessories,31.81
ORD-013086,2026-07-25,Central,Hardware,221.37
ORD-013087,2026-07-25,Central,Software,222.90
ORD-013088,2026-07-25,Central,Services,747.89
ORD-013089,2026-07-25,Central,Accessories,45.08
ORD-013090,2026-07-25,Central,Hardware,444.29
ORD-013091,2026-07-25,Central,Accessories,33.74
ORD-013092,2026-07-25,Central,Software,81.37
ORD-013093,2026-07-25,Central,Accessories,26.39
ORD-013094,2026-07-25,Central,Accessories,48.77
ORD-013095,2026-07-25,Central,Accessories,20.06
ORD-013096,2026-07-25,Central,Accessories,23.10
ORD-013097,2026-07-25,Central,Accessories,23.80
ORD-013098,2026-07-25,Central,Accessories,40.66
ORD-013099,2026-07-25,Central,Hardware,207.31
ORD-013100,2026-07-25,Central,Hardware,305.13
ORD-013101,2026-07-25,Central,Software,292.85
ORD-013102,2026-07-25,Central,Hardware,484.24
ORD-013103,2026-07-25,Central,Services,447.70
ORD-013104,2026-07-25,Central,Software,155.82
ORD-013105,2026-07-25,Central,Accessories,46.43
ORD-013106,2026-07-25,Central,Accessories,12.61
ORD-013107,2026-07-25,Central,Accessories,28.69
ORD-013108,2026-07-25,Central,Hardware,425.99
ORD-013109,2026-07-25,Central,Software,107.30
ORD-013110,2026-07-25,Central,,31.00
ORD-013111,2026-07-25,Central,Services,1198.08
ORD-013112,2026-07-25,Central,Software,102.71
ORD-013113,2026-07-25,South,Accessories,31.01
ORD-013114,2026-07-25,South,Services,364.94
ORD-013115,2026-07-25,South,Hardware,445.78
ORD-013116,2026-07-25,South,Software,108.51
ORD-013117,2026-07-25,South,Accessories,30.06
ORD-013118,2026-07-25,South,Software,65.85
ORD-013119,2026-07-25,South,Hardware,161.78
ORD-013120,2026-07-25,South,Accessories,46.70
ORD-013121,2026-07-25,South,Services,1068.40
ORD-013122,2026-07-25,South,Accessories,19.01
ORD-013123,2026-07-25,South,Accessories,21.94
ORD-013124,2026-07-25,South,Software,76.09
ORD-013125,2026-07-25,South,Software,241.88
ORD-013126,2026-07-25,South,Software,141.92
ORD-013127,2026-07-25,South,Services,723.00
ORD-013128,2026-07-25,South,Software,200.13
ORD-013129,2026-07-25,South,Services,575.48
ORD-013130,2026-07-25,South,Accessories,21.94
ORD-013131,2026-07-25,South,Hardware,285.06
ORD-013132,2026-07-25,South,Hardware,196.23
ORD-013133,2026-07-25,South,Services,641.46
ORD-013134,2026-07-25,South,Services,577.18
ORD-013135,2026-07-25,South,Hardware,170.33
ORD-013136,2026-07-25,South,Accessories,17.12
ORD-013137,2026-07-25,South,Hardware,470.47
ORD-013138,2026-07-25,South,Software,219.23
ORD-013139,2026-07-26,North,Accessories,117.86
ORD-013140,2026-07-26,North,Accessories,240.25
ORD-013141,2026-07-26,North,Accessories,47.08
ORD-013142,2026-07-26,North,Software,79.46
ORD-013143,2026-07-26,North,Accessories,62.81
ORD-013144,2026-07-26,North,Accessories,11.77
ORD-013145,2026-07-26,North,Services,365.36
ORD-013146,2026-07-26,North,Accessories,41.18
ORD-013147,2026-07-26,North,Hardware,258.69
ORD-013148,2026-07-26,North,Services,281.25
ORD-013149,2026-07-26,North,Accessories,33.54
ORD-013150,2026-07-26,North,Services,174.75
ORD-013151,2026-07-26,North,Services,474.61
ORD-013152,2026-07-26,North,Software,115.41
ORD-013153,2026-07-26,North,Hardware,580.01
ORD-013154,2026-07-26,North,Software,127.49
ORD-013155,2026-07-26,North,Hardware,243.40
ORD-013156,2026-07-26,North,Services,545.75
ORD-013157,2026-07-26,North,Software,71.15
ORD-013158,2026-07-26,North,Accessories,38.39
ORD-013159,2026-07-26,North,Hardware,310.38
ORD-013160,2026-07-26,North,Software,61.81
ORD-013161,2026-07-26,North,Accessories,32.25
ORD-013162,2026-07-26,North,Accessories,72.97
ORD-013163,2026-07-26,North,Accessories,23.34
ORD-013164,2026-07-26,North,Hardware,502.36
ORD-013165,2026-07-26,North,Software,82.32
ORD-013166,2026-07-26,North,Software,114.43
ORD-013167,2026-07-26,North,Accessories,31.10
ORD-013168,2026-07-26,North,Accessories,23.82
ORD-013169,2026-07-26,North,Software,295.70
ORD-013170,2026-07-26,North,Software,62.93
ORD-013171,2026-07-26,North,Accessories,44.80
ORD-013172,2026-07-26,North,Services,549.30
ORD-013173,2026-07-26,North,Software,176.73
ORD-013174,2026-07-26,North,Accessories,146.19
ORD-013175,2026-07-26,North,Hardware,331.85
ORD-013176,2026-07-26,North,Accessories,24.74
ORD-013177,2026-07-26,North,Software,225.09
ORD-013178,2026-07-26,North,Hardware,169.15
ORD-013179,2026-07-26,North,Accessories,294.58
ORD-013180,2026-07-26,North,Services,555.09
ORD-013181,2026-07-26,North,Hardware,335.56
ORD-013182,2026-07-26,North,Services,835.02
ORD-013183,2026-07-26,North,Hardware,467.99
ORD-013184,2026-07-26,North,,235.30
ORD-013185,2026-07-26,Central,Accessories,28.04
ORD-013186,2026-07-26,Central,Services,157.64
ORD-013187,2026-07-26,Central,Accessories,23.39
ORD-013188,2026-07-26,Central,Hardware,150.51
ORD-013189,2026-07-26,Central,Hardware,456.06
ORD-013190,2026-07-26,Central,Accessories,44.91
ORD-013191,2026-07-26,Central,Hardware,472.90
ORD-013192,2026-07-26,Central,Services,1305.14
ORD-013193,2026-07-26,Central,Software,162.21
ORD-013194,2026-07-26,Central,Services,90.85
ORD-013195,2026-07-26,Central,Hardware,367.82
ORD-013196,2026-07-26,Central,Hardware,222.72
ORD-013197,2026-07-26,Central,Hardware,253.93
ORD-013198,2026-07-26,Central,Hardware,870.11
ORD-013199,2026-07-26,Central,Hardware,603.60
ORD-013200,2026-07-26,Central,Services,661.36
ORD-013201,2026-07-26,Central,Software,128.56
ORD-013202,2026-07-26,Central,Hardware,517.68
ORD-013203,2026-07-26,Central,Accessories,56.07
ORD-013204,2026-07-26,Central,Software,125.54
ORD-013205,2026-07-26,Central,Services,640.30
ORD-013206,2026-07-26,Central,Services,481.39
ORD-013207,2026-07-26,Central,Accessories,52.76
ORD-013208,2026-07-26,Central,Hardware,565.83
ORD-013209,2026-07-26,Central,Services,290.14
ORD-013210,2026-07-26,Central,Services,593.53
ORD-013211,2026-07-26,Central,Software,187.19
ORD-013212,2026-07-26,Central,Software,136.91
ORD-013213,2026-07-26,Central,Accessories,40.72
ORD-013214,2026-07-26,Central,Accessories,34.78
ORD-013215,2026-07-26,Central,Services,845.65
ORD-013216,2026-07-26,Central,Accessories,155.37
ORD-013217,2026-07-26,Central,Hardware,112.04
ORD-013218,2026-07-26,Central,Hardware,143.34
ORD-013219,2026-07-26,Central,Hardware,397.58
ORD-013220,2026-07-26,Central,Software,145.29
ORD-013221,2026-07-26,Central,Accessories,24.25
ORD-013222,2026-07-26,Central,Software,135.63
ORD-013223,2026-07-26,South,Accessories,29.87
ORD-013224,2026-07-26,South,Services,302.48
ORD-013225,2026-07-26,South,Software,204.80
ORD-013226,2026-07-26,South,Software,88.40
ORD-013227,2026-07-26,South,Software,196.38
ORD-013228,2026-07-26,South,Software,64.84
ORD-013229,2026-07-26,South,Services,565.37
ORD-013230,2026-07-26,South,Services,356.86
ORD-013231,2026-07-26,South,Software,335.91
ORD-013232,2026-07-26,South,Services,925.69
ORD-013233,2026-07-26,South,Software,81.57
ORD-013234,2026-07-26,South,Software,138.53
ORD-013235,2026-07-26,South,Hardware,262.00
ORD-013236,2026-07-26,South,Software,177.19
ORD-013237,2026-07-26,South,Hardware,477.65
ORD-013238,2026-07-26,South,Services,249.87
ORD-013239,2026-07-26,South,Hardware,476.84
ORD-013240,2026-07-26,South,Services,557.07
ORD-013241,2026-07-26,South,Services,326.92
ORD-013242,2026-07-26,South,Accessories,31.26
ORD-013243,2026-07-26,South,Hardware,376.08
ORD-013244,2026-07-26,South,Software,108.08
ORD-013245,2026-07-26,South,Software,169.91
ORD-013246,2026-07-26,South,Accessories,75.30
ORD-013247,2026-07-26,South,Services,358.45
ORD-013248,2026-07-27,North,Services,889.92
ORD-013249,2026-07-27,North,Accessories,56.25
ORD-013250,2026-07-27,North,Software,91.08
ORD-013251,2026-07-27,North,Software,179.60
ORD-013252,2026-07-27,North,Services,729.61
ORD-013253,2026-07-27,North,Accessories,48.42
ORD-013254,2026-07-27,North,Accessories,32.75
ORD-013255,2026-07-27,North,Accessories,25.24
ORD-013256,2026-07-27,North,Software,78.73
ORD-013257,2026-07-27,North,Services,526.58
ORD-013258,2026-07-27,North,Services,134.59
ORD-013259,2026-07-27,North,Software,206.59
ORD-013260,2026-07-27,North,Services,546.01
ORD-013261,2026-07-27,North,Services,343.98
ORD-013262,2026-07-27,North,Hardware,347.43
ORD-013263,2026-07-27,North,Software,91.73
ORD-013264,2026-07-27,North,Accessories,59.64
ORD-013265,2026-07-27,North,Software,163.81
ORD-013266,2026-07-27,North,Hardware,168.46
ORD-013267,2026-07-27,North,Accessories,43.59
ORD-013268,2026-07-27,North,Hardware,492.99
ORD-013269,2026-07-27,North,Accessories,33.50
ORD-013270,2026-07-27,North,Accessories,65.44
ORD-013271,2026-07-27,North,Services,760.98
ORD-013272,2026-07-27,North,Software,175.99
ORD-013273,2026-07-27,North,Hardware,269.51
ORD-013274,2026-07-27,North,Accessories,99.16
ORD-013275,2026-07-27,North,Software,185.20
ORD-013276,2026-07-27,North,Accessories,35.69
ORD-013277,2026-07-27,North,Services,642.86
ORD-013278,2026-07-27,North,Hardware,508.65
ORD-013279,2026-07-27,North,Software,183.62
ORD-013280,2026-07-27,North,Accessories,119.56
ORD-013281,2026-07-27,North,Hardware,238.81
ORD-013282,2026-07-27,North,Hardware,191.36
ORD-013283,2026-07-27,North,Hardware,293.32
ORD-013284,2026-07-27,North,Hardware,394.76
ORD-013285,2026-07-27,North,Accessories,35.09
ORD-013286,2026-07-27,North,Hardware,533.32
ORD-013287,2026-07-27,North,Hardware,316.03
ORD-013288,2026-07-27,North,Software,363.09
ORD-013289,2026-07-27,North,Hardware,104.87
ORD-013290,2026-07-27,Central,Software,69.60
ORD-013291,2026-07-27,Central,Hardware,410.91
ORD-013292,2026-07-27,Central,Accessories,71.69
ORD-013293,2026-07-27,Central,Software,220.93
ORD-013294,2026-07-27,Central,Accessories,23.80
ORD-013295,2026-07-27,Central,Software,280.50
ORD-013296,2026-07-27,Central,Hardware,365.83
ORD-013297,2026-07-27,Central,,84.13
ORD-013298,2026-07-27,Central,Hardware,102.33
ORD-013299,2026-07-27,Central,Hardware,115.70
ORD-013300,2026-07-27,Central,Services,361.67
ORD-013301,2026-07-27,Central,Services,390.38
ORD-013302,2026-07-27,Central,,137.77
ORD-013303,2026-07-27,Central,Software,57.60
ORD-013304,2026-07-27,Central,Accessories,8.93
ORD-013305,2026-07-27,Central,Hardware,447.94
ORD-013306,2026-07-27,Central,Hardware,843.73
ORD-013307,2026-07-27,Central,Services,869.86
ORD-013308,2026-07-27,Central,Hardware,209.16
ORD-013309,2026-07-27,Central,Software,175.89
ORD-013310,2026-07-27,Central,Accessories,82.02
ORD-013311,2026-07-27,Central,Accessories,39.53
ORD-013312,2026-07-27,Central,Hardware,383.14
ORD-013313,2026-07-27,Central,Services,3457.68
ORD-013314,2026-07-27,Central,Accessories,21.91
ORD-013315,2026-07-27,Central,Services,541.57
ORD-013316,2026-07-27,Central,Hardware,762.96
ORD-013317,2026-07-27,Central,Services,313.70
ORD-013318,2026-07-27,Central,Software,279.39
ORD-013319,2026-07-27,Central,Software,97.77
ORD-013320,2026-07-27,Central,Software,99.43
ORD-013321,2026-07-27,Central,Accessories,28.24
ORD-013322,2026-07-27,Central,Services,540.39
ORD-013323,2026-07-27,Central,Services,260.27
ORD-013324,2026-07-27,Central,Software,189.26
ORD-013325,2026-07-27,Central,Accessories,45.52
ORD-013326,2026-07-27,Central,Accessories,117.57
ORD-013327,2026-07-27,Central,Accessories,11.74
ORD-013328,2026-07-27,Central,Services,760.72
ORD-013329,2026-07-27,Central,Accessories,9.28
ORD-013330,2026-07-27,Central,Software,65.61
ORD-013331,2026-07-27,Central,Accessories,25.99
ORD-013332,2026-07-27,Central,Services,248.03
ORD-013333,2026-07-27,Central,Software,142.59
ORD-013334,2026-07-27,South,Hardware,700.43
ORD-013335,2026-07-27,South,Software,118.87
ORD-013336,2026-07-27,South,Hardware,640.86
ORD-013337,2026-07-27,South,Hardware,131.86
ORD-013338,2026-07-27,South,,292.92
ORD-013339,2026-07-27,South,Services,360.51
ORD-013340,2026-07-27,South,Software,41.28
ORD-013341,2026-07-27,South,Hardware,340.32
ORD-013342,2026-07-27,South,Hardware,382.97
ORD-013343,2026-07-27,South,Software,166.70
ORD-013344,2026-07-27,South,Software,245.29
ORD-013345,2026-07-27,South,Hardware,600.10
ORD-013346,2026-07-27,South,Software,189.64
ORD-013347,2026-07-27,South,Hardware,113.23
ORD-013348,2026-07-27,South,Software,60.20
ORD-013349,2026-07-27,South,Accessories,53.55
ORD-013350,2026-07-27,South,Accessories,24.39
ORD-013351,2026-07-27,South,Hardware,320.90
ORD-013352,2026-07-27,South,Software,162.92
ORD-013353,2026-07-27,South,Accessories,42.50
ORD-013354,2026-07-27,South,Services,324.17
ORD-013355,2026-07-27,South,Software,109.45
ORD-013356,2026-07-27,South,Accessories,39.55
ORD-013357,2026-07-27,South,Hardware,441.61
ORD-013358,2026-07-27,South,Hardware,303.73
ORD-013359,2026-07-27,South,Hardware,210.61
ORD-013360,2026-07-27,South,Accessories,33.67
ORD-013361,2026-07-27,South,Accessories,10.19
ORD-013362,2026-07-27,South,Accessories,46.99
ORD-013363,2026-07-27,South,Accessories,16.56
ORD-013364,2026-07-27,South,Hardware,489.19
ORD-013365,2026-07-27,South,Hardware,122.68
ORD-013366,2026-07-27,South,Services,573.45
ORD-013367,2026-07-27,South,Hardware,337.02
ORD-013368,2026-07-27,South,,158.65
ORD-013369,2026-07-27,South,Services,457.01
ORD-013370,2026-07-27,South,Accessories,25.55
ORD-013371,2026-07-28,North,Accessories,51.61
ORD-013372,2026-07-28,North,Hardware,239.39
ORD-013373,2026-07-28,North,Services,750.93
ORD-013374,2026-07-28,North,Services,411.70
ORD-013375,2026-07-28,North,Services,315.05
ORD-013376,2026-07-28,North,Hardware,414.80
ORD-013377,2026-07-28,North,Accessories,55.46
ORD-013378,2026-07-28,North,Hardware,471.69
ORD-013379,2026-07-28,North,Accessories,59.64
ORD-013380,2026-07-28,North,Services,545.30
ORD-013381,2026-07-28,North,Software,77.42
ORD-013382,2026-07-28,North,Accessories,26.17
ORD-013383,2026-07-28,North,Services,162.89
ORD-013384,2026-07-28,North,Hardware,166.09
ORD-013385,2026-07-28,North,Hardware,425.87
ORD-013386,2026-07-28,North,Hardware,356.18
ORD-013387,2026-07-28,North,Accessories,12.08
ORD-013388,2026-07-28,North,Services,902.03
ORD-013389,2026-07-28,North,Hardware,345.50
ORD-013390,2026-07-28,North,Hardware,205.05
ORD-013391,2026-07-28,North,Accessories,21.10
ORD-013392,2026-07-28,North,Accessories,27.23
ORD-013393,2026-07-28,North,Accessories,72.47
ORD-013394,2026-07-28,North,Software,530.69
ORD-013395,2026-07-28,North,Software,170.86
ORD-013396,2026-07-28,North,Accessories,66.73
ORD-013397,2026-07-28,North,Hardware,231.99
ORD-013398,2026-07-28,North,Services,281.96
ORD-013399,2026-07-28,North,Accessories,41.02
ORD-013400,2026-07-28,North,Accessories,20.80
ORD-013401,2026-07-28,North,Hardware,300.49
ORD-013402,2026-07-28,North,Accessories,24.10
ORD-013403,2026-07-28,North,Accessories,24.85
ORD-013404,2026-07-28,North,Software,91.54
ORD-013405,2026-07-28,North,Hardware,293.43
ORD-013406,2026-07-28,North,Software,185.82
ORD-013407,2026-07-28,North,Software,107.27
ORD-013408,2026-07-28,North,Accessories,27.07
ORD-013409,2026-07-28,North,Hardware,391.26
ORD-013410,2026-07-28,North,Services,693.77
ORD-013411,2026-07-28,North,Hardware,290.19
ORD-013412,2026-07-28,North,Accessories,19.42
ORD-013413,2026-07-28,North,Services,1111.87
ORD-013414,2026-07-28,North,Accessories,29.52
ORD-013415,2026-07-28,North,Services,591.93
ORD-013416,2026-07-28,North,Accessories,107.13
ORD-013417,2026-07-28,North,Services,487.30
ORD-013418,2026-07-28,North,Accessories,17.80
ORD-013419,2026-07-28,North,Hardware,177.59
ORD-013420,2026-07-28,North,Software,106.03
ORD-013421,2026-07-28,North,Hardware,460.35
ORD-013422,2026-07-28,North,Services,689.05
ORD-013423,2026-07-28,North,Hardware,335.53
ORD-013424,2026-07-28,North,Services,268.77
ORD-013425,2026-07-28,North,Hardware,627.02
ORD-013426,2026-07-28,Central,Hardware,245.99
ORD-013427,2026-07-28,Central,Hardware,197.34
ORD-013428,2026-07-28,Central,Services,394.10
ORD-013429,2026-07-28,Central,Software,169.51
ORD-013430,2026-07-28,Central,Software,226.51
ORD-013431,2026-07-28,Central,Accessories,31.06
ORD-013432,2026-07-28,Central,Hardware,567.67
ORD-013433,2026-07-28,Central,Accessories,35.12
ORD-013434,2026-07-28,Central,Software,75.18
ORD-013435,2026-07-28,Central,Software,167.67
ORD-013436,2026-07-28,Central,Accessories,74.42
ORD-013437,2026-07-28,Central,Hardware,486.48
ORD-013438,2026-07-28,Central,Hardware,1043.99
ORD-013439,2026-07-28,Central,Hardware,266.69
ORD-013440,2026-07-28,Central,Software,260.81
ORD-013441,2026-07-28,Central,Accessories,48.16
ORD-013442,2026-07-28,Central,Accessories,26.80
ORD-013443,2026-07-28,Central,Software,58.39
ORD-013444,2026-07-28,Central,Hardware,374.50
ORD-013445,2026-07-28,Central,Software,90.09
ORD-013446,2026-07-28,Central,Services,491.94
ORD-013447,2026-07-28,Central,Hardware,620.96
ORD-013448,2026-07-28,Central,Hardware,319.29
ORD-013449,2026-07-28,Central,Accessories,27.27
ORD-013450,2026-07-28,Central,Software,53.02
ORD-013451,2026-07-28,Central,Hardware,221.49
ORD-013452,2026-07-28,Central,Accessories,34.80
ORD-013453,2026-07-28,Central,Services,237.02
ORD-013454,2026-07-28,Central,Hardware,269.74
ORD-013455,2026-07-28,Central,Accessories,25.54
ORD-013456,2026-07-28,Central,Accessories,34.91
ORD-013457,2026-07-28,Central,Services,1259.42
ORD-013458,2026-07-28,Central,Services,695.28
ORD-013459,2026-07-28,Central,Hardware,504.20
ORD-013460,2026-07-28,Central,Software,247.60
ORD-013461,2026-07-28,Central,Software,79.78
ORD-013462,2026-07-28,South,Accessories,58.78
ORD-013463,2026-07-28,South,Software,168.68
ORD-013464,2026-07-28,South,,46.01
ORD-013465,2026-07-28,South,Hardware,380.28
ORD-013466,2026-07-28,South,Software,121.33
ORD-013467,2026-07-28,South,Accessories,45.53
ORD-013468,2026-07-28,South,Accessories,33.99
ORD-013469,2026-07-28,South,Hardware,220.93
ORD-013470,2026-07-28,South,Accessories,58.40
ORD-013471,2026-07-28,South,Software,176.22
ORD-013472,2026-07-28,South,Accessories,66.68
ORD-013473,2026-07-28,South,Accessories,33.45
ORD-013474,2026-07-28,South,Accessories,33.94
ORD-013475,2026-07-28,South,Accessories,45.09
ORD-013476,2026-07-28,South,Services,304.94
ORD-013477,2026-07-28,South,Hardware,264.19
ORD-013478,2026-07-28,South,,578.82
ORD-013479,2026-07-28,South,Software,248.48
ORD-013480,2026-07-28,South,Software,154.92
ORD-013481,2026-07-28,South,Software,133.90
ORD-013482,2026-07-28,South,Software,190.64
ORD-013483,2026-07-28,South,Hardware,289.39
ORD-013484,2026-07-28,South,Hardware,656.37
ORD-013485,2026-07-28,South,Accessories,47.81
ORD-013486,2026-07-28,South,Software,190.44
ORD-013487,2026-07-28,South,Hardware,594.66
ORD-013488,2026-07-28,South,Software,105.43
ORD-013489,2026-07-28,South,Accessories,27.81
ORD-013490,2026-07-29,North,Services,1508.44
ORD-013491,2026-07-29,North,Accessories,30.64
ORD-013492,2026-07-29,North,Hardware,156.83
ORD-013493,2026-07-29,North,Hardware,454.49
ORD-013494,2026-07-29,North,Software,106.77
ORD-013495,2026-07-29,North,Accessories,38.54
ORD-013496,2026-07-29,North,Services,929.80
ORD-013497,2026-07-29,North,Services,652.51
ORD-013498,2026-07-29,North,Hardware,614.52
ORD-013499,2026-07-29,North,Hardware,344.24
ORD-013500,2026-07-29,North,Accessories,52.08
ORD-013501,2026-07-29,North,Software,55.34
ORD-013502,2026-07-29,North,Hardware,477.81
ORD-013503,2026-07-29,North,Accessories,86.16
ORD-013504,2026-07-29,North,Accessories,19.59
ORD-013505,2026-07-29,North,Hardware,414.55
ORD-013506,2026-07-29,North,Accessories,42.73
ORD-013507,2026-07-29,North,Hardware,206.96
ORD-013508,2026-07-29,North,Accessories,52.30
ORD-013509,2026-07-29,North,Accessories,89.72
ORD-013510,2026-07-29,North,Hardware,177.16
ORD-013511,2026-07-29,North,Software,169.84
ORD-013512,2026-07-29,North,Accessories,91.76
ORD-013513,2026-07-29,North,Services,275.12
ORD-013514,2026-07-29,North,Software,90.22
ORD-013515,2026-07-29,North,Services,299.63
ORD-013516,2026-07-29,North,Hardware,106.53
ORD-013517,2026-07-29,North,,261.06
ORD-013518,2026-07-29,North,Accessories,58.49
ORD-013519,2026-07-29,North,Services,1173.98
ORD-013520,2026-07-29,North,Software,177.33
ORD-013521,2026-07-29,North,Software,158.76
ORD-013522,2026-07-29,North,Accessories,76.44
ORD-013523,2026-07-29,North,Accessories,34.07
ORD-013524,2026-07-29,North,Hardware,444.13
ORD-013525,2026-07-29,North,Accessories,59.78
ORD-013526,2026-07-29,North,Services,179.66
ORD-013527,2026-07-29,North,Accessories,62.85
ORD-013528,2026-07-29,North,Accessories,23.39
ORD-013529,2026-07-29,North,Software,119.05
ORD-013530,2026-07-29,North,Accessories,17.72
ORD-013531,2026-07-29,North,Accessories,66.57
ORD-013532,2026-07-29,North,Hardware,456.82
ORD-013533,2026-07-29,North,Hardware,305.62
ORD-013534,2026-07-29,North,Accessories,47.39
ORD-013535,2026-07-29,North,Hardware,503.80
ORD-013536,2026-07-29,North,Accessories,67.27
ORD-013537,2026-07-29,Central,Hardware,181.24
ORD-013538,2026-07-29,Central,Hardware,460.56
ORD-013539,2026-07-29,Central,Hardware,501.22
ORD-013540,2026-07-29,Central,Hardware,580.04
ORD-013541,2026-07-29,Central,Hardware,244.27
ORD-013542,2026-07-29,Central,Accessories,41.37
ORD-013543,2026-07-29,Central,Hardware,348.81
ORD-013544,2026-07-29,Central,Accessories,78.20
ORD-013545,2026-07-29,Central,,333.11
ORD-013546,2026-07-29,Central,Accessories,24.23
ORD-013547,2026-07-29,Central,Software,55.13
ORD-013548,2026-07-29,Central,Accessories,133.69
ORD-013549,2026-07-29,Central,Accessories,68.29
ORD-013550,2026-07-29,Central,Services,1835.85
ORD-013551,2026-07-29,Central,Services,400.63
ORD-013552,2026-07-29,Central,Hardware,240.26
ORD-013553,2026-07-29,Central,Software,215.52
ORD-013554,2026-07-29,Central,Hardware,571.19
ORD-013555,2026-07-29,Central,Accessories,24.05
ORD-013556,2026-07-29,Central,Hardware,549.35
ORD-013557,2026-07-29,Central,Hardware,449.98
ORD-013558,2026-07-29,Central,Software,114.48
ORD-013559,2026-07-29,Central,Accessories,12.66
ORD-013560,2026-07-29,Central,Hardware,489.61
ORD-013561,2026-07-29,Central,Software,260.03
ORD-013562,2026-07-29,Central,Accessories,43.85
ORD-013563,2026-07-29,Central,Hardware,389.44
ORD-013564,2026-07-29,Central,Hardware,352.94
ORD-013565,2026-07-29,Central,Services,396.33
ORD-013566,2026-07-29,Central,Services,652.89
ORD-013567,2026-07-29,Central,Services,541.42
ORD-013568,2026-07-29,Central,Software,183.51
ORD-013569,2026-07-29,Central,Software,68.58
ORD-013570,2026-07-29,Central,Software,891.36
ORD-013571,2026-07-29,Central,Software,136.55
ORD-013572,2026-07-29,Central,Hardware,441.76
ORD-013573,2026-07-29,Central,Accessories,94.70
ORD-013574,2026-07-29,Central,Hardware,300.84
ORD-013575,2026-07-29,Central,Software,67.19
ORD-013576,2026-07-29,Central,Software,73.13
ORD-013577,2026-07-29,Central,Hardware,296.13
ORD-013578,2026-07-29,Central,Software,102.97
ORD-013579,2026-07-29,Central,Services,591.80
ORD-013580,2026-07-29,Central,Services,298.91
ORD-013581,2026-07-29,Central,Services,415.05
ORD-013582,2026-07-29,Central,Accessories,40.60
ORD-013583,2026-07-29,Central,Software,61.11
ORD-013584,2026-07-29,Central,Software,349.41
ORD-013585,2026-07-29,South,Services,581.17
ORD-013586,2026-07-29,South,Hardware,916.63
ORD-013587,2026-07-29,South,Accessories,29.04
ORD-013588,2026-07-29,South,Hardware,1432.42
ORD-013589,2026-07-29,South,Hardware,366.34
ORD-013590,2026-07-29,South,Services,416.71
ORD-013591,2026-07-29,South,Software,226.99
ORD-013592,2026-07-29,South,Services,344.51
ORD-013593,2026-07-29,South,Hardware,373.01
ORD-013594,2026-07-29,South,Hardware,105.15
ORD-013595,2026-07-29,South,Software,104.07
ORD-013596,2026-07-29,South,Accessories,20.75
ORD-013597,2026-07-29,South,Software,75.65
ORD-013598,2026-07-29,South,Accessories,36.20
ORD-013599,2026-07-29,South,Accessories,39.19
ORD-013600,2026-07-29,South,Services,1381.63
ORD-013601,2026-07-29,South,Accessories,12.06
ORD-013602,2026-07-29,South,Hardware,488.18
ORD-013603,2026-07-29,South,Services,662.16
ORD-013604,2026-07-29,South,Software,364.10
ORD-013605,2026-07-29,South,Software,62.32
ORD-013606,2026-07-29,South,Services,480.37
ORD-013607,2026-07-29,South,Accessories,37.65
ORD-013608,2026-07-29,South,Hardware,578.48
ORD-013609,2026-07-29,South,Hardware,190.36
ORD-013610,2026-07-29,South,Hardware,299.98
ORD-013611,2026-07-29,South,Hardware,345.68
ORD-013612,2026-07-29,South,Accessories,69.93
ORD-013613,2026-07-29,South,Software,87.66
ORD-013614,2026-07-30,North,Accessories,40.06
ORD-013615,2026-07-30,North,Services,620.67
ORD-013616,2026-07-30,North,Hardware,677.37
ORD-013617,2026-07-30,North,Software,96.00
ORD-013618,2026-07-30,North,Software,114.02
ORD-013619,2026-07-30,North,Services,744.18
ORD-013620,2026-07-30,North,Services,287.15
ORD-013621,2026-07-30,North,Hardware,386.35
ORD-013622,2026-07-30,North,Accessories,29.56
ORD-013623,2026-07-30,North,Software,238.20
ORD-013624,2026-07-30,North,,135.82
ORD-013625,2026-07-30,North,Accessories,41.15
ORD-013626,2026-07-30,North,Accessories,79.92
ORD-013627,2026-07-30,North,Software,178.16
ORD-013628,2026-07-30,North,Hardware,216.58
ORD-013629,2026-07-30,North,Accessories,25.38
ORD-013630,2026-07-30,North,Hardware,266.71
ORD-013631,2026-07-30,North,Software,62.33
ORD-013632,2026-07-30,North,Accessories,36.67
ORD-013633,2026-07-30,North,Hardware,329.84
ORD-013634,2026-07-30,North,Accessories,72.55
ORD-013635,2026-07-30,North,Services,388.52
ORD-013636,2026-07-30,North,Services,114.88
ORD-013637,2026-07-30,North,Software,190.75
ORD-013638,2026-07-30,North,Accessories,62.70
ORD-013639,2026-07-30,North,Accessories,68.50
ORD-013640,2026-07-30,North,Accessories,19.51
ORD-013641,2026-07-30,North,Accessories,38.49
ORD-013642,2026-07-30,North,Hardware,308.95
ORD-013643,2026-07-30,North,,95.56
ORD-013644,2026-07-30,North,Services,391.78
ORD-013645,2026-07-30,North,Accessories,47.05
ORD-013646,2026-07-30,North,Accessories,29.68
ORD-013647,2026-07-30,North,Accessories,63.59
ORD-013648,2026-07-30,North,Software,465.10
ORD-013649,2026-07-30,North,Software,68.26
ORD-013650,2026-07-30,North,Accessories,13.30
ORD-013651,2026-07-30,North,Accessories,41.14
ORD-013652,2026-07-30,North,Services,373.14
ORD-013653,2026-07-30,North,,356.67
ORD-013654,2026-07-30,North,Services,607.63
ORD-013655,2026-07-30,North,Hardware,186.68
ORD-013656,2026-07-30,North,Accessories,134.78
ORD-013657,2026-07-30,North,Software,230.41
ORD-013658,2026-07-30,North,Software,192.03
ORD-013659,2026-07-30,North,Services,533.97
ORD-013660,2026-07-30,North,Accessories,60.52
ORD-013661,2026-07-30,North,,664.35
ORD-013662,2026-07-30,North,Services,614.60
ORD-013663,2026-07-30,North,Accessories,17.68
ORD-013664,2026-07-30,North,Hardware,187.40
ORD-013665,2026-07-30,Central,Services,649.72
ORD-013666,2026-07-30,Central,Hardware,336.13
ORD-013667,2026-07-30,Central,Accessories,61.34
ORD-013668,2026-07-30,Central,Accessories,24.24
ORD-013669,2026-07-30,Central,Software,200.56
ORD-013670,2026-07-30,Central,Accessories,29.63
ORD-013671,2026-07-30,Central,Hardware,802.52
ORD-013672,2026-07-30,Central,Accessories,47.30
ORD-013673,2026-07-30,Central,Accessories,19.19
ORD-013674,2026-07-30,Central,Software,104.94
ORD-013675,2026-07-30,Central,Hardware,471.60
ORD-013676,2026-07-30,Central,Software,323.61
ORD-013677,2026-07-30,Central,Software,244.04
ORD-013678,2026-07-30,Central,Accessories,23.01
ORD-013679,2026-07-30,Central,Accessories,59.94
ORD-013680,2026-07-30,Central,Hardware,492.80
ORD-013681,2026-07-30,Central,Software,101.36
ORD-013682,2026-07-30,Central,Accessories,6.99
ORD-013683,2026-07-30,Central,Services,250.35
ORD-013684,2026-07-30,Central,Accessories,45.01
ORD-013685,2026-07-30,Central,Accessories,47.60
ORD-013686,2026-07-30,Central,Services,672.86
ORD-013687,2026-07-30,Central,Hardware,335.32
ORD-013688,2026-07-30,Central,Software,214.11
ORD-013689,2026-07-30,Central,Accessories,32.50
ORD-013690,2026-07-30,Central,Software,103.43
ORD-013691,2026-07-30,Central,Services,2087.37
ORD-013692,2026-07-30,Central,Hardware,381.17
ORD-013693,2026-07-30,Central,Hardware,850.70
ORD-013694,2026-07-30,Central,Hardware,189.35
ORD-013695,2026-07-30,Central,Accessories,73.59
ORD-013696,2026-07-30,Central,Services,1200.65
ORD-013697,2026-07-30,Central,Services,431.36
ORD-013698,2026-07-30,Central,Hardware,312.93
ORD-013699,2026-07-30,Central,Software,197.63
ORD-013700,2026-07-30,Central,Software,100.21
ORD-013701,2026-07-30,Central,Services,340.71
ORD-013702,2026-07-30,Central,Accessories,80.41
ORD-013703,2026-07-30,Central,Services,666.89
ORD-013704,2026-07-30,Central,Software,88.39
ORD-013705,2026-07-30,Central,Software,76.59
ORD-013706,2026-07-30,Central,Hardware,329.68
ORD-013707,2026-07-30,Central,Software,107.37
ORD-013708,2026-07-30,Central,Software,246.94
ORD-013709,2026-07-30,Central,Software,215.87
ORD-013710,2026-07-30,Central,Software,140.40
ORD-013711,2026-07-30,Central,Accessories,21.80
ORD-013712,2026-07-30,South,,286.11
ORD-013713,2026-07-30,South,Services,489.84
ORD-013714,2026-07-30,South,Accessories,48.46
ORD-013715,2026-07-30,South,Software,163.54
ORD-013716,2026-07-30,South,Software,72.05
ORD-013717,2026-07-30,South,Accessories,35.28
ORD-013718,2026-07-30,South,Services,479.48
ORD-013719,2026-07-30,South,Hardware,346.07
ORD-013720,2026-07-30,South,Services,533.27
ORD-013721,2026-07-30,South,Hardware,190.40
ORD-013722,2026-07-30,South,Software,181.33
ORD-013723,2026-07-30,South,Accessories,43.55
ORD-013724,2026-07-30,South,Services,414.77
ORD-013725,2026-07-30,South,Hardware,823.06
ORD-013726,2026-07-30,South,Services,327.87
ORD-013727,2026-07-30,South,Hardware,413.58
ORD-013728,2026-07-30,South,Hardware,263.08
ORD-013729,2026-07-30,South,,806.05
ORD-013730,2026-07-30,South,Software,195.39
ORD-013731,2026-07-30,South,Hardware,273.82
ORD-013732,2026-07-30,South,Hardware,495.54
ORD-013733,2026-07-30,South,Accessories,44.97
ORD-013734,2026-07-30,South,Services,448.87
ORD-013735,2026-07-30,South,Hardware,370.40
ORD-013736,2026-07-30,South,Hardware,233.31
ORD-013737,2026-07-30,South,Hardware,516.38
ORD-013738,2026-07-30,South,Services,546.01
ORD-013739,2026-07-30,South,Services,633.46
ORD-013740,2026-07-30,South,Hardware,372.54
ORD-013741,2026-07-30,South,Software,125.66
ORD-013742,2026-07-31,North,Accessories,39.46
ORD-013743,2026-07-31,North,Hardware,112.39
ORD-013744,2026-07-31,North,Services,653.39
ORD-013745,2026-07-31,North,Services,470.20
ORD-013746,2026-07-31,North,Services,1168.48
ORD-013747,2026-07-31,North,Services,914.44
ORD-013748,2026-07-31,North,Accessories,26.63
ORD-013749,2026-07-31,North,Software,379.26
ORD-013750,2026-07-31,North,Hardware,444.91
ORD-013751,2026-07-31,North,Software,93.31
ORD-013752,2026-07-31,North,Software,56.24
ORD-013753,2026-07-31,North,Hardware,471.02
ORD-013754,2026-07-31,North,Software,227.51
ORD-013755,2026-07-31,North,Hardware,262.88
ORD-013756,2026-07-31,North,Hardware,344.42
ORD-013757,2026-07-31,North,Hardware,475.59
ORD-013758,2026-07-31,North,Accessories,38.90
ORD-013759,2026-07-31,North,Software,75.47
ORD-013760,2026-07-31,North,Services,531.14
ORD-013761,2026-07-31,North,Hardware,290.97
ORD-013762,2026-07-31,North,Hardware,92.36
ORD-013763,2026-07-31,North,Hardware,1120.34
ORD-013764,2026-07-31,North,Accessories,12.53
ORD-013765,2026-07-31,North,Accessories,16.64
ORD-013766,2026-07-31,North,Hardware,645.50
ORD-013767,2026-07-31,North,Software,99.66
ORD-013768,2026-07-31,North,Hardware,289.35
ORD-013769,2026-07-31,North,Services,358.57
ORD-013770,2026-07-31,North,Hardware,144.97
ORD-013771,2026-07-31,North,Services,533.74
ORD-013772,2026-07-31,North,Accessories,77.03
ORD-013773,2026-07-31,North,Hardware,854.12
ORD-013774,2026-07-31,North,Software,269.63
ORD-013775,2026-07-31,North,Software,38.42
ORD-013776,2026-07-31,North,Software,216.29
ORD-013777,2026-07-31,North,,93.07
ORD-013778,2026-07-31,North,Software,94.24
ORD-013779,2026-07-31,North,Services,502.42
ORD-013780,2026-07-31,North,Accessories,17.11
ORD-013781,2026-07-31,North,Accessories,26.06
ORD-013782,2026-07-31,North,Software,104.32
ORD-013783,2026-07-31,North,Accessories,76.05
ORD-013784,2026-07-31,North,Software,201.02
ORD-013785,2026-07-31,North,Software,180.93
ORD-013786,2026-07-31,North,Software,106.19
ORD-013787,2026-07-31,North,Hardware,307.84
ORD-013788,2026-07-31,North,Services,367.08
ORD-013789,2026-07-31,Central,Services,1742.76
ORD-013790,2026-07-31,Central,Accessories,55.23
ORD-013791,2026-07-31,Central,Software,64.34
ORD-013792,2026-07-31,Central,Software,87.96
ORD-013793,2026-07-31,Central,Software,111.79
ORD-013794,2026-07-31,Central,Hardware,205.08
ORD-013795,2026-07-31,Central,Hardware,576.33
ORD-013796,2026-07-31,Central,Accessories,27.08
ORD-013797,2026-07-31,Central,Hardware,219.87
ORD-013798,2026-07-31,Central,Hardware,103.47
ORD-013799,2026-07-31,Central,Accessories,24.95
ORD-013800,2026-07-31,Central,Accessories,50.85
ORD-013801,2026-07-31,Central,Accessories,24.48
ORD-013802,2026-07-31,Central,Hardware,632.49
ORD-013803,2026-07-31,Central,Services,775.42
ORD-013804,2026-07-31,Central,Hardware,1084.86
ORD-013805,2026-07-31,Central,Services,619.40
ORD-013806,2026-07-31,Central,Software,260.86
ORD-013807,2026-07-31,Central,Accessories,10.09
ORD-013808,2026-07-31,Central,Software,178.68
ORD-013809,2026-07-31,Central,Accessories,19.33
ORD-013810,2026-07-31,Central,Software,86.18
ORD-013811,2026-07-31,Central,Software,350.02
ORD-013812,2026-07-31,Central,Hardware,454.18
ORD-013813,2026-07-31,Central,Hardware,410.17
ORD-013814,2026-07-31,Central,Software,325.10
ORD-013815,2026-07-31,Central,Software,227.99
ORD-013816,2026-07-31,Central,Accessories,32.78
ORD-013817,2026-07-31,Central,Hardware,150.12
ORD-013818,2026-07-31,Central,Services,1319.51
ORD-013819,2026-07-31,Central,Accessories,50.29
ORD-013820,2026-07-31,Central,Hardware,613.76
ORD-013821,2026-07-31,Central,Hardware,236.40
ORD-013822,2026-07-31,Central,Software,199.86
ORD-013823,2026-07-31,Central,,202.10
ORD-013824,2026-07-31,Central,Software,107.93
ORD-013825,2026-07-31,Central,Services,511.77
ORD-013826,2026-07-31,Central,Services,1048.97
ORD-013827,2026-07-31,Central,Services,1110.52
ORD-013828,2026-07-31,Central,Software,136.00
ORD-013829,2026-07-31,Central,Accessories,60.85
ORD-013830,2026-07-31,Central,Hardware,292.91
ORD-013831,2026-07-31,South,Accessories,23.55
ORD-013832,2026-07-31,South,Accessories,35.07
ORD-013833,2026-07-31,South,Services,515.47
ORD-013834,2026-07-31,South,Hardware,231.52
ORD-013835,2026-07-31,South,Hardware,179.52
ORD-013836,2026-07-31,South,,43.21
ORD-013837,2026-07-31,South,Hardware,520.65
ORD-013838,2026-07-31,South,Services,416.26
ORD-013839,2026-07-31,South,Accessories,24.65
ORD-013840,2026-07-31,South,Hardware,289.05
ORD-013841,2026-07-31,South,Software,197.54
ORD-013842,2026-07-31,South,Software,94.56
ORD-013843,2026-07-31,South,Services,829.60
ORD-013844,2026-07-31,South,Hardware,360.72
ORD-013845,2026-07-31,South,Software,90.86
ORD-013846,2026-07-31,South,Software,178.56
ORD-013847,2026-07-31,South,Accessories,30.68
ORD-013848,2026-07-31,South,Hardware,637.45
ORD-013849,2026-07-31,South,Hardware,330.38
ORD-013850,2026-07-31,South,Services,273.87
ORD-013851,2026-07-31,South,Software,231.82
ORD-013852,2026-07-31,South,Hardware,261.75
ORD-013853,2026-07-31,South,Accessories,21.45
ORD-013854,2026-07-31,South,Accessories,23.92
ORD-013855,2026-07-31,South,Accessories,24.45
ORD-013856,2026-08-01,North,Hardware,211.63
ORD-013857,2026-08-01,North,Software,121.10
ORD-013858,2026-08-01,North,Software,160.60
ORD-013859,2026-08-01,North,Accessories,55.47
ORD-013860,2026-08-01,North,Software,170.71
ORD-013861,2026-08-01,North,Hardware,375.65
ORD-013862,2026-08-01,North,Accessories,130.57
ORD-013863,2026-08-01,North,Software,110.37
ORD-013864,2026-08-01,North,Accessories,41.09
ORD-013865,2026-08-01,North,Services,1022.77
ORD-013866,2026-08-01,North,Accessories,53.95
ORD-013867,2026-08-01,North,Software,317.62
ORD-013868,2026-08-01,North,Hardware,293.78
ORD-013869,2026-08-01,North,Services,151.24
ORD-013870,2026-08-01,North,Software,250.19
ORD-013871,2026-08-01,North,Hardware,400.74
ORD-013872,2026-08-01,North,Hardware,354.48
ORD-013873,2026-08-01,North,Hardware,121.55
ORD-013874,2026-08-01,North,Software,158.75
ORD-013875,2026-08-01,North,Hardware,172.04
ORD-013876,2026-08-01,North,Hardware,223.33
ORD-013877,2026-08-01,North,Services,1542.57
ORD-013878,2026-08-01,North,Accessories,52.84
ORD-013879,2026-08-01,North,Accessories,16.61
ORD-013880,2026-08-01,North,Services,805.14
ORD-013881,2026-08-01,North,Services,1083.25
ORD-013882,2026-08-01,North,Hardware,300.75
ORD-013883,2026-08-01,North,Hardware,266.01
ORD-013884,2026-08-01,North,Hardware,622.58
ORD-013885,2026-08-01,North,Hardware,245.49
ORD-013886,2026-08-01,North,Accessories,80.40
ORD-013887,2026-08-01,North,Services,2184.68
ORD-013888,2026-08-01,North,Accessories,24.29
ORD-013889,2026-08-01,North,Software,257.51
ORD-013890,2026-08-01,North,Services,930.53
ORD-013891,2026-08-01,North,Services,1076.43
ORD-013892,2026-08-01,North,Services,764.82
ORD-013893,2026-08-01,Central,Software,136.38
ORD-013894,2026-08-01,Central,Accessories,46.39
ORD-013895,2026-08-01,Central,Accessories,36.27
ORD-013896,2026-08-01,Central,Software,112.91
ORD-013897,2026-08-01,Central,Hardware,402.43
ORD-013898,2026-08-01,Central,Software,81.23
ORD-013899,2026-08-01,Central,Services,629.46
ORD-013900,2026-08-01,Central,Accessories,20.76
ORD-013901,2026-08-01,Central,Services,421.00
ORD-013902,2026-08-01,Central,Software,88.42
ORD-013903,2026-08-01,Central,Software,118.45
ORD-013904,2026-08-01,Central,Software,118.16
ORD-013905,2026-08-01,Central,Software,237.06
ORD-013906,2026-08-01,Central,Hardware,284.51
ORD-013907,2026-08-01,Central,Accessories,36.44
ORD-013908,2026-08-01,Central,Accessories,41.72
ORD-013909,2026-08-01,Central,Accessories,35.29
ORD-013910,2026-08-01,Central,Services,259.50
ORD-013911,2026-08-01,Central,Software,508.66
ORD-013912,2026-08-01,Central,Software,193.43
ORD-013913,2026-08-01,Central,Software,121.87
ORD-013914,2026-08-01,Central,Services,236.60
ORD-013915,2026-08-01,Central,Software,373.31
ORD-013916,2026-08-01,Central,Services,379.91
ORD-013917,2026-08-01,Central,Software,369.52
ORD-013918,2026-08-01,Central,Accessories,51.13
ORD-013919,2026-08-01,Central,Accessories,40.44
ORD-013920,2026-08-01,Central,Software,217.61
ORD-013921,2026-08-01,Central,Software,58.29
ORD-013922,2026-08-01,Central,Accessories,24.20
ORD-013923,2026-08-01,Central,Accessories,90.46
ORD-013924,2026-08-01,Central,Services,481.79
ORD-013925,2026-08-01,Central,Services,590.18
ORD-013926,2026-08-01,South,Software,167.78
ORD-013927,2026-08-01,South,Hardware,132.97
ORD-013928,2026-08-01,South,Services,375.69
ORD-013929,2026-08-01,South,Software,170.89
ORD-013930,2026-08-01,South,Hardware,232.89
ORD-013931,2026-08-01,South,Hardware,539.45
ORD-013932,2026-08-01,South,Hardware,466.47
ORD-013933,2026-08-01,South,Hardware,912.35
ORD-013934,2026-08-01,South,Hardware,308.11
ORD-013935,2026-08-01,South,Services,380.04
ORD-013936,2026-08-01,South,Hardware,202.48
ORD-013937,2026-08-01,South,Hardware,202.69
ORD-013938,2026-08-01,South,Accessories,72.89
ORD-013939,2026-08-01,South,Software,92.72
ORD-013940,2026-08-01,South,Services,575.32
ORD-013941,2026-08-01,South,Hardware,998.03
ORD-013942,2026-08-01,South,Software,264.30
ORD-013943,2026-08-01,South,Hardware,369.28
ORD-013944,2026-08-01,South,Hardware,218.92
ORD-013945,2026-08-01,South,,536.31
ORD-013946,2026-08-01,South,Hardware,837.40
ORD-013947,2026-08-01,South,Hardware,429.67
ORD-013948,2026-08-01,South,Services,843.78
ORD-013949,2026-08-01,South,Services,260.37
ORD-013950,2026-08-01,South,Services,339.07
ORD-013951,2026-08-01,South,Accessories,101.47
ORD-013952,2026-08-02,North,Services,735.97
ORD-013953,2026-08-02,North,Software,76.92
ORD-013954,2026-08-02,North,Accessories,88.39
ORD-013955,2026-08-02,North,Hardware,275.02
ORD-013956,2026-08-02,North,Services,435.90
ORD-013957,2026-08-02,North,Hardware,132.20
ORD-013958,2026-08-02,North,Accessories,34.68
ORD-013959,2026-08-02,North,Accessories,89.40
ORD-013960,2026-08-02,North,Services,700.78
ORD-013961,2026-08-02,North,Hardware,192.83
ORD-013962,2026-08-02,North,Accessories,29.24
ORD-013963,2026-08-02,North,Accessories,64.14
ORD-013964,2026-08-02,North,Software,283.09
ORD-013965,2026-08-02,North,Software,106.51
ORD-013966,2026-08-02,North,Hardware,420.15
ORD-013967,2026-08-02,North,Accessories,83.54
ORD-013968,2026-08-02,North,Services,417.03
ORD-013969,2026-08-02,North,Software,119.30
ORD-013970,2026-08-02,North,Hardware,344.03
ORD-013971,2026-08-02,North,Services,159.30
ORD-013972,2026-08-02,North,Services,343.36
ORD-013973,2026-08-02,North,Software,162.94
ORD-013974,2026-08-02,North,Software,285.69
ORD-013975,2026-08-02,North,Software,51.63
ORD-013976,2026-08-02,North,Accessories,38.07
ORD-013977,2026-08-02,North,Software,134.61
ORD-013978,2026-08-02,North,Services,568.57
ORD-013979,2026-08-02,North,Hardware,256.63
ORD-013980,2026-08-02,North,Accessories,39.46
ORD-013981,2026-08-02,North,Hardware,160.33
ORD-013982,2026-08-02,North,Software,157.71
ORD-013983,2026-08-02,North,Accessories,18.04
ORD-013984,2026-08-02,North,Hardware,233.51
ORD-013985,2026-08-02,North,Accessories,20.26
ORD-013986,2026-08-02,Central,Accessories,53.29
ORD-013987,2026-08-02,Central,Services,1281.13
ORD-013988,2026-08-02,Central,Software,480.14
ORD-013989,2026-08-02,Central,Accessories,10.31
ORD-013990,2026-08-02,Central,Hardware,236.23
ORD-013991,2026-08-02,Central,Hardware,352.57
ORD-013992,2026-08-02,Central,Software,378.32
ORD-013993,2026-08-02,Central,Software,112.12
ORD-013994,2026-08-02,Central,Services,344.42
ORD-013995,2026-08-02,Central,Accessories,60.07
ORD-013996,2026-08-02,Central,Services,715.09
ORD-013997,2026-08-02,Central,Hardware,354.37
ORD-013998,2026-08-02,Central,Accessories,35.25
ORD-013999,2026-08-02,Central,Software,129.95
ORD-014000,2026-08-02,Central,Software,120.29
ORD-014001,2026-08-02,Central,Hardware,250.85
ORD-014002,2026-08-02,Central,Accessories,23.90
ORD-014003,2026-08-02,Central,Accessories,102.15
ORD-014004,2026-08-02,Central,Software,112.84
ORD-014005,2026-08-02,Central,Hardware,327.05
ORD-014006,2026-08-02,Central,Hardware,261.36
ORD-014007,2026-08-02,Central,Services,288.99
ORD-014008,2026-08-02,Central,Hardware,157.90
ORD-014009,2026-08-02,Central,Accessories,41.30
ORD-014010,2026-08-02,Central,Software,109.55
ORD-014011,2026-08-02,Central,Services,650.01
ORD-014012,2026-08-02,Central,Accessories,57.02
ORD-014013,2026-08-02,Central,Services,1220.33
ORD-014014,2026-08-02,Central,Hardware,125.05
ORD-014015,2026-08-02,Central,Hardware,189.81
ORD-014016,2026-08-02,Central,Hardware,359.82
ORD-014017,2026-08-02,Central,Accessories,23.19
ORD-014018,2026-08-02,Central,Services,450.72
ORD-014019,2026-08-02,Central,Hardware,1387.98
ORD-014020,2026-08-02,Central,Accessories,68.24
ORD-014021,2026-08-02,Central,Hardware,520.03
ORD-014022,2026-08-02,South,Hardware,560.28
ORD-014023,2026-08-02,South,Software,89.84
ORD-014024,2026-08-02,South,Software,111.84
ORD-014025,2026-08-02,South,Services,396.41
ORD-014026,2026-08-02,South,Software,145.75
ORD-014027,2026-08-02,South,Accessories,52.32
ORD-014028,2026-08-02,South,Accessories,77.75
ORD-014029,2026-08-02,South,Accessories,32.73
ORD-014030,2026-08-02,South,Accessories,46.11
ORD-014031,2026-08-02,South,Software,57.21
ORD-014032,2026-08-02,South,Services,516.79
ORD-014033,2026-08-02,South,Software,478.45
ORD-014034,2026-08-02,South,Software,105.20
ORD-014035,2026-08-02,South,Accessories,33.80
ORD-014036,2026-08-02,South,Accessories,52.57
ORD-014037,2026-08-02,South,Software,139.59
ORD-014038,2026-08-03,North,Hardware,187.13
ORD-014039,2026-08-03,North,Hardware,167.67
ORD-014040,2026-08-03,North,Accessories,25.07
ORD-014041,2026-08-03,North,Hardware,569.68
ORD-014042,2026-08-03,North,Hardware,306.10
ORD-014043,2026-08-03,North,Hardware,278.57
ORD-014044,2026-08-03,North,Accessories,31.48
ORD-014045,2026-08-03,North,Accessories,33.08
ORD-014046,2026-08-03,North,Services,1126.59
ORD-014047,2026-08-03,North,Software,247.07
ORD-014048,2026-08-03,North,Hardware,107.73
ORD-014049,2026-08-03,North,Accessories,136.37
ORD-014050,2026-08-03,North,Accessories,48.05
ORD-014051,2026-08-03,North,Accessories,93.45
ORD-014052,2026-08-03,North,Accessories,36.54
ORD-014053,2026-08-03,North,Software,128.44
ORD-014054,2026-08-03,North,Services,528.33
ORD-014055,2026-08-03,North,Hardware,231.97
ORD-014056,2026-08-03,North,Services,317.32
ORD-014057,2026-08-03,North,Software,207.16
ORD-014058,2026-08-03,North,Hardware,343.90
ORD-014059,2026-08-03,North,Accessories,39.53
ORD-014060,2026-08-03,North,Accessories,40.95
ORD-014061,2026-08-03,North,Hardware,298.16
ORD-014062,2026-08-03,North,Software,187.75
ORD-014063,2026-08-03,North,Services,585.39
ORD-014064,2026-08-03,North,Software,142.79
ORD-014065,2026-08-03,North,Accessories,50.74
ORD-014066,2026-08-03,North,Software,161.97
ORD-014067,2026-08-03,North,Hardware,236.48
ORD-014068,2026-08-03,North,Software,107.03
ORD-014069,2026-08-03,North,Hardware,639.06
ORD-014070,2026-08-03,North,Accessories,53.50
ORD-014071,2026-08-03,North,Hardware,580.49
ORD-014072,2026-08-03,North,Accessories,57.66
ORD-014073,2026-08-03,North,Hardware,179.69
ORD-014074,2026-08-03,North,Software,217.54
ORD-014075,2026-08-03,North,Software,123.01
ORD-014076,2026-08-03,North,Software,240.71
ORD-014077,2026-08-03,North,Services,668.34
ORD-014078,2026-08-03,North,Software,226.17
ORD-014079,2026-08-03,North,Accessories,45.65
ORD-014080,2026-08-03,North,Accessories,21.41
ORD-014081,2026-08-03,North,Accessories,9.85
ORD-014082,2026-08-03,North,Services,910.04
ORD-014083,2026-08-03,North,Hardware,121.24
ORD-014084,2026-08-03,North,Software,187.28
ORD-014085,2026-08-03,North,Hardware,239.99
ORD-014086,2026-08-03,North,,186.70
ORD-014087,2026-08-03,North,Services,1022.36
ORD-014088,2026-08-03,North,Software,137.81
ORD-014089,2026-08-03,North,Services,702.70
ORD-014090,2026-08-03,North,Hardware,177.28
ORD-014091,2026-08-03,North,Hardware,90.86
ORD-014092,2026-08-03,North,Services,594.59
ORD-014093,2026-08-03,Central,Software,47.16
ORD-014094,2026-08-03,Central,Hardware,152.14
ORD-014095,2026-08-03,Central,Software,121.41
ORD-014096,2026-08-03,Central,Services,932.68
ORD-014097,2026-08-03,Central,Hardware,120.26
ORD-014098,2026-08-03,Central,Software,101.52
ORD-014099,2026-08-03,Central,Accessories,44.04
ORD-014100,2026-08-03,Central,Services,322.22
ORD-014101,2026-08-03,Central,Software,105.98
ORD-014102,2026-08-03,Central,Software,380.98
ORD-014103,2026-08-03,Central,Hardware,457.12
ORD-014104,2026-08-03,Central,Accessories,22.69
ORD-014105,2026-08-03,Central,Hardware,215.97
ORD-014106,2026-08-03,Central,Hardware,636.84
ORD-014107,2026-08-03,Central,Services,177.21
ORD-014108,2026-08-03,Central,Software,22.47
ORD-014109,2026-08-03,Central,Software,101.24
ORD-014110,2026-08-03,Central,Services,725.91
ORD-014111,2026-08-03,Central,Accessories,30.53
ORD-014112,2026-08-03,Central,Accessories,59.50
ORD-014113,2026-08-03,Central,Hardware,302.63
ORD-014114,2026-08-03,Central,Hardware,107.02
ORD-014115,2026-08-03,Central,Services,352.07
ORD-014116,2026-08-03,Central,Services,381.73
ORD-014117,2026-08-03,Central,Software,38.75
ORD-014118,2026-08-03,Central,Hardware,751.88
ORD-014119,2026-08-03,Central,Services,1004.82
ORD-014120,2026-08-03,Central,Accessories,28.47
ORD-014121,2026-08-03,Central,Accessories,23.29
ORD-014122,2026-08-03,Central,Hardware,702.38
ORD-014123,2026-08-03,Central,Accessories,43.01
ORD-014124,2026-08-03,Central,Hardware,448.39
ORD-014125,2026-08-03,Central,Services,253.97
ORD-014126,2026-08-03,Central,Accessories,24.42
ORD-014127,2026-08-03,Central,Services,744.19
ORD-014128,2026-08-03,Central,Services,1714.99
ORD-014129,2026-08-03,Central,,164.64
ORD-014130,2026-08-03,Central,Software,117.70
ORD-014131,2026-08-03,South,Accessories,42.72
ORD-014132,2026-08-03,South,Software,200.18
ORD-014133,2026-08-03,South,Hardware,271.53
ORD-014134,2026-08-03,South,Services,657.73
ORD-014135,2026-08-03,South,Hardware,278.31
ORD-014136,2026-08-03,South,Software,394.30
ORD-014137,2026-08-03,South,Software,93.79
ORD-014138,2026-08-03,South,Software,259.51
ORD-014139,2026-08-03,South,Software,203.99
ORD-014140,2026-08-03,South,Accessories,67.68
ORD-014141,2026-08-03,South,Software,407.88
ORD-014142,2026-08-03,South,Hardware,249.95
ORD-014143,2026-08-03,South,Accessories,28.42
ORD-014144,2026-08-03,South,Accessories,36.90
ORD-014145,2026-08-03,South,Software,119.36
ORD-014146,2026-08-03,South,Hardware,318.18
ORD-014147,2026-08-03,South,Services,851.48
ORD-014148,2026-08-03,South,Hardware,198.48
ORD-014149,2026-08-03,South,Software,193.37
ORD-014150,2026-08-03,South,Hardware,479.77
ORD-014151,2026-08-03,South,Services,519.31
ORD-014152,2026-08-03,South,Software,200.50
ORD-014153,2026-08-03,South,Software,72.09
ORD-014154,2026-08-03,South,Services,1682.63
ORD-014155,2026-08-03,South,Hardware,338.37
ORD-014156,2026-08-03,South,Software,186.96
ORD-014157,2026-08-03,South,Services,702.60
ORD-014158,2026-08-04,North,Services,743.56
ORD-014159,2026-08-04,North,Hardware,129.17
ORD-014160,2026-08-04,North,Software,103.79
ORD-014161,2026-08-04,North,Software,273.19
ORD-014162,2026-08-04,North,Accessories,29.37
ORD-014163,2026-08-04,North,Services,752.85
ORD-014164,2026-08-04,North,Services,395.25
ORD-014165,2026-08-04,North,Accessories,30.27
ORD-014166,2026-08-04,North,Hardware,430.96
ORD-014167,2026-08-04,North,Accessories,27.31
ORD-014168,2026-08-04,North,Software,129.70
ORD-014169,2026-08-04,North,Services,578.85
ORD-014170,2026-08-04,North,Services,628.91
ORD-014171,2026-08-04,North,Accessories,21.70
ORD-014172,2026-08-04,North,Hardware,386.68
ORD-014173,2026-08-04,North,Accessories,40.27
ORD-014174,2026-08-04,North,Hardware,228.57
ORD-014175,2026-08-04,North,Software,392.33
ORD-014176,2026-08-04,North,Software,124.64
ORD-014177,2026-08-04,North,Software,155.50
ORD-014178,2026-08-04,North,Software,246.31
ORD-014179,2026-08-04,North,Services,686.07
ORD-014180,2026-08-04,North,Software,111.65
ORD-014181,2026-08-04,North,Software,239.02
ORD-014182,2026-08-04,North,Software,74.29
ORD-014183,2026-08-04,North,Services,512.93
ORD-014184,2026-08-04,North,Software,60.89
ORD-014185,2026-08-04,North,Accessories,51.53
ORD-014186,2026-08-04,North,Software,209.11
ORD-014187,2026-08-04,North,Hardware,279.09
ORD-014188,2026-08-04,North,Hardware,213.59
ORD-014189,2026-08-04,North,Software,72.51
ORD-014190,2026-08-04,North,Software,83.24
ORD-014191,2026-08-04,North,Hardware,577.83
ORD-014192,2026-08-04,North,Hardware,502.22
ORD-014193,2026-08-04,North,Accessories,45.75
ORD-014194,2026-08-04,North,Software,60.36
ORD-014195,2026-08-04,North,Software,133.08
ORD-014196,2026-08-04,North,Accessories,37.12
ORD-014197,2026-08-04,North,Software,245.25
ORD-014198,2026-08-04,North,Hardware,216.42
ORD-014199,2026-08-04,North,Accessories,20.22
ORD-014200,2026-08-04,North,Services,721.40
ORD-014201,2026-08-04,North,Software,140.16
ORD-014202,2026-08-04,North,Hardware,299.59
ORD-014203,2026-08-04,North,Accessories,16.45
ORD-014204,2026-08-04,North,Hardware,84.62
ORD-014205,2026-08-04,North,Services,265.59
ORD-014206,2026-08-04,Central,Software,208.78
ORD-014207,2026-08-04,Central,,129.08
ORD-014208,2026-08-04,Central,Accessories,75.59
ORD-014209,2026-08-04,Central,Hardware,503.56
ORD-014210,2026-08-04,Central,Services,611.39
ORD-014211,2026-08-04,Central,Hardware,319.82
ORD-014212,2026-08-04,Central,Software,147.01
ORD-014213,2026-08-04,Central,Software,288.46
ORD-014214,2026-08-04,Central,Software,97.19
ORD-014215,2026-08-04,Central,Accessories,15.92
ORD-014216,2026-08-04,Central,Hardware,469.90
ORD-014217,2026-08-04,Central,Accessories,40.32
ORD-014218,2026-08-04,Central,Hardware,149.27
ORD-014219,2026-08-04,Central,Hardware,375.22
ORD-014220,2026-08-04,Central,Services,384.87
ORD-014221,2026-08-04,Central,Services,695.45
ORD-014222,2026-08-04,Central,Accessories,75.55
ORD-014223,2026-08-04,Central,Hardware,572.77
ORD-014224,2026-08-04,Central,Software,212.59
ORD-014225,2026-08-04,Central,Accessories,50.20
ORD-014226,2026-08-04,Central,Accessories,24.46
ORD-014227,2026-08-04,Central,Hardware,606.88
ORD-014228,2026-08-04,Central,Software,119.92
ORD-014229,2026-08-04,Central,Services,556.37
ORD-014230,2026-08-04,Central,Software,99.65
ORD-014231,2026-08-04,Central,Services,590.32
ORD-014232,2026-08-04,Central,Accessories,73.12
ORD-014233,2026-08-04,Central,Accessories,13.90
ORD-014234,2026-08-04,Central,Software,284.72
ORD-014235,2026-08-04,Central,Hardware,425.23
ORD-014236,2026-08-04,Central,Services,718.01
ORD-014237,2026-08-04,Central,Hardware,357.42
ORD-014238,2026-08-04,Central,Hardware,263.35
ORD-014239,2026-08-04,Central,Software,152.33
ORD-014240,2026-08-04,Central,Accessories,23.28
ORD-014241,2026-08-04,Central,Hardware,309.01
ORD-014242,2026-08-04,Central,Software,87.34
ORD-014243,2026-08-04,Central,Software,211.23
ORD-014244,2026-08-04,Central,Hardware,308.42
ORD-014245,2026-08-04,Central,Software,80.62
ORD-014246,2026-08-04,Central,Hardware,317.47
ORD-014247,2026-08-04,Central,Software,131.74
ORD-014248,2026-08-04,Central,Services,892.85
ORD-014249,2026-08-04,Central,Services,734.21
ORD-014250,2026-08-04,Central,Accessories,31.47
ORD-014251,2026-08-04,Central,Services,311.73
ORD-014252,2026-08-04,Central,Software,256.11
ORD-014253,2026-08-04,Central,Services,402.28
ORD-014254,2026-08-04,Central,Software,78.41
ORD-014255,2026-08-04,South,Hardware,965.07
ORD-014256,2026-08-04,South,Hardware,265.13
ORD-014257,2026-08-04,South,Services,450.92
ORD-014258,2026-08-04,South,Accessories,24.03
ORD-014259,2026-08-04,South,Services,252.39
ORD-014260,2026-08-04,South,Services,986.39
ORD-014261,2026-08-04,South,Hardware,75.38
ORD-014262,2026-08-04,South,Accessories,38.58
ORD-014263,2026-08-04,South,Software,193.83
ORD-014264,2026-08-04,South,Services,216.20
ORD-014265,2026-08-04,South,Services,1201.00
ORD-014266,2026-08-04,South,Services,446.83
ORD-014267,2026-08-04,South,Hardware,174.40
ORD-014268,2026-08-04,South,Hardware,318.76
ORD-014269,2026-08-04,South,Hardware,533.13
ORD-014270,2026-08-04,South,Software,110.04
ORD-014271,2026-08-04,South,Hardware,222.44
ORD-014272,2026-08-04,South,Software,252.75
ORD-014273,2026-08-04,South,Services,349.79
ORD-014274,2026-08-04,South,Services,615.38
ORD-014275,2026-08-04,South,Hardware,180.17
ORD-014276,2026-08-04,South,Software,433.91
ORD-014277,2026-08-04,South,Hardware,277.86
ORD-014278,2026-08-04,South,Accessories,29.81
ORD-014279,2026-08-04,South,Accessories,62.52
ORD-014280,2026-08-04,South,Accessories,62.12
ORD-014281,2026-08-04,South,Hardware,467.13
ORD-014282,2026-08-04,South,Hardware,258.49
ORD-014283,2026-08-04,South,Software,139.56
ORD-014284,2026-08-04,South,Software,90.84
ORD-014285,2026-08-04,South,Services,517.65
ORD-014286,2026-08-04,South,Hardware,685.36
ORD-014287,2026-08-05,North,Software,217.92
ORD-014288,2026-08-05,North,Services,326.12
ORD-014289,2026-08-05,North,Services,271.28
ORD-014290,2026-08-05,North,Accessories,20.44
ORD-014291,2026-08-05,North,Hardware,964.53
ORD-014292,2026-08-05,North,Software,189.17
ORD-014293,2026-08-05,North,Services,770.62
ORD-014294,2026-08-05,North,Software,124.44
ORD-014295,2026-08-05,North,Hardware,136.80
ORD-014296,2026-08-05,North,Hardware,176.30
ORD-014297,2026-08-05,North,Hardware,561.87
ORD-014298,2026-08-05,North,Software,113.35
ORD-014299,2026-08-05,North,Accessories,22.40
ORD-014300,2026-08-05,North,Software,158.31
ORD-014301,2026-08-05,North,Software,110.13
ORD-014302,2026-08-05,North,Services,374.78
ORD-014303,2026-08-05,North,Services,274.29
ORD-014304,2026-08-05,North,Hardware,440.43
ORD-014305,2026-08-05,North,Accessories,55.54
ORD-014306,2026-08-05,North,Software,65.21
ORD-014307,2026-08-05,North,Services,770.82
ORD-014308,2026-08-05,North,Accessories,24.87
ORD-014309,2026-08-05,North,Software,56.11
ORD-014310,2026-08-05,North,Software,75.00
ORD-014311,2026-08-05,North,Accessories,36.68
ORD-014312,2026-08-05,North,Accessories,76.04
ORD-014313,2026-08-05,North,Services,226.72
ORD-014314,2026-08-05,North,Software,60.82
ORD-014315,2026-08-05,North,Software,360.45
ORD-014316,2026-08-05,North,Accessories,41.56
ORD-014317,2026-08-05,North,Hardware,521.67
ORD-014318,2026-08-05,North,Hardware,405.02
ORD-014319,2026-08-05,North,Hardware,279.47
ORD-014320,2026-08-05,North,Services,801.84
ORD-014321,2026-08-05,North,Accessories,33.72
ORD-014322,2026-08-05,North,Hardware,320.68
ORD-014323,2026-08-05,North,Software,100.21
ORD-014324,2026-08-05,North,Hardware,161.73
ORD-014325,2026-08-05,North,Software,138.84
ORD-014326,2026-08-05,North,Software,60.36
ORD-014327,2026-08-05,North,Hardware,1000.71
ORD-014328,2026-08-05,North,Software,116.95
ORD-014329,2026-08-05,North,Hardware,153.00
ORD-014330,2026-08-05,North,Software,100.74
ORD-014331,2026-08-05,North,Software,188.28
ORD-014332,2026-08-05,North,Services,202.11
ORD-014333,2026-08-05,North,Services,605.20
ORD-014334,2026-08-05,North,Software,125.86
ORD-014335,2026-08-05,North,Hardware,517.00
ORD-014336,2026-08-05,North,Services,461.83
ORD-014337,2026-08-05,North,Services,540.97
ORD-014338,2026-08-05,North,Accessories,6.20
ORD-014339,2026-08-05,North,Accessories,43.74
ORD-014340,2026-08-05,North,Hardware,179.12
ORD-014341,2026-08-05,North,Hardware,298.68
ORD-014342,2026-08-05,North,Software,62.96
ORD-014343,2026-08-05,North,Services,478.75
ORD-014344,2026-08-05,North,Hardware,643.14
ORD-014345,2026-08-05,Central,Services,575.15
ORD-014346,2026-08-05,Central,Hardware,220.20
ORD-014347,2026-08-05,Central,Hardware,281.71
ORD-014348,2026-08-05,Central,Services,947.59
ORD-014349,2026-08-05,Central,Services,1131.63
ORD-014350,2026-08-05,Central,Services,279.71
ORD-014351,2026-08-05,Central,Accessories,68.95
ORD-014352,2026-08-05,Central,Services,781.59
ORD-014353,2026-08-05,Central,Hardware,120.41
ORD-014354,2026-08-05,Central,Services,827.78
ORD-014355,2026-08-05,Central,Accessories,46.39
ORD-014356,2026-08-05,Central,Services,964.67
ORD-014357,2026-08-05,Central,Software,184.95
ORD-014358,2026-08-05,Central,Accessories,167.42
ORD-014359,2026-08-05,Central,Hardware,233.21
ORD-014360,2026-08-05,Central,Accessories,36.16
ORD-014361,2026-08-05,Central,Accessories,26.45
ORD-014362,2026-08-05,Central,Accessories,48.63
ORD-014363,2026-08-05,Central,Services,1240.00
ORD-014364,2026-08-05,Central,Services,512.01
ORD-014365,2026-08-05,Central,Services,497.92
ORD-014366,2026-08-05,Central,Software,181.10
ORD-014367,2026-08-05,Central,Hardware,384.09
ORD-014368,2026-08-05,Central,Software,171.48
ORD-014369,2026-08-05,Central,Accessories,69.32
ORD-014370,2026-08-05,Central,Software,265.17
ORD-014371,2026-08-05,Central,Accessories,33.44
ORD-014372,2026-08-05,Central,Hardware,182.66
ORD-014373,2026-08-05,Central,Accessories,53.30
ORD-014374,2026-08-05,Central,Hardware,319.67
ORD-014375,2026-08-05,Central,Software,57.49
ORD-014376,2026-08-05,Central,Hardware,271.10
ORD-014377,2026-08-05,Central,Accessories,44.79
ORD-014378,2026-08-05,Central,Hardware,427.47
ORD-014379,2026-08-05,Central,Accessories,40.80
ORD-014380,2026-08-05,Central,Software,262.97
ORD-014381,2026-08-05,Central,,53.60
ORD-014382,2026-08-05,Central,Accessories,20.15
ORD-014383,2026-08-05,Central,Services,550.07
ORD-014384,2026-08-05,Central,Accessories,110.14
ORD-014385,2026-08-05,Central,Services,525.93
ORD-014386,2026-08-05,Central,Hardware,553.91
ORD-014387,2026-08-05,Central,Services,452.81
ORD-014388,2026-08-05,Central,Hardware,189.01
ORD-014389,2026-08-05,Central,Services,369.75
ORD-014390,2026-08-05,Central,Accessories,23.43
ORD-014391,2026-08-05,Central,Hardware,264.34
ORD-014392,2026-08-05,Central,Accessories,21.28
ORD-014393,2026-08-05,Central,Accessories,29.11
ORD-014394,2026-08-05,Central,Accessories,25.50
ORD-014395,2026-08-05,Central,Services,748.82
ORD-014396,2026-08-05,Central,Accessories,83.07
ORD-014397,2026-08-05,South,Software,216.41
ORD-014398,2026-08-05,South,Accessories,22.31
ORD-014399,2026-08-05,South,Services,465.73
ORD-014400,2026-08-05,South,Accessories,43.40
ORD-014401,2026-08-05,South,Hardware,739.80
ORD-014402,2026-08-05,South,Hardware,408.67
ORD-014403,2026-08-05,South,Accessories,69.02
ORD-014404,2026-08-05,South,Services,571.69
ORD-014405,2026-08-05,South,Hardware,511.66
ORD-014406,2026-08-05,South,Software,182.62
ORD-014407,2026-08-05,South,Hardware,303.12
ORD-014408,2026-08-05,South,,232.28
ORD-014409,2026-08-05,South,Accessories,53.75
ORD-014410,2026-08-05,South,Hardware,366.57
ORD-014411,2026-08-05,South,Services,649.39
ORD-014412,2026-08-05,South,Accessories,43.10
ORD-014413,2026-08-05,South,Hardware,246.51
ORD-014414,2026-08-05,South,Software,110.68
ORD-014415,2026-08-05,South,Software,88.47
ORD-014416,2026-08-05,South,Accessories,20.31
ORD-014417,2026-08-05,South,Services,738.77
ORD-014418,2026-08-05,South,Hardware,566.27
ORD-014419,2026-08-05,South,Hardware,524.81
ORD-014420,2026-08-05,South,Accessories,11.45
ORD-014421,2026-08-05,South,Software,300.59
ORD-014422,2026-08-05,South,Hardware,764.31
ORD-014423,2026-08-05,South,Software,127.48
ORD-014424,2026-08-05,South,Hardware,178.06
ORD-014425,2026-08-05,South,Hardware,641.48
ORD-014426,2026-08-05,South,Software,72.55
ORD-014427,2026-08-06,North,Hardware,233.38
ORD-014428,2026-08-06,North,Software,325.42
ORD-014429,2026-08-06,North,Software,147.96
ORD-014430,2026-08-06,North,Software,136.18
ORD-014431,2026-08-06,North,Hardware,230.20
ORD-014432,2026-08-06,North,Accessories,50.48
ORD-014433,2026-08-06,North,Hardware,109.55
ORD-014434,2026-08-06,North,Hardware,254.72
ORD-014435,2026-08-06,North,Hardware,720.41
ORD-014436,2026-08-06,North,Software,64.10
ORD-014437,2026-08-06,North,Services,532.89
ORD-014438,2026-08-06,North,Software,74.38
ORD-014439,2026-08-06,North,Hardware,807.31
ORD-014440,2026-08-06,North,Hardware,521.91
ORD-014441,2026-08-06,North,Hardware,414.56
ORD-014442,2026-08-06,North,Accessories,29.36
ORD-014443,2026-08-06,North,Hardware,327.97
ORD-014444,2026-08-06,North,Accessories,66.61
ORD-014445,2026-08-06,North,Services,491.90
ORD-014446,2026-08-06,North,Accessories,47.55
ORD-014447,2026-08-06,North,Services,666.24
ORD-014448,2026-08-06,North,Accessories,27.06
ORD-014449,2026-08-06,North,Software,334.75
ORD-014450,2026-08-06,North,Hardware,474.47
ORD-014451,2026-08-06,North,Hardware,295.45
ORD-014452,2026-08-06,North,Hardware,1138.70
ORD-014453,2026-08-06,North,Hardware,437.43
ORD-014454,2026-08-06,North,Services,527.22
ORD-014455,2026-08-06,North,Software,94.46
ORD-014456,2026-08-06,North,Hardware,365.68
ORD-014457,2026-08-06,North,Accessories,36.01
ORD-014458,2026-08-06,North,Services,620.29
ORD-014459,2026-08-06,North,Accessories,61.64
ORD-014460,2026-08-06,North,Services,432.54
ORD-014461,2026-08-06,North,Accessories,40.33
ORD-014462,2026-08-06,North,Software,80.25
ORD-014463,2026-08-06,North,Accessories,23.92
ORD-014464,2026-08-06,North,Hardware,274.11
ORD-014465,2026-08-06,North,Hardware,377.67
ORD-014466,2026-08-06,North,Hardware,371.36
ORD-014467,2026-08-06,North,Software,246.76
ORD-014468,2026-08-06,North,,321.79
ORD-014469,2026-08-06,North,Hardware,311.69
ORD-014470,2026-08-06,North,Hardware,613.42
ORD-014471,2026-08-06,North,Services,810.84
ORD-014472,2026-08-06,North,Accessories,14.15
ORD-014473,2026-08-06,North,Accessories,15.57
ORD-014474,2026-08-06,North,Accessories,39.95
ORD-014475,2026-08-06,North,Hardware,115.27
ORD-014476,2026-08-06,North,Services,689.40
ORD-014477,2026-08-06,North,Services,906.98
ORD-014478,2026-08-06,North,Accessories,49.48
ORD-014479,2026-08-06,North,Software,303.37
ORD-014480,2026-08-06,North,Software,172.07
ORD-014481,2026-08-06,North,Software,186.75
ORD-014482,2026-08-06,North,Accessories,43.60
ORD-014483,2026-08-06,North,Hardware,387.16
ORD-014484,2026-08-06,North,Accessories,16.33
ORD-014485,2026-08-06,Central,Software,163.16
ORD-014486,2026-08-06,Central,Hardware,390.88
ORD-014487,2026-08-06,Central,Software,58.87
ORD-014488,2026-08-06,Central,Hardware,356.94
ORD-014489,2026-08-06,Central,Hardware,313.52
ORD-014490,2026-08-06,Central,Accessories,74.63
ORD-014491,2026-08-06,Central,Services,673.89
ORD-014492,2026-08-06,Central,Accessories,22.01
ORD-014493,2026-08-06,Central,Software,38.63
ORD-014494,2026-08-06,Central,Hardware,436.04
ORD-014495,2026-08-06,Central,Hardware,261.89
ORD-014496,2026-08-06,Central,Hardware,276.87
ORD-014497,2026-08-06,Central,Software,134.48
ORD-014498,2026-08-06,Central,Accessories,42.47
ORD-014499,2026-08-06,Central,Software,224.45
ORD-014500,2026-08-06,Central,Hardware,398.29
ORD-014501,2026-08-06,Central,Accessories,75.35
ORD-014502,2026-08-06,Central,Accessories,41.99
ORD-014503,2026-08-06,Central,Hardware,870.72
ORD-014504,2026-08-06,Central,Services,361.52
ORD-014505,2026-08-06,Central,Hardware,185.75
ORD-014506,2026-08-06,Central,Hardware,217.63
ORD-014507,2026-08-06,Central,Hardware,246.34
ORD-014508,2026-08-06,Central,Services,613.96
ORD-014509,2026-08-06,Central,Software,149.40
ORD-014510,2026-08-06,Central,,281.99
ORD-014511,2026-08-06,Central,Accessories,74.19
ORD-014512,2026-08-06,Central,Services,1426.71
ORD-014513,2026-08-06,Central,Accessories,20.00
ORD-014514,2026-08-06,Central,Hardware,249.21
ORD-014515,2026-08-06,Central,Accessories,28.20
ORD-014516,2026-08-06,Central,Hardware,370.85
ORD-014517,2026-08-06,Central,Hardware,123.81
ORD-014518,2026-08-06,Central,Services,706.48
ORD-014519,2026-08-06,Central,Services,380.09
ORD-014520,2026-08-06,Central,Accessories,32.03
ORD-014521,2026-08-06,Central,Services,630.75
ORD-014522,2026-08-06,Central,Services,867.74
ORD-014523,2026-08-06,Central,Accessories,26.74
ORD-014524,2026-08-06,Central,Hardware,422.40
ORD-014525,2026-08-06,Central,Software,329.21
ORD-014526,2026-08-06,Central,Software,80.75
ORD-014527,2026-08-06,Central,Software,67.39
ORD-014528,2026-08-06,Central,Software,221.23
ORD-014529,2026-08-06,Central,Accessories,32.93
ORD-014530,2026-08-06,Central,Services,993.86
ORD-014531,2026-08-06,Central,Hardware,737.19
ORD-014532,2026-08-06,Central,Software,316.05
ORD-014533,2026-08-06,Central,Accessories,25.05
ORD-014534,2026-08-06,Central,Accessories,17.71
ORD-014535,2026-08-06,South,Accessories,90.79
ORD-014536,2026-08-06,South,Hardware,157.73
ORD-014537,2026-08-06,South,Software,608.55
ORD-014538,2026-08-06,South,Accessories,31.18
ORD-014539,2026-08-06,South,Accessories,57.34
ORD-014540,2026-08-06,South,Accessories,89.33
ORD-014541,2026-08-06,South,Accessories,70.28
ORD-014542,2026-08-06,South,Accessories,32.31
ORD-014543,2026-08-06,South,Software,72.95
ORD-014544,2026-08-06,South,Software,127.20
ORD-014545,2026-08-06,South,Software,124.34
ORD-014546,2026-08-06,South,Hardware,239.44
ORD-014547,2026-08-06,South,Accessories,32.80
ORD-014548,2026-08-06,South,Hardware,939.82
ORD-014549,2026-08-06,South,Hardware,756.41
ORD-014550,2026-08-06,South,Accessories,24.95
ORD-014551,2026-08-06,South,Software,193.11
ORD-014552,2026-08-06,South,Software,142.62
ORD-014553,2026-08-06,South,Hardware,384.99
ORD-014554,2026-08-06,South,Hardware,84.35
ORD-014555,2026-08-06,South,Hardware,111.46
ORD-014556,2026-08-06,South,Services,746.48
ORD-014557,2026-08-06,South,Services,742.29
ORD-014558,2026-08-06,South,Accessories,97.24
ORD-014559,2026-08-06,South,Software,697.38
ORD-014560,2026-08-06,South,Services,528.05
ORD-014561,2026-08-06,South,Accessories,47.87
ORD-014562,2026-08-06,South,Accessories,22.37
ORD-014563,2026-08-06,South,Software,219.20
ORD-014564,2026-08-06,South,Software,88.41
ORD-014565,2026-08-06,South,Services,234.08
ORD-014566,2026-08-06,South,Services,228.54
ORD-014567,2026-08-06,South,Software,93.31
ORD-014568,2026-08-06,South,Services,691.59
ORD-014569,2026-08-06,South,Software,141.76
ORD-014570,2026-08-06,South,Hardware,234.64
ORD-014571,2026-08-06,South,Hardware,133.81
ORD-014572,2026-08-07,North,Services,420.10
ORD-014573,2026-08-07,North,Software,365.64
ORD-014574,2026-08-07,North,Accessories,27.82
ORD-014575,2026-08-07,North,Services,346.71
ORD-014576,2026-08-07,North,Hardware,1222.87
ORD-014577,2026-08-07,North,Software,132.38
ORD-014578,2026-08-07,North,Hardware,484.86
ORD-014579,2026-08-07,North,Hardware,296.21
ORD-014580,2026-08-07,North,Hardware,396.45
ORD-014581,2026-08-07,North,Software,100.35
ORD-014582,2026-08-07,North,Services,474.72
ORD-014583,2026-08-07,North,Software,56.27
ORD-014584,2026-08-07,North,Accessories,69.15
ORD-014585,2026-08-07,North,Hardware,457.54
ORD-014586,2026-08-07,North,Hardware,222.95
ORD-014587,2026-08-07,North,Hardware,596.91
ORD-014588,2026-08-07,North,Software,242.58
ORD-014589,2026-08-07,North,Software,96.56
ORD-014590,2026-08-07,North,Software,299.22
ORD-014591,2026-08-07,North,Hardware,310.70
ORD-014592,2026-08-07,North,Hardware,429.47
ORD-014593,2026-08-07,North,Accessories,38.78
ORD-014594,2026-08-07,North,Accessories,70.81
ORD-014595,2026-08-07,North,,772.28
ORD-014596,2026-08-07,North,Hardware,52.90
ORD-014597,2026-08-07,North,Software,156.71
ORD-014598,2026-08-07,North,Services,296.45
ORD-014599,2026-08-07,North,Hardware,171.35
ORD-014600,2026-08-07,North,Software,106.30
ORD-014601,2026-08-07,North,Software,184.06
ORD-014602,2026-08-07,North,Services,446.68
ORD-014603,2026-08-07,North,Services,1402.03
ORD-014604,2026-08-07,North,Services,535.45
ORD-014605,2026-08-07,North,Hardware,88.51
ORD-014606,2026-08-07,North,Services,536.98
ORD-014607,2026-08-07,North,Software,171.14
ORD-014608,2026-08-07,North,Hardware,370.77
ORD-014609,2026-08-07,North,Software,140.83
ORD-014610,2026-08-07,North,Services,1261.52
ORD-014611,2026-08-07,North,Accessories,32.49
ORD-014612,2026-08-07,North,Hardware,424.05
ORD-014613,2026-08-07,North,Services,315.10
ORD-014614,2026-08-07,North,Software,143.20
ORD-014615,2026-08-07,North,Accessories,83.72
ORD-014616,2026-08-07,North,Accessories,18.09
ORD-014617,2026-08-07,North,Services,339.13
ORD-014618,2026-08-07,North,Services,2240.71
ORD-014619,2026-08-07,Central,Hardware,185.63
ORD-014620,2026-08-07,Central,Accessories,19.85
ORD-014621,2026-08-07,Central,Software,47.53
ORD-014622,2026-08-07,Central,Software,243.57
ORD-014623,2026-08-07,Central,Accessories,87.01
ORD-014624,2026-08-07,Central,Hardware,321.51
ORD-014625,2026-08-07,Central,Accessories,50.66
ORD-014626,2026-08-07,Central,Hardware,657.69
ORD-014627,2026-08-07,Central,Accessories,72.69
ORD-014628,2026-08-07,Central,Accessories,53.46
ORD-014629,2026-08-07,Central,Software,447.31
ORD-014630,2026-08-07,Central,Hardware,328.24
ORD-014631,2026-08-07,Central,Accessories,31.36
ORD-014632,2026-08-07,Central,Hardware,459.25
ORD-014633,2026-08-07,Central,,913.16
ORD-014634,2026-08-07,Central,Accessories,26.96
ORD-014635,2026-08-07,Central,Accessories,63.78
ORD-014636,2026-08-07,Central,Software,103.58
ORD-014637,2026-08-07,Central,Hardware,306.52
ORD-014638,2026-08-07,Central,Hardware,158.98
ORD-014639,2026-08-07,Central,Hardware,615.35
ORD-014640,2026-08-07,Central,Software,23.30
ORD-014641,2026-08-07,Central,Hardware,655.78
ORD-014642,2026-08-07,Central,Hardware,361.54
ORD-014643,2026-08-07,Central,Accessories,24.41
ORD-014644,2026-08-07,Central,Hardware,442.68
ORD-014645,2026-08-07,Central,Services,298.15
ORD-014646,2026-08-07,Central,Software,100.41
ORD-014647,2026-08-07,Central,Hardware,243.28
ORD-014648,2026-08-07,Central,Hardware,159.99
ORD-014649,2026-08-07,Central,Services,827.00
ORD-014650,2026-08-07,Central,Accessories,66.01
ORD-014651,2026-08-07,Central,Software,62.46
ORD-014652,2026-08-07,Central,Accessories,119.51
ORD-014653,2026-08-07,Central,Hardware,383.80
ORD-014654,2026-08-07,Central,Accessories,26.07
ORD-014655,2026-08-07,Central,Software,124.72
ORD-014656,2026-08-07,Central,Hardware,341.37
ORD-014657,2026-08-07,Central,Accessories,11.21
ORD-014658,2026-08-07,Central,Accessories,20.04
ORD-014659,2026-08-07,Central,Accessories,29.70
ORD-014660,2026-08-07,Central,Hardware,251.59
ORD-014661,2026-08-07,Central,Services,288.20
ORD-014662,2026-08-07,Central,Accessories,43.98
ORD-014663,2026-08-07,Central,Hardware,540.54
ORD-014664,2026-08-07,South,Software,203.76
ORD-014665,2026-08-07,South,Accessories,37.13
ORD-014666,2026-08-07,South,Hardware,270.54
ORD-014667,2026-08-07,South,,76.01
ORD-014668,2026-08-07,South,Hardware,104.71
ORD-014669,2026-08-07,South,Software,66.01
ORD-014670,2026-08-07,South,Software,119.45
ORD-014671,2026-08-07,South,Accessories,38.96
ORD-014672,2026-08-07,South,Accessories,33.67
ORD-014673,2026-08-07,South,Software,96.43
ORD-014674,2026-08-07,South,Accessories,13.13
ORD-014675,2026-08-07,South,Hardware,231.35
ORD-014676,2026-08-07,South,Software,159.83
ORD-014677,2026-08-07,South,Hardware,945.79
ORD-014678,2026-08-07,South,Accessories,43.29
ORD-014679,2026-08-07,South,Services,338.20
ORD-014680,2026-08-07,South,Accessories,104.57
ORD-014681,2026-08-07,South,Software,171.32
ORD-014682,2026-08-07,South,Services,216.53
ORD-014683,2026-08-07,South,Accessories,37.68
ORD-014684,2026-08-07,South,Software,292.75
ORD-014685,2026-08-07,South,Software,122.14
ORD-014686,2026-08-07,South,Software,110.22
ORD-014687,2026-08-07,South,Hardware,492.75
ORD-014688,2026-08-07,South,Software,194.10
ORD-014689,2026-08-07,South,Accessories,62.71
ORD-014690,2026-08-08,North,Accessories,40.13
ORD-014691,2026-08-08,North,Accessories,38.69
ORD-014692,2026-08-08,North,Software,106.05
ORD-014693,2026-08-08,North,Accessories,33.59
ORD-014694,2026-08-08,North,Software,136.54
ORD-014695,2026-08-08,North,Services,769.36
ORD-014696,2026-08-08,North,,27.00
ORD-014697,2026-08-08,North,Hardware,413.77
ORD-014698,2026-08-08,North,Hardware,392.16
ORD-014699,2026-08-08,North,Services,435.65
ORD-014700,2026-08-08,North,Accessories,26.76
ORD-014701,2026-08-08,North,Hardware,390.80
ORD-014702,2026-08-08,North,Hardware,175.54
ORD-014703,2026-08-08,North,Accessories,43.69
ORD-014704,2026-08-08,North,Software,169.64
ORD-014705,2026-08-08,North,Accessories,32.32
ORD-014706,2026-08-08,North,Accessories,18.88
ORD-014707,2026-08-08,North,Services,206.22
ORD-014708,2026-08-08,North,Software,168.59
ORD-014709,2026-08-08,North,Accessories,26.89
ORD-014710,2026-08-08,North,Services,487.52
ORD-014711,2026-08-08,North,Services,508.66
ORD-014712,2026-08-08,North,Software,362.77
ORD-014713,2026-08-08,North,Accessories,22.65
ORD-014714,2026-08-08,North,Hardware,368.66
ORD-014715,2026-08-08,North,Services,326.24
ORD-014716,2026-08-08,North,Services,1194.69
ORD-014717,2026-08-08,North,Accessories,101.43
ORD-014718,2026-08-08,North,Accessories,20.34
ORD-014719,2026-08-08,North,Services,903.63
ORD-014720,2026-08-08,North,Accessories,45.81
ORD-014721,2026-08-08,North,Software,97.15
ORD-014722,2026-08-08,North,,35.79
ORD-014723,2026-08-08,North,Accessories,21.55
ORD-014724,2026-08-08,North,Hardware,150.38
ORD-014725,2026-08-08,North,Accessories,15.62
ORD-014726,2026-08-08,North,Software,176.21
ORD-014727,2026-08-08,North,Hardware,469.06
ORD-014728,2026-08-08,North,Software,125.89
ORD-014729,2026-08-08,North,Hardware,710.48
ORD-014730,2026-08-08,North,Hardware,312.36
ORD-014731,2026-08-08,Central,Software,71.79
ORD-014732,2026-08-08,Central,Software,119.27
ORD-014733,2026-08-08,Central,Hardware,204.68
ORD-014734,2026-08-08,Central,Accessories,31.37
ORD-014735,2026-08-08,Central,Hardware,498.54
ORD-014736,2026-08-08,Central,Accessories,45.74
ORD-014737,2026-08-08,Central,Hardware,708.54
ORD-014738,2026-08-08,Central,Hardware,658.37
ORD-014739,2026-08-08,Central,Hardware,187.57
ORD-014740,2026-08-08,Central,Services,439.90
ORD-014741,2026-08-08,Central,Accessories,8.51
ORD-014742,2026-08-08,Central,Software,124.51
ORD-014743,2026-08-08,Central,Hardware,559.96
ORD-014744,2026-08-08,Central,Software,109.01
ORD-014745,2026-08-08,Central,Services,1697.20
ORD-014746,2026-08-08,Central,Accessories,112.40
ORD-014747,2026-08-08,Central,Accessories,23.93
ORD-014748,2026-08-08,Central,Hardware,288.52
ORD-014749,2026-08-08,Central,Accessories,41.20
ORD-014750,2026-08-08,Central,Services,1590.49
ORD-014751,2026-08-08,Central,Hardware,241.39
ORD-014752,2026-08-08,Central,Services,781.74
ORD-014753,2026-08-08,Central,Software,110.84
ORD-014754,2026-08-08,Central,Software,148.59
ORD-014755,2026-08-08,Central,Software,259.01
ORD-014756,2026-08-08,Central,Software,248.96
ORD-014757,2026-08-08,Central,Hardware,202.04
ORD-014758,2026-08-08,Central,Hardware,256.20
ORD-014759,2026-08-08,Central,Accessories,35.65
ORD-014760,2026-08-08,Central,Hardware,320.45
ORD-014761,2026-08-08,South,Software,198.33
ORD-014762,2026-08-08,South,Services,240.68
ORD-014763,2026-08-08,South,Software,110.95
ORD-014764,2026-08-08,South,Hardware,768.86
ORD-014765,2026-08-08,South,Accessories,45.20
ORD-014766,2026-08-08,South,Hardware,227.64
ORD-014767,2026-08-08,South,Services,860.60
ORD-014768,2026-08-08,South,Software,51.52
ORD-014769,2026-08-08,South,Hardware,191.44
ORD-014770,2026-08-08,South,Accessories,145.49
ORD-014771,2026-08-08,South,Accessories,100.76
ORD-014772,2026-08-08,South,Hardware,199.53
ORD-014773,2026-08-08,South,Services,281.67
ORD-014774,2026-08-08,South,Software,102.33
ORD-014775,2026-08-08,South,Software,258.53
ORD-014776,2026-08-08,South,Services,284.61
ORD-014777,2026-08-08,South,Software,104.07
ORD-014778,2026-08-08,South,Hardware,275.43
ORD-014779,2026-08-08,South,Software,93.06
ORD-014780,2026-08-08,South,Hardware,242.23
ORD-014781,2026-08-08,South,Accessories,63.65
ORD-014782,2026-08-09,North,Software,41.31
ORD-014783,2026-08-09,North,Accessories,17.76
ORD-014784,2026-08-09,North,,292.44
ORD-014785,2026-08-09,North,Hardware,229.92
ORD-014786,2026-08-09,North,Hardware,550.95
ORD-014787,2026-08-09,North,Services,349.65
ORD-014788,2026-08-09,North,Hardware,1144.91
ORD-014789,2026-08-09,North,Hardware,514.21
ORD-014790,2026-08-09,North,Accessories,80.36
ORD-014791,2026-08-09,North,Services,497.27
ORD-014792,2026-08-09,North,Services,162.00
ORD-014793,2026-08-09,North,Hardware,660.66
ORD-014794,2026-08-09,North,Software,294.93
ORD-014795,2026-08-09,North,Software,184.74
ORD-014796,2026-08-09,North,Software,104.94
ORD-014797,2026-08-09,North,Services,439.80
ORD-014798,2026-08-09,North,Services,485.71
ORD-014799,2026-08-09,North,Software,226.27
ORD-014800,2026-08-09,North,Software,149.64
ORD-014801,2026-08-09,North,Accessories,20.83
ORD-014802,2026-08-09,North,Hardware,390.04
ORD-014803,2026-08-09,North,Software,134.36
ORD-014804,2026-08-09,North,Hardware,161.95
ORD-014805,2026-08-09,North,Accessories,24.96
ORD-014806,2026-08-09,North,Software,383.62
ORD-014807,2026-08-09,North,Accessories,16.54
ORD-014808,2026-08-09,North,Hardware,343.69
ORD-014809,2026-08-09,North,Hardware,161.89
ORD-014810,2026-08-09,North,Hardware,360.25
ORD-014811,2026-08-09,North,,576.39
ORD-014812,2026-08-09,North,Services,736.58
ORD-014813,2026-08-09,North,Services,560.68
ORD-014814,2026-08-09,North,Accessories,35.15
ORD-014815,2026-08-09,North,Services,532.08
ORD-014816,2026-08-09,North,Services,906.05
ORD-014817,2026-08-09,North,Hardware,362.77
ORD-014818,2026-08-09,North,Services,507.45
ORD-014819,2026-08-09,North,Hardware,539.33
ORD-014820,2026-08-09,North,Software,141.67
ORD-014821,2026-08-09,Central,Software,73.55
ORD-014822,2026-08-09,Central,Hardware,159.05
ORD-014823,2026-08-09,Central,Accessories,34.13
ORD-014824,2026-08-09,Central,Services,375.78
ORD-014825,2026-08-09,Central,Software,281.71
ORD-014826,2026-08-09,Central,Hardware,258.78
ORD-014827,2026-08-09,Central,Accessories,56.16
ORD-014828,2026-08-09,Central,Accessories,98.69
ORD-014829,2026-08-09,Central,Accessories,26.25
ORD-014830,2026-08-09,Central,Services,918.23
ORD-014831,2026-08-09,Central,Accessories,19.22
ORD-014832,2026-08-09,Central,Accessories,47.02
ORD-014833,2026-08-09,Central,Services,958.58
ORD-014834,2026-08-09,Central,Accessories,19.13
ORD-014835,2026-08-09,Central,Services,432.91
ORD-014836,2026-08-09,Central,Accessories,33.22
ORD-014837,2026-08-09,Central,Hardware,229.05
ORD-014838,2026-08-09,Central,Software,111.30
ORD-014839,2026-08-09,Central,Software,112.85
ORD-014840,2026-08-09,Central,Software,321.74
ORD-014841,2026-08-09,Central,Accessories,19.36
ORD-014842,2026-08-09,Central,Accessories,106.24
ORD-014843,2026-08-09,Central,Hardware,699.28
ORD-014844,2026-08-09,Central,Software,128.18
ORD-014845,2026-08-09,Central,Services,739.28
ORD-014846,2026-08-09,Central,Hardware,271.64
ORD-014847,2026-08-09,Central,Hardware,314.81
ORD-014848,2026-08-09,Central,Hardware,352.40
ORD-014849,2026-08-09,Central,Hardware,175.29
ORD-014850,2026-08-09,Central,Accessories,25.52
ORD-014851,2026-08-09,Central,Accessories,59.00
ORD-014852,2026-08-09,Central,Accessories,25.83
ORD-014853,2026-08-09,Central,Services,572.95
ORD-014854,2026-08-09,Central,Hardware,311.25
ORD-014855,2026-08-09,Central,Software,199.70
ORD-014856,2026-08-09,Central,Services,1152.16
ORD-014857,2026-08-09,South,Software,166.26
ORD-014858,2026-08-09,South,Hardware,643.36
ORD-014859,2026-08-09,South,Accessories,61.80
ORD-014860,2026-08-09,South,Software,80.24
ORD-014861,2026-08-09,South,Accessories,18.86
ORD-014862,2026-08-09,South,Accessories,71.48
ORD-014863,2026-08-09,South,Software,98.50
ORD-014864,2026-08-09,South,Hardware,398.13
ORD-014865,2026-08-09,South,Services,400.85
ORD-014866,2026-08-09,South,Hardware,942.49
ORD-014867,2026-08-09,South,Hardware,325.64
ORD-014868,2026-08-09,South,Accessories,20.44
ORD-014869,2026-08-09,South,Services,458.00
ORD-014870,2026-08-09,South,Software,133.28
ORD-014871,2026-08-09,South,Hardware,137.24
ORD-014872,2026-08-09,South,Services,619.54
ORD-014873,2026-08-09,South,Services,754.12
ORD-014874,2026-08-09,South,Software,114.22
ORD-014875,2026-08-09,South,Hardware,174.90
ORD-014876,2026-08-09,South,Services,391.34
ORD-014877,2026-08-09,South,Hardware,771.93
ORD-014878,2026-08-09,South,Hardware,381.66
ORD-014879,2026-08-09,South,Software,92.08
ORD-014880,2026-08-09,South,Software,148.59
ORD-014881,2026-08-09,South,Hardware,413.43
ORD-014882,2026-08-09,South,Software,38.11
ORD-014883,2026-08-09,South,Services,808.17
ORD-014884,2026-08-09,South,Services,592.80
ORD-014885,2026-08-09,South,Hardware,313.23
ORD-014886,2026-08-09,South,Accessories,46.83
ORD-014887,2026-08-10,North,Software,110.82
ORD-014888,2026-08-10,North,Software,132.94
ORD-014889,2026-08-10,North,Software,686.40
ORD-014890,2026-08-10,North,Services,512.98
ORD-014891,2026-08-10,North,Accessories,19.97
ORD-014892,2026-08-10,North,Accessories,30.21
ORD-014893,2026-08-10,North,Software,204.92
ORD-014894,2026-08-10,North,Software,196.36
ORD-014895,2026-08-10,North,Software,249.06
ORD-014896,2026-08-10,North,Software,151.27
ORD-014897,2026-08-10,North,Services,396.66
ORD-014898,2026-08-10,North,Accessories,49.52
ORD-014899,2026-08-10,North,Hardware,465.12
ORD-014900,2026-08-10,North,Software,122.82
ORD-014901,2026-08-10,North,Services,1251.59
ORD-014902,2026-08-10,North,Software,61.46
ORD-014903,2026-08-10,North,Services,671.84
ORD-014904,2026-08-10,North,Services,391.83
ORD-014905,2026-08-10,North,Software,93.25
ORD-014906,2026-08-10,North,Hardware,137.60
ORD-014907,2026-08-10,North,Accessories,61.23
ORD-014908,2026-08-10,North,Software,311.78
ORD-014909,2026-08-10,North,Services,868.03
ORD-014910,2026-08-10,North,Software,136.50
ORD-014911,2026-08-10,North,Software,85.12
ORD-014912,2026-08-10,North,Hardware,180.09
ORD-014913,2026-08-10,North,Accessories,48.24
ORD-014914,2026-08-10,North,Software,202.16
ORD-014915,2026-08-10,North,Accessories,71.29
ORD-014916,2026-08-10,North,Hardware,579.05
ORD-014917,2026-08-10,North,Software,124.76
ORD-014918,2026-08-10,North,Hardware,182.81
ORD-014919,2026-08-10,North,Software,145.67
ORD-014920,2026-08-10,North,Hardware,1158.96
ORD-014921,2026-08-10,North,Hardware,469.11
ORD-014922,2026-08-10,North,Hardware,652.33
ORD-014923,2026-08-10,North,Accessories,15.89
ORD-014924,2026-08-10,North,Hardware,932.89
ORD-014925,2026-08-10,North,Accessories,57.45
ORD-014926,2026-08-10,North,Hardware,324.91
ORD-014927,2026-08-10,North,Services,246.09
ORD-014928,2026-08-10,North,Services,635.52
ORD-014929,2026-08-10,North,Accessories,24.49
ORD-014930,2026-08-10,North,Accessories,90.01
ORD-014931,2026-08-10,North,Services,510.51
ORD-014932,2026-08-10,North,Software,93.68
ORD-014933,2026-08-10,North,Software,129.68
ORD-014934,2026-08-10,North,Hardware,154.30
ORD-014935,2026-08-10,North,Services,249.27
ORD-014936,2026-08-10,North,Software,211.44
ORD-014937,2026-08-10,North,Software,54.96
ORD-014938,2026-08-10,Central,Services,406.06
ORD-014939,2026-08-10,Central,Services,855.25
ORD-014940,2026-08-10,Central,Accessories,84.18
ORD-014941,2026-08-10,Central,Software,103.52
ORD-014942,2026-08-10,Central,Accessories,28.43
ORD-014943,2026-08-10,Central,Accessories,59.20
ORD-014944,2026-08-10,Central,Services,1001.88
ORD-014945,2026-08-10,Central,Services,518.96
ORD-014946,2026-08-10,Central,Hardware,271.55
ORD-014947,2026-08-10,Central,Hardware,441.13
ORD-014948,2026-08-10,Central,Accessories,38.84
ORD-014949,2026-08-10,Central,Hardware,242.04
ORD-014950,2026-08-10,Central,Hardware,425.31
ORD-014951,2026-08-10,Central,Software,70.44
ORD-014952,2026-08-10,Central,Hardware,90.09
ORD-014953,2026-08-10,Central,Services,308.77
ORD-014954,2026-08-10,Central,Services,467.21
ORD-014955,2026-08-10,Central,Accessories,23.70
ORD-014956,2026-08-10,Central,Services,595.03
ORD-014957,2026-08-10,Central,Services,209.66
ORD-014958,2026-08-10,Central,Accessories,47.19
ORD-014959,2026-08-10,Central,Software,64.26
ORD-014960,2026-08-10,Central,,113.50
ORD-014961,2026-08-10,Central,Accessories,58.21
ORD-014962,2026-08-10,Central,Hardware,200.31
ORD-014963,2026-08-10,Central,Accessories,37.70
ORD-014964,2026-08-10,Central,Hardware,103.90
ORD-014965,2026-08-10,Central,Software,137.02
ORD-014966,2026-08-10,Central,Accessories,34.11
ORD-014967,2026-08-10,Central,Hardware,390.75
ORD-014968,2026-08-10,Central,Software,76.35
ORD-014969,2026-08-10,Central,Software,77.19
ORD-014970,2026-08-10,Central,Accessories,36.10
ORD-014971,2026-08-10,Central,Services,908.65
ORD-014972,2026-08-10,Central,Hardware,519.09
ORD-014973,2026-08-10,Central,Software,147.11
ORD-014974,2026-08-10,Central,Hardware,355.10
ORD-014975,2026-08-10,Central,Services,230.74
ORD-014976,2026-08-10,Central,Accessories,38.97
ORD-014977,2026-08-10,South,Hardware,484.25
ORD-014978,2026-08-10,South,Hardware,56.15
ORD-014979,2026-08-10,South,Accessories,34.15
ORD-014980,2026-08-10,South,Services,770.62
ORD-014981,2026-08-10,South,Software,56.37
ORD-014982,2026-08-10,South,Accessories,61.10
ORD-014983,2026-08-10,South,Accessories,86.22
ORD-014984,2026-08-10,South,Software,63.16
ORD-014985,2026-08-10,South,Software,83.05
ORD-014986,2026-08-10,South,Accessories,111.33
ORD-014987,2026-08-10,South,Software,174.13
ORD-014988,2026-08-10,South,Hardware,146.13
ORD-014989,2026-08-10,South,Hardware,249.60
ORD-014990,2026-08-10,South,Hardware,396.49
ORD-014991,2026-08-10,South,Accessories,8.56
ORD-014992,2026-08-10,South,Services,334.12
ORD-014993,2026-08-10,South,Accessories,51.27
ORD-014994,2026-08-10,South,Accessories,25.00
ORD-014995,2026-08-10,South,Software,240.97
ORD-014996,2026-08-10,South,Software,161.88
ORD-014997,2026-08-10,South,Hardware,266.85
ORD-014998,2026-08-10,South,Hardware,339.91
ORD-014999,2026-08-10,South,Hardware,709.02
ORD-015000,2026-08-10,South,Accessories,37.26
ORD-015001,2026-08-10,South,Hardware,390.70
ORD-015002,2026-08-10,South,Software,88.46
ORD-015003,2026-08-10,South,Software,84.86
ORD-015004,2026-08-10,South,Accessories,48.68
ORD-015005,2026-08-10,South,Services,418.24
ORD-015006,2026-08-10,South,Hardware,301.73
ORD-015007,2026-08-10,South,Accessories,24.41
ORD-015008,2026-08-10,South,Software,273.41
ORD-015009,2026-08-10,South,Hardware,224.59
ORD-015010,2026-08-10,South,Software,78.60
ORD-015011,2026-08-10,South,Services,273.60
ORD-015012,2026-08-11,North,Services,681.64
ORD-015013,2026-08-11,North,Software,128.34
ORD-015014,2026-08-11,North,Services,724.48
ORD-015015,2026-08-11,North,Accessories,57.45
ORD-015016,2026-08-11,North,,64.54
ORD-015017,2026-08-11,North,Software,169.66
ORD-015018,2026-08-11,North,Software,94.75
ORD-015019,2026-08-11,North,Hardware,925.29
ORD-015020,2026-08-11,North,Services,433.44
ORD-015021,2026-08-11,North,Software,131.81
ORD-015022,2026-08-11,North,Software,88.72
ORD-015023,2026-08-11,North,Hardware,227.95
ORD-015024,2026-08-11,North,Hardware,847.24
ORD-015025,2026-08-11,North,Hardware,326.56
ORD-015026,2026-08-11,North,Hardware,291.87
ORD-015027,2026-08-11,North,,91.01
ORD-015028,2026-08-11,North,Accessories,54.55
ORD-015029,2026-08-11,North,Hardware,259.33
ORD-015030,2026-08-11,North,Hardware,322.98
ORD-015031,2026-08-11,North,Hardware,344.25
ORD-015032,2026-08-11,North,Hardware,175.95
ORD-015033,2026-08-11,North,Accessories,39.79
ORD-015034,2026-08-11,North,Hardware,91.33
ORD-015035,2026-08-11,North,Hardware,382.40
ORD-015036,2026-08-11,North,Software,329.17
ORD-015037,2026-08-11,North,Accessories,68.19
ORD-015038,2026-08-11,North,Hardware,322.66
ORD-015039,2026-08-11,North,Hardware,121.15
ORD-015040,2026-08-11,North,Software,156.18
ORD-015041,2026-08-11,North,Software,105.84
ORD-015042,2026-08-11,North,Hardware,455.33
ORD-015043,2026-08-11,North,Software,133.75
ORD-015044,2026-08-11,North,Hardware,254.83
ORD-015045,2026-08-11,North,Accessories,22.03
ORD-015046,2026-08-11,North,Software,294.87
ORD-015047,2026-08-11,North,Software,130.88
ORD-015048,2026-08-11,North,Accessories,15.07
ORD-015049,2026-08-11,North,Accessories,45.85
ORD-015050,2026-08-11,North,Hardware,382.05
ORD-015051,2026-08-11,North,Software,185.93
ORD-015052,2026-08-11,North,Services,513.77
ORD-015053,2026-08-11,North,Services,470.82
ORD-015054,2026-08-11,North,Hardware,331.62
ORD-015055,2026-08-11,North,Services,820.44
ORD-015056,2026-08-11,North,Accessories,36.46
ORD-015057,2026-08-11,North,Accessories,67.95
ORD-015058,2026-08-11,North,Software,248.38
ORD-015059,2026-08-11,North,Hardware,655.99
ORD-015060,2026-08-11,Central,Hardware,625.81
ORD-015061,2026-08-11,Central,Software,104.82
ORD-015062,2026-08-11,Central,Services,847.58
ORD-015063,2026-08-11,Central,Accessories,36.31
ORD-015064,2026-08-11,Central,Services,492.21
ORD-015065,2026-08-11,Central,Hardware,761.39
ORD-015066,2026-08-11,Central,Software,188.49
ORD-015067,2026-08-11,Central,Services,392.02
ORD-015068,2026-08-11,Central,Software,164.91
ORD-015069,2026-08-11,Central,Hardware,908.04
ORD-015070,2026-08-11,Central,Accessories,49.08
ORD-015071,2026-08-11,Central,Accessories,70.12
ORD-015072,2026-08-11,Central,Software,133.72
ORD-015073,2026-08-11,Central,Hardware,293.73
ORD-015074,2026-08-11,Central,Services,1440.41
ORD-015075,2026-08-11,Central,Hardware,297.85
ORD-015076,2026-08-11,Central,Accessories,53.42
ORD-015077,2026-08-11,Central,Software,358.02
ORD-015078,2026-08-11,Central,,273.37
ORD-015079,2026-08-11,Central,Software,236.81
ORD-015080,2026-08-11,Central,Software,509.77
ORD-015081,2026-08-11,Central,Services,1466.05
ORD-015082,2026-08-11,Central,Services,318.98
ORD-015083,2026-08-11,Central,Services,601.46
ORD-015084,2026-08-11,Central,Software,100.28
ORD-015085,2026-08-11,Central,Services,313.06
ORD-015086,2026-08-11,Central,Accessories,102.79
ORD-015087,2026-08-11,Central,Accessories,61.71
ORD-015088,2026-08-11,Central,Accessories,30.58
ORD-015089,2026-08-11,Central,Software,195.58
ORD-015090,2026-08-11,Central,Accessories,71.86
ORD-015091,2026-08-11,Central,Accessories,45.13
ORD-015092,2026-08-11,Central,Services,589.50
ORD-015093,2026-08-11,Central,Software,134.22
ORD-015094,2026-08-11,Central,Software,116.02
ORD-015095,2026-08-11,Central,Software,77.18
ORD-015096,2026-08-11,Central,Software,71.81
ORD-015097,2026-08-11,Central,Services,673.09
ORD-015098,2026-08-11,Central,Software,88.52
ORD-015099,2026-08-11,Central,Services,1087.04
ORD-015100,2026-08-11,Central,Accessories,29.33
ORD-015101,2026-08-11,Central,Accessories,9.53
ORD-015102,2026-08-11,South,Software,56.81
ORD-015103,2026-08-11,South,Accessories,80.47
ORD-015104,2026-08-11,South,Services,181.42
ORD-015105,2026-08-11,South,Services,448.56
ORD-015106,2026-08-11,South,Software,237.92
ORD-015107,2026-08-11,South,Software,72.20
ORD-015108,2026-08-11,South,Software,147.08
ORD-015109,2026-08-11,South,Services,264.43
ORD-015110,2026-08-11,South,Software,172.94
ORD-015111,2026-08-11,South,Hardware,466.33
ORD-015112,2026-08-11,South,Accessories,49.39
ORD-015113,2026-08-11,South,,274.94
ORD-015114,2026-08-11,South,Software,255.29
ORD-015115,2026-08-11,South,Services,340.25
ORD-015116,2026-08-11,South,Hardware,304.18
ORD-015117,2026-08-11,South,Services,544.09
ORD-015118,2026-08-11,South,Services,661.87
ORD-015119,2026-08-11,South,Hardware,360.85
ORD-015120,2026-08-11,South,Hardware,436.40
ORD-015121,2026-08-11,South,Accessories,62.50
ORD-015122,2026-08-11,South,Services,614.19
ORD-015123,2026-08-11,South,Software,88.76
ORD-015124,2026-08-11,South,Hardware,198.12
ORD-015125,2026-08-11,South,Hardware,192.02
ORD-015126,2026-08-11,South,Hardware,811.81
ORD-015127,2026-08-11,South,Software,262.55
ORD-015128,2026-08-11,South,Accessories,37.25
ORD-015129,2026-08-11,South,Software,247.34
ORD-015130,2026-08-11,South,Services,663.72
ORD-015131,2026-08-11,South,Services,515.60
ORD-015132,2026-08-11,South,Hardware,291.25
ORD-015133,2026-08-11,South,Services,505.61
ORD-015134,2026-08-11,South,Accessories,31.27
ORD-015135,2026-08-11,South,Accessories,29.40
ORD-015136,2026-08-11,South,Software,105.24
ORD-015137,2026-08-11,South,Hardware,406.66
ORD-015138,2026-08-11,South,Services,848.80
ORD-015139,2026-08-11,South,Software,273.87
ORD-015140,2026-08-11,South,Software,114.45
ORD-015141,2026-08-11,South,Services,345.86
ORD-015142,2026-08-12,North,Hardware,481.01
ORD-015143,2026-08-12,North,Software,85.60
ORD-015144,2026-08-12,North,Hardware,338.01
ORD-015145,2026-08-12,North,Hardware,369.45
ORD-015146,2026-08-12,North,Accessories,45.47
ORD-015147,2026-08-12,North,Services,286.50
ORD-015148,2026-08-12,North,Accessories,33.14
ORD-015149,2026-08-12,North,Accessories,66.26
ORD-015150,2026-08-12,North,Hardware,321.97
ORD-015151,2026-08-12,North,Hardware,114.51
ORD-015152,2026-08-12,North,Hardware,238.22
ORD-015153,2026-08-12,North,Services,577.30
ORD-015154,2026-08-12,North,Hardware,468.35
ORD-015155,2026-08-12,North,Services,1025.25
ORD-015156,2026-08-12,North,Services,825.90
ORD-015157,2026-08-12,North,Services,589.98
ORD-015158,2026-08-12,North,Hardware,657.32
ORD-015159,2026-08-12,North,Software,58.53
ORD-015160,2026-08-12,North,Services,500.27
ORD-015161,2026-08-12,North,Software,302.43
ORD-015162,2026-08-12,North,Hardware,311.64
ORD-015163,2026-08-12,North,Hardware,749.17
ORD-015164,2026-08-12,North,Services,277.27
ORD-015165,2026-08-12,North,Accessories,44.16
ORD-015166,2026-08-12,North,Software,109.22
ORD-015167,2026-08-12,North,Accessories,58.16
ORD-015168,2026-08-12,North,Hardware,363.58
ORD-015169,2026-08-12,North,Hardware,222.45
ORD-015170,2026-08-12,North,Hardware,360.10
ORD-015171,2026-08-12,North,Accessories,112.25
ORD-015172,2026-08-12,North,Software,122.96
ORD-015173,2026-08-12,North,Software,85.96
ORD-015174,2026-08-12,North,Hardware,474.54
ORD-015175,2026-08-12,North,Software,251.52
ORD-015176,2026-08-12,North,Hardware,125.01
ORD-015177,2026-08-12,North,Accessories,107.26
ORD-015178,2026-08-12,North,Hardware,371.35
ORD-015179,2026-08-12,North,Hardware,179.21
ORD-015180,2026-08-12,North,Software,193.11
ORD-015181,2026-08-12,North,Hardware,212.86
ORD-015182,2026-08-12,North,Accessories,52.35
ORD-015183,2026-08-12,North,Accessories,46.74
ORD-015184,2026-08-12,North,Accessories,35.95
ORD-015185,2026-08-12,North,Hardware,414.50
ORD-015186,2026-08-12,North,Software,131.15
ORD-015187,2026-08-12,North,Software,214.50
ORD-015188,2026-08-12,Central,Services,279.47
ORD-015189,2026-08-12,Central,Accessories,39.60
ORD-015190,2026-08-12,Central,Hardware,227.95
ORD-015191,2026-08-12,Central,Services,1333.13
ORD-015192,2026-08-12,Central,Software,89.11
ORD-015193,2026-08-12,Central,Software,196.74
ORD-015194,2026-08-12,Central,Software,141.32
ORD-015195,2026-08-12,Central,Software,92.51
ORD-015196,2026-08-12,Central,Software,162.40
ORD-015197,2026-08-12,Central,Accessories,18.56
ORD-015198,2026-08-12,Central,,340.86
ORD-015199,2026-08-12,Central,,153.32
ORD-015200,2026-08-12,Central,Hardware,360.18
ORD-015201,2026-08-12,Central,Software,72.84
ORD-015202,2026-08-12,Central,Hardware,868.88
ORD-015203,2026-08-12,Central,Services,146.04
ORD-015204,2026-08-12,Central,Software,91.79
ORD-015205,2026-08-12,Central,Services,1332.06
ORD-015206,2026-08-12,Central,Accessories,83.62
ORD-015207,2026-08-12,Central,Hardware,281.04
ORD-015208,2026-08-12,Central,Hardware,952.77
ORD-015209,2026-08-12,Central,Hardware,334.03
ORD-015210,2026-08-12,Central,Accessories,47.59
ORD-015211,2026-08-12,Central,Hardware,453.46
ORD-015212,2026-08-12,Central,Accessories,32.99
ORD-015213,2026-08-12,Central,Hardware,188.56
ORD-015214,2026-08-12,Central,Hardware,469.10
ORD-015215,2026-08-12,Central,Software,233.71
ORD-015216,2026-08-12,Central,Accessories,20.26
ORD-015217,2026-08-12,Central,Services,594.11
ORD-015218,2026-08-12,Central,Software,214.44
ORD-015219,2026-08-12,Central,Accessories,17.74
ORD-015220,2026-08-12,Central,Software,239.32
ORD-015221,2026-08-12,Central,Accessories,30.37
ORD-015222,2026-08-12,Central,Services,313.01
ORD-015223,2026-08-12,South,Software,91.58
ORD-015224,2026-08-12,South,Software,206.41
ORD-015225,2026-08-12,South,Accessories,34.42
ORD-015226,2026-08-12,South,Software,62.89
ORD-015227,2026-08-12,South,Accessories,24.75
ORD-015228,2026-08-12,South,Hardware,260.72
ORD-015229,2026-08-12,South,Accessories,122.71
ORD-015230,2026-08-12,South,Hardware,452.07
ORD-015231,2026-08-12,South,Accessories,55.93
ORD-015232,2026-08-12,South,Services,413.31
ORD-015233,2026-08-12,South,Hardware,158.05
ORD-015234,2026-08-12,South,Accessories,137.64
ORD-015235,2026-08-12,South,Services,919.69
ORD-015236,2026-08-12,South,Services,253.14
ORD-015237,2026-08-12,South,Services,1228.35
ORD-015238,2026-08-12,South,Software,113.44
ORD-015239,2026-08-12,South,Software,80.63
ORD-015240,2026-08-12,South,Software,51.70
ORD-015241,2026-08-12,South,Services,169.77
ORD-015242,2026-08-12,South,Hardware,310.65
ORD-015243,2026-08-12,South,Hardware,602.48
ORD-015244,2026-08-12,South,Accessories,16.59
ORD-015245,2026-08-12,South,Hardware,76.24
ORD-015246,2026-08-12,South,Services,632.19
ORD-015247,2026-08-12,South,Hardware,364.23
ORD-015248,2026-08-13,North,Software,308.34
ORD-015249,2026-08-13,North,Accessories,47.64
ORD-015250,2026-08-13,North,Services,813.98
ORD-015251,2026-08-13,North,Accessories,89.80
ORD-015252,2026-08-13,North,Software,598.79
ORD-015253,2026-08-13,North,Services,207.10
ORD-015254,2026-08-13,North,Accessories,27.99
ORD-015255,2026-08-13,North,Hardware,80.42
ORD-015256,2026-08-13,North,Hardware,238.66
ORD-015257,2026-08-13,North,Software,144.33
ORD-015258,2026-08-13,North,Accessories,19.19
ORD-015259,2026-08-13,North,Hardware,177.39
ORD-015260,2026-08-13,North,Software,363.16
ORD-015261,2026-08-13,North,Hardware,343.29
ORD-015262,2026-08-13,North,Services,267.70
ORD-015263,2026-08-13,North,Hardware,602.52
ORD-015264,2026-08-13,North,Software,116.94
ORD-015265,2026-08-13,North,Accessories,24.55
ORD-015266,2026-08-13,North,Hardware,527.73
ORD-015267,2026-08-13,North,Accessories,29.68
ORD-015268,2026-08-13,North,Hardware,495.50
ORD-015269,2026-08-13,North,Software,137.46
ORD-015270,2026-08-13,North,Accessories,37.46
ORD-015271,2026-08-13,North,Hardware,370.87
ORD-015272,2026-08-13,North,Hardware,84.30
ORD-015273,2026-08-13,North,Accessories,21.48
ORD-015274,2026-08-13,North,Hardware,324.20
ORD-015275,2026-08-13,North,,166.24
ORD-015276,2026-08-13,North,Software,113.60
ORD-015277,2026-08-13,North,Software,200.09
ORD-015278,2026-08-13,North,Accessories,31.17
ORD-015279,2026-08-13,North,Accessories,100.28
ORD-015280,2026-08-13,North,Software,256.96
ORD-015281,2026-08-13,North,Software,92.28
ORD-015282,2026-08-13,North,Software,145.14
ORD-015283,2026-08-13,North,Accessories,23.20
ORD-015284,2026-08-13,North,Hardware,299.76
ORD-015285,2026-08-13,North,Services,269.65
ORD-015286,2026-08-13,North,Hardware,384.42
ORD-015287,2026-08-13,North,Software,109.76
ORD-015288,2026-08-13,North,Accessories,49.82
ORD-015289,2026-08-13,North,Hardware,307.88
ORD-015290,2026-08-13,North,Hardware,341.75
ORD-015291,2026-08-13,North,Accessories,17.95
ORD-015292,2026-08-13,North,Software,97.83
ORD-015293,2026-08-13,North,Software,280.11
ORD-015294,2026-08-13,North,Software,80.41
ORD-015295,2026-08-13,North,Services,684.93
ORD-015296,2026-08-13,North,Accessories,113.67
ORD-015297,2026-08-13,North,Software,287.72
ORD-015298,2026-08-13,North,Accessories,54.12
ORD-015299,2026-08-13,North,Services,764.18
ORD-015300,2026-08-13,North,Software,99.52
ORD-015301,2026-08-13,North,Services,535.79
ORD-015302,2026-08-13,North,Hardware,617.84
ORD-015303,2026-08-13,North,Software,167.08
ORD-015304,2026-08-13,Central,Accessories,47.15
ORD-015305,2026-08-13,Central,Accessories,20.98
ORD-015306,2026-08-13,Central,Accessories,22.58
ORD-015307,2026-08-13,Central,Services,668.28
ORD-015308,2026-08-13,Central,Software,534.33
ORD-015309,2026-08-13,Central,Hardware,645.15
ORD-015310,2026-08-13,Central,Services,250.22
ORD-015311,2026-08-13,Central,Software,190.23
ORD-015312,2026-08-13,Central,Services,244.51
ORD-015313,2026-08-13,Central,Services,2075.92
ORD-015314,2026-08-13,Central,Services,371.82
ORD-015315,2026-08-13,Central,Software,215.26
ORD-015316,2026-08-13,Central,Software,175.95
ORD-015317,2026-08-13,Central,Accessories,25.04
ORD-015318,2026-08-13,Central,Accessories,25.14
ORD-015319,2026-08-13,Central,Hardware,495.17
ORD-015320,2026-08-13,Central,Hardware,288.77
ORD-015321,2026-08-13,Central,Services,480.47
ORD-015322,2026-08-13,Central,Hardware,242.66
ORD-015323,2026-08-13,Central,Hardware,163.58
ORD-015324,2026-08-13,Central,Software,136.33
ORD-015325,2026-08-13,Central,Software,114.01
ORD-015326,2026-08-13,Central,Services,151.35
ORD-015327,2026-08-13,Central,Services,179.05
ORD-015328,2026-08-13,Central,Software,179.30
ORD-015329,2026-08-13,Central,Accessories,13.80
ORD-015330,2026-08-13,Central,Accessories,33.69
ORD-015331,2026-08-13,Central,Software,410.32
ORD-015332,2026-08-13,Central,Software,149.11
ORD-015333,2026-08-13,Central,Accessories,43.66
ORD-015334,2026-08-13,Central,Hardware,595.52
ORD-015335,2026-08-13,Central,Hardware,869.76
ORD-015336,2026-08-13,Central,Accessories,17.18
ORD-015337,2026-08-13,Central,Accessories,113.50
ORD-015338,2026-08-13,Central,Accessories,14.47
ORD-015339,2026-08-13,Central,Hardware,397.12
ORD-015340,2026-08-13,Central,Hardware,366.16
ORD-015341,2026-08-13,Central,Hardware,405.30
ORD-015342,2026-08-13,Central,Software,66.42
ORD-015343,2026-08-13,Central,Services,322.84
ORD-015344,2026-08-13,Central,Services,495.31
ORD-015345,2026-08-13,Central,Services,317.59
ORD-015346,2026-08-13,Central,Accessories,32.75
ORD-015347,2026-08-13,Central,Services,336.46
ORD-015348,2026-08-13,Central,Hardware,550.94
ORD-015349,2026-08-13,Central,Accessories,12.11
ORD-015350,2026-08-13,Central,Accessories,64.02
ORD-015351,2026-08-13,South,Software,169.32
ORD-015352,2026-08-13,South,Accessories,26.29
ORD-015353,2026-08-13,South,Hardware,216.93
ORD-015354,2026-08-13,South,Accessories,31.79
ORD-015355,2026-08-13,South,Accessories,44.68
ORD-015356,2026-08-13,South,Hardware,311.52
ORD-015357,2026-08-13,South,Accessories,48.48
ORD-015358,2026-08-13,South,Software,211.92
ORD-015359,2026-08-13,South,Accessories,34.12
ORD-015360,2026-08-13,South,Software,143.94
ORD-015361,2026-08-13,South,Accessories,23.88
ORD-015362,2026-08-13,South,Accessories,67.35
ORD-015363,2026-08-13,South,Services,504.76
ORD-015364,2026-08-13,South,Hardware,182.56
ORD-015365,2026-08-13,South,Accessories,62.29
ORD-015366,2026-08-13,South,Software,148.48
ORD-015367,2026-08-13,South,Hardware,604.78
ORD-015368,2026-08-13,South,Accessories,40.61
ORD-015369,2026-08-13,South,Software,97.58
ORD-015370,2026-08-13,South,Accessories,63.78
ORD-015371,2026-08-13,South,Services,304.61
ORD-015372,2026-08-13,South,Hardware,174.42
ORD-015373,2026-08-13,South,Hardware,217.46
ORD-015374,2026-08-13,South,Accessories,41.27
ORD-015375,2026-08-13,South,Hardware,194.20
ORD-015376,2026-08-13,South,Hardware,623.18
ORD-015377,2026-08-13,South,Accessories,41.68
ORD-015378,2026-08-13,South,Hardware,378.51
ORD-015379,2026-08-13,South,Services,385.94
ORD-015380,2026-08-13,South,Accessories,56.95
ORD-015381,2026-08-13,South,Accessories,43.28
ORD-015382,2026-08-13,South,Software,114.92
ORD-015383,2026-08-13,South,Software,84.25
ORD-015384,2026-08-13,South,Hardware,556.05
ORD-015385,2026-08-13,South,Hardware,175.46
ORD-015386,2026-08-13,South,Accessories,24.52
ORD-015387,2026-08-13,South,Software,309.32
ORD-015388,2026-08-13,South,Services,369.29
ORD-015389,2026-08-13,South,Software,130.38
ORD-015390,2026-08-13,South,Accessories,38.00
ORD-015391,2026-08-13,South,Software,287.09
ORD-015392,2026-08-13,South,Accessories,33.57
ORD-015393,2026-08-14,North,Hardware,140.36
ORD-015394,2026-08-14,North,Services,1150.46
ORD-015395,2026-08-14,North,Accessories,46.10
ORD-015396,2026-08-14,North,Software,38.79
ORD-015397,2026-08-14,North,Hardware,505.31
ORD-015398,2026-08-14,North,Hardware,412.80
ORD-015399,2026-08-14,North,Accessories,22.67
ORD-015400,2026-08-14,North,Services,218.96
ORD-015401,2026-08-14,North,Software,141.11
ORD-015402,2026-08-14,North,Hardware,324.92
ORD-015403,2026-08-14,North,Accessories,50.07
ORD-015404,2026-08-14,North,Hardware,429.08
ORD-015405,2026-08-14,North,Hardware,558.31
ORD-015406,2026-08-14,North,Accessories,18.41
ORD-015407,2026-08-14,North,Hardware,292.98
ORD-015408,2026-08-14,North,Accessories,22.29
ORD-015409,2026-08-14,North,Software,129.70
ORD-015410,2026-08-14,North,Accessories,23.71
ORD-015411,2026-08-14,North,Hardware,164.49
ORD-015412,2026-08-14,North,Accessories,29.87
ORD-015413,2026-08-14,North,Accessories,105.00
ORD-015414,2026-08-14,North,Services,1238.76
ORD-015415,2026-08-14,North,Hardware,382.96
ORD-015416,2026-08-14,North,Accessories,28.55
ORD-015417,2026-08-14,North,Accessories,56.53
ORD-015418,2026-08-14,North,Services,770.88
ORD-015419,2026-08-14,North,Services,824.21
ORD-015420,2026-08-14,North,Hardware,179.18
ORD-015421,2026-08-14,North,Accessories,37.98
ORD-015422,2026-08-14,North,Software,143.72
ORD-015423,2026-08-14,North,Accessories,51.52
ORD-015424,2026-08-14,North,Accessories,83.11
ORD-015425,2026-08-14,North,Software,42.42
ORD-015426,2026-08-14,North,Hardware,729.77
ORD-015427,2026-08-14,North,Services,1289.42
ORD-015428,2026-08-14,North,Software,168.85
ORD-015429,2026-08-14,North,Hardware,249.30
ORD-015430,2026-08-14,North,Accessories,49.07
ORD-015431,2026-08-14,North,Hardware,248.29
ORD-015432,2026-08-14,North,Services,763.76
ORD-015433,2026-08-14,North,Accessories,42.98
ORD-015434,2026-08-14,North,Software,111.41
ORD-015435,2026-08-14,North,Accessories,29.94
ORD-015436,2026-08-14,North,Accessories,29.40
ORD-015437,2026-08-14,North,Hardware,343.96
ORD-015438,2026-08-14,North,Accessories,24.54
ORD-015439,2026-08-14,North,Accessories,61.83
ORD-015440,2026-08-14,North,Services,1338.40
ORD-015441,2026-08-14,North,Services,1261.23
ORD-015442,2026-08-14,North,Software,307.27
ORD-015443,2026-08-14,North,Services,293.64
ORD-015444,2026-08-14,North,Hardware,208.94
ORD-015445,2026-08-14,North,Services,695.43
ORD-015446,2026-08-14,North,Hardware,227.22
ORD-015447,2026-08-14,North,Services,1027.31
ORD-015448,2026-08-14,North,Software,124.09
ORD-015449,2026-08-14,North,Software,41.89
ORD-015450,2026-08-14,North,Hardware,79.97
ORD-015451,2026-08-14,Central,Software,127.41
ORD-015452,2026-08-14,Central,Hardware,117.62
ORD-015453,2026-08-14,Central,Software,274.00
ORD-015454,2026-08-14,Central,Services,847.45
ORD-015455,2026-08-14,Central,Accessories,41.14
ORD-015456,2026-08-14,Central,Hardware,187.05
ORD-015457,2026-08-14,Central,Hardware,362.46
ORD-015458,2026-08-14,Central,Services,458.54
ORD-015459,2026-08-14,Central,Accessories,32.67
ORD-015460,2026-08-14,Central,Accessories,26.55
ORD-015461,2026-08-14,Central,Services,763.63
ORD-015462,2026-08-14,Central,Accessories,24.95
ORD-015463,2026-08-14,Central,Software,122.24
ORD-015464,2026-08-14,Central,Accessories,63.56
ORD-015465,2026-08-14,Central,Hardware,449.57
ORD-015466,2026-08-14,Central,Accessories,27.01
ORD-015467,2026-08-14,Central,Services,602.38
ORD-015468,2026-08-14,Central,Software,123.60
ORD-015469,2026-08-14,Central,Accessories,36.16
ORD-015470,2026-08-14,Central,Accessories,43.11
ORD-015471,2026-08-14,Central,Accessories,41.76
ORD-015472,2026-08-14,Central,Software,636.84
ORD-015473,2026-08-14,Central,Software,132.02
ORD-015474,2026-08-14,Central,Accessories,69.94
ORD-015475,2026-08-14,Central,Software,138.22
ORD-015476,2026-08-14,Central,Services,861.45
ORD-015477,2026-08-14,Central,Accessories,29.65
ORD-015478,2026-08-14,Central,Services,643.15
ORD-015479,2026-08-14,Central,Accessories,45.23
ORD-015480,2026-08-14,Central,Services,297.70
ORD-015481,2026-08-14,Central,Hardware,302.32
ORD-015482,2026-08-14,Central,Accessories,72.74
ORD-015483,2026-08-14,Central,Hardware,127.53
ORD-015484,2026-08-14,Central,Hardware,305.69
ORD-015485,2026-08-14,Central,Hardware,187.96
ORD-015486,2026-08-14,Central,Accessories,34.01
ORD-015487,2026-08-14,Central,Accessories,87.65
ORD-015488,2026-08-14,Central,Hardware,543.35
ORD-015489,2026-08-14,Central,Hardware,247.40
ORD-015490,2026-08-14,Central,Software,42.12
ORD-015491,2026-08-14,Central,Accessories,50.36
ORD-015492,2026-08-14,Central,Software,64.30
ORD-015493,2026-08-14,Central,Software,93.30
ORD-015494,2026-08-14,Central,Services,511.94
ORD-015495,2026-08-14,Central,Accessories,44.98
ORD-015496,2026-08-14,Central,Software,148.73
ORD-015497,2026-08-14,Central,Software,125.06
ORD-015498,2026-08-14,Central,Software,176.50
ORD-015499,2026-08-14,Central,Accessories,60.46
ORD-015500,2026-08-14,Central,Software,271.80
ORD-015501,2026-08-14,Central,Software,139.75
ORD-015502,2026-08-14,South,Software,102.73
ORD-015503,2026-08-14,South,Services,877.95
ORD-015504,2026-08-14,South,Accessories,36.29
ORD-015505,2026-08-14,South,Services,509.67
ORD-015506,2026-08-14,South,Accessories,26.24
ORD-015507,2026-08-14,South,Hardware,322.57
ORD-015508,2026-08-14,South,Accessories,32.72
ORD-015509,2026-08-14,South,Accessories,94.67
ORD-015510,2026-08-14,South,,74.01
ORD-015511,2026-08-14,South,Accessories,19.96
ORD-015512,2026-08-14,South,Accessories,18.57
ORD-015513,2026-08-14,South,Hardware,806.46
ORD-015514,2026-08-14,South,Accessories,39.37
ORD-015515,2026-08-14,South,Accessories,75.96
ORD-015516,2026-08-14,South,Hardware,391.05
ORD-015517,2026-08-14,South,Accessories,65.79
ORD-015518,2026-08-14,South,Hardware,176.18
ORD-015519,2026-08-14,South,Services,266.73
ORD-015520,2026-08-14,South,Software,94.96
ORD-015521,2026-08-14,South,Software,100.64
ORD-015522,2026-08-14,South,Accessories,30.96
ORD-015523,2026-08-14,South,Services,270.05
ORD-015524,2026-08-14,South,Software,170.67
ORD-015525,2026-08-14,South,Hardware,256.82
ORD-015526,2026-08-14,South,Hardware,571.57
ORD-015527,2026-08-14,South,Services,305.90
ORD-015528,2026-08-14,South,Hardware,235.60
ORD-015529,2026-08-14,South,Software,133.36
ORD-015530,2026-08-14,South,Services,696.20
ORD-015531,2026-08-14,South,Hardware,641.32
ORD-015532,2026-08-14,South,Accessories,73.93
ORD-015533,2026-08-14,South,Accessories,71.53
ORD-015534,2026-08-14,South,Software,88.40
ORD-015535,2026-08-15,North,Hardware,595.44
ORD-015536,2026-08-15,North,Services,564.51
ORD-015537,2026-08-15,North,Services,295.41
ORD-015538,2026-08-15,North,Services,901.72
ORD-015539,2026-08-15,North,Software,279.18
ORD-015540,2026-08-15,North,Services,297.05
ORD-015541,2026-08-15,North,Software,91.18
ORD-015542,2026-08-15,North,Accessories,39.03
ORD-015543,2026-08-15,North,Accessories,11.66
ORD-015544,2026-08-15,North,Software,283.50
ORD-015545,2026-08-15,North,Software,59.53
ORD-015546,2026-08-15,North,Software,137.70
ORD-015547,2026-08-15,North,Hardware,417.18
ORD-015548,2026-08-15,North,Hardware,148.20
ORD-015549,2026-08-15,North,Software,162.40
ORD-015550,2026-08-15,North,Services,283.43
ORD-015551,2026-08-15,North,Hardware,167.00
ORD-015552,2026-08-15,North,Hardware,192.34
ORD-015553,2026-08-15,North,Hardware,296.86
ORD-015554,2026-08-15,North,Services,1267.00
ORD-015555,2026-08-15,North,Accessories,28.12
ORD-015556,2026-08-15,North,Services,677.93
ORD-015557,2026-08-15,North,Services,1345.80
ORD-015558,2026-08-15,North,Services,231.34
ORD-015559,2026-08-15,North,Accessories,17.55
ORD-015560,2026-08-15,North,Software,53.47
ORD-015561,2026-08-15,North,Accessories,45.45
ORD-015562,2026-08-15,North,Services,607.00
ORD-015563,2026-08-15,North,Services,309.23
ORD-015564,2026-08-15,North,Hardware,105.15
ORD-015565,2026-08-15,North,Software,81.96
ORD-015566,2026-08-15,North,Accessories,35.19
ORD-015567,2026-08-15,North,Accessories,210.52
ORD-015568,2026-08-15,North,Software,85.94
ORD-015569,2026-08-15,North,Hardware,142.55
ORD-015570,2026-08-15,North,Services,652.02
ORD-015571,2026-08-15,North,Services,385.75
ORD-015572,2026-08-15,Central,Services,500.22
ORD-015573,2026-08-15,Central,Software,148.79
ORD-015574,2026-08-15,Central,Accessories,10.39
ORD-015575,2026-08-15,Central,Hardware,350.75
ORD-015576,2026-08-15,Central,Services,434.91
ORD-015577,2026-08-15,Central,Accessories,21.80
ORD-015578,2026-08-15,Central,Accessories,28.32
ORD-015579,2026-08-15,Central,Hardware,167.59
ORD-015580,2026-08-15,Central,Accessories,77.04
ORD-015581,2026-08-15,Central,Hardware,261.67
ORD-015582,2026-08-15,Central,Software,225.64
ORD-015583,2026-08-15,Central,Services,1034.88
ORD-015584,2026-08-15,Central,Hardware,192.37
ORD-015585,2026-08-15,Central,Software,377.03
ORD-015586,2026-08-15,Central,Accessories,60.59
ORD-015587,2026-08-15,Central,,22.49
ORD-015588,2026-08-15,Central,Hardware,262.79
ORD-015589,2026-08-15,Central,,108.86
ORD-015590,2026-08-15,Central,Software,255.61
ORD-015591,2026-08-15,Central,Hardware,93.08
ORD-015592,2026-08-15,Central,Software,103.57
ORD-015593,2026-08-15,Central,Services,1171.56
ORD-015594,2026-08-15,Central,Software,81.31
ORD-015595,2026-08-15,Central,Software,50.77
ORD-015596,2026-08-15,Central,Services,173.95
ORD-015597,2026-08-15,Central,Accessories,50.98
ORD-015598,2026-08-15,Central,Services,582.45
ORD-015599,2026-08-15,Central,Software,133.74
ORD-015600,2026-08-15,Central,Hardware,232.19
ORD-015601,2026-08-15,Central,Hardware,245.11
ORD-015602,2026-08-15,Central,Accessories,71.85
ORD-015603,2026-08-15,Central,Software,261.02
ORD-015604,2026-08-15,Central,Accessories,123.33
ORD-015605,2026-08-15,Central,Hardware,261.82
ORD-015606,2026-08-15,Central,Hardware,281.55
ORD-015607,2026-08-15,Central,Accessories,41.47
ORD-015608,2026-08-15,Central,Hardware,334.92
ORD-015609,2026-08-15,Central,Hardware,437.82
ORD-015610,2026-08-15,South,Hardware,184.86
ORD-015611,2026-08-15,South,Software,118.51
ORD-015612,2026-08-15,South,Services,442.89
ORD-015613,2026-08-15,South,Accessories,42.57
ORD-015614,2026-08-15,South,Software,90.98
ORD-015615,2026-08-15,South,Hardware,631.26
ORD-015616,2026-08-15,South,Accessories,123.51
ORD-015617,2026-08-15,South,Hardware,427.38
ORD-015618,2026-08-15,South,Services,548.98
ORD-015619,2026-08-15,South,Software,34.33
ORD-015620,2026-08-15,South,Hardware,266.79
ORD-015621,2026-08-15,South,Hardware,183.30
ORD-015622,2026-08-15,South,Services,348.85
ORD-015623,2026-08-15,South,Hardware,188.63
ORD-015624,2026-08-15,South,Accessories,46.93
ORD-015625,2026-08-15,South,,238.84
ORD-015626,2026-08-15,South,Software,33.27
ORD-015627,2026-08-15,South,Services,863.57
ORD-015628,2026-08-15,South,Hardware,683.34
ORD-015629,2026-08-15,South,Hardware,260.00
ORD-015630,2026-08-15,South,Accessories,67.44
ORD-015631,2026-08-15,South,Accessories,50.06
ORD-015632,2026-08-15,South,Accessories,12.30
ORD-015633,2026-08-15,South,Hardware,170.13
ORD-015634,2026-08-15,South,Hardware,380.26
ORD-015635,2026-08-15,South,Services,557.80
ORD-015636,2026-08-15,South,Accessories,34.43
ORD-015637,2026-08-15,South,Software,200.92
ORD-015638,2026-08-15,South,Accessories,10.62
ORD-015639,2026-08-15,South,Accessories,64.48
ORD-015640,2026-08-16,North,Hardware,391.87
ORD-015641,2026-08-16,North,Software,52.80
ORD-015642,2026-08-16,North,Services,222.27
ORD-015643,2026-08-16,North,Software,119.13
ORD-015644,2026-08-16,North,Services,936.99
ORD-015645,2026-08-16,North,Software,114.96
ORD-015646,2026-08-16,North,Software,136.96
ORD-015647,2026-08-16,North,Accessories,30.19
ORD-015648,2026-08-16,North,Hardware,476.51
ORD-015649,2026-08-16,North,Accessories,39.38
ORD-015650,2026-08-16,North,Accessories,13.05
ORD-015651,2026-08-16,North,Software,366.60
ORD-015652,2026-08-16,North,Accessories,52.18
ORD-015653,2026-08-16,North,Software,123.39
ORD-015654,2026-08-16,North,Services,549.70
ORD-015655,2026-08-16,North,Hardware,144.30
ORD-015656,2026-08-16,North,Services,1163.82
ORD-015657,2026-08-16,North,Software,149.79
ORD-015658,2026-08-16,North,Hardware,347.15
ORD-015659,2026-08-16,North,Software,82.62
ORD-015660,2026-08-16,North,Hardware,214.54
ORD-015661,2026-08-16,North,Software,70.47
ORD-015662,2026-08-16,North,Hardware,631.16
ORD-015663,2026-08-16,North,Software,186.08
ORD-015664,2026-08-16,North,Hardware,953.14
ORD-015665,2026-08-16,North,Software,163.53
ORD-015666,2026-08-16,North,Accessories,16.98
ORD-015667,2026-08-16,North,Software,93.64
ORD-015668,2026-08-16,North,Software,149.19
ORD-015669,2026-08-16,North,Hardware,231.06
ORD-015670,2026-08-16,North,Services,640.59
ORD-015671,2026-08-16,Central,Software,69.40
ORD-015672,2026-08-16,Central,Software,61.33
ORD-015673,2026-08-16,Central,Accessories,54.78
ORD-015674,2026-08-16,Central,Software,93.72
ORD-015675,2026-08-16,Central,Accessories,46.01
ORD-015676,2026-08-16,Central,Services,325.17
ORD-015677,2026-08-16,Central,Services,441.67
ORD-015678,2026-08-16,Central,Software,133.11
ORD-015679,2026-08-16,Central,Accessories,26.21
ORD-015680,2026-08-16,Central,Hardware,201.54
ORD-015681,2026-08-16,Central,Accessories,20.05
ORD-015682,2026-08-16,Central,Hardware,728.52
ORD-015683,2026-08-16,Central,Hardware,338.44
ORD-015684,2026-08-16,Central,Accessories,36.55
ORD-015685,2026-08-16,Central,Hardware,112.09
ORD-015686,2026-08-16,Central,Software,107.58
ORD-015687,2026-08-16,Central,Hardware,380.21
ORD-015688,2026-08-16,Central,Software,142.67
ORD-015689,2026-08-16,Central,Hardware,305.24
ORD-015690,2026-08-16,Central,Services,413.79
ORD-015691,2026-08-16,Central,Accessories,6.92
ORD-015692,2026-08-16,Central,Accessories,32.47
ORD-015693,2026-08-16,Central,Hardware,795.18
ORD-015694,2026-08-16,Central,Software,162.29
ORD-015695,2026-08-16,Central,Software,171.46
ORD-015696,2026-08-16,Central,Software,129.45
ORD-015697,2026-08-16,Central,Hardware,701.76
ORD-015698,2026-08-16,Central,Software,136.99
ORD-015699,2026-08-16,Central,Services,180.01
ORD-015700,2026-08-16,Central,Software,230.87
ORD-015701,2026-08-16,Central,Hardware,635.14
ORD-015702,2026-08-16,Central,Software,123.15
ORD-015703,2026-08-16,Central,Accessories,53.42
ORD-015704,2026-08-16,Central,Software,258.18
ORD-015705,2026-08-16,Central,Accessories,16.76
ORD-015706,2026-08-16,South,Accessories,21.92
ORD-015707,2026-08-16,South,Software,102.83
ORD-015708,2026-08-16,South,Services,393.70
ORD-015709,2026-08-16,South,Services,256.49
ORD-015710,2026-08-16,South,Software,307.80
ORD-015711,2026-08-16,South,Software,190.53
ORD-015712,2026-08-16,South,Accessories,81.37
ORD-015713,2026-08-16,South,Software,260.50
ORD-015714,2026-08-16,South,Hardware,187.74
ORD-015715,2026-08-16,South,Hardware,723.27
ORD-015716,2026-08-16,South,Services,800.72
ORD-015717,2026-08-16,South,Services,311.22
ORD-015718,2026-08-16,South,Accessories,27.81
ORD-015719,2026-08-16,South,Accessories,21.75
ORD-015720,2026-08-16,South,Services,610.16
ORD-015721,2026-08-16,South,Accessories,34.85
ORD-015722,2026-08-16,South,Hardware,492.80
ORD-015723,2026-08-16,South,Services,279.74
ORD-015724,2026-08-16,South,Accessories,43.83
ORD-015725,2026-08-16,South,Accessories,69.93
ORD-015726,2026-08-16,South,Software,156.48
ORD-015727,2026-08-17,North,Accessories,50.69
ORD-015728,2026-08-17,North,Services,272.88
ORD-015729,2026-08-17,North,Hardware,224.84
ORD-015730,2026-08-17,North,Hardware,616.44
ORD-015731,2026-08-17,North,Hardware,560.11
ORD-015732,2026-08-17,North,Services,417.40
ORD-015733,2026-08-17,North,Hardware,385.02
ORD-015734,2026-08-17,North,Software,206.92
ORD-015735,2026-08-17,North,Hardware,364.38
ORD-015736,2026-08-17,North,Software,102.27
ORD-015737,2026-08-17,North,Accessories,74.50
ORD-015738,2026-08-17,North,Software,328.16
ORD-015739,2026-08-17,North,Software,99.83
ORD-015740,2026-08-17,North,Services,591.27
ORD-015741,2026-08-17,North,Accessories,42.77
ORD-015742,2026-08-17,North,Software,197.39
ORD-015743,2026-08-17,North,Hardware,240.64
ORD-015744,2026-08-17,North,Hardware,245.45
ORD-015745,2026-08-17,North,Accessories,42.22
ORD-015746,2026-08-17,North,Software,100.71
ORD-015747,2026-08-17,North,,32.27
ORD-015748,2026-08-17,North,Accessories,44.61
ORD-015749,2026-08-17,North,Software,193.23
ORD-015750,2026-08-17,North,Accessories,65.22
ORD-015751,2026-08-17,North,Accessories,15.01
ORD-015752,2026-08-17,North,Software,61.33
ORD-015753,2026-08-17,North,Hardware,322.96
ORD-015754,2026-08-17,North,Services,1214.18
ORD-015755,2026-08-17,North,Hardware,557.62
ORD-015756,2026-08-17,North,Services,717.63
ORD-015757,2026-08-17,North,Hardware,385.92
ORD-015758,2026-08-17,North,Hardware,426.78
ORD-015759,2026-08-17,North,Software,89.24
ORD-015760,2026-08-17,North,Software,160.39
ORD-015761,2026-08-17,North,Hardware,146.31
ORD-015762,2026-08-17,North,Accessories,43.40
ORD-015763,2026-08-17,North,Hardware,307.17
ORD-015764,2026-08-17,North,Services,412.39
ORD-015765,2026-08-17,North,Hardware,596.38
ORD-015766,2026-08-17,North,Software,72.17
ORD-015767,2026-08-17,North,Hardware,284.79
ORD-015768,2026-08-17,North,Accessories,45.12
ORD-015769,2026-08-17,North,Hardware,1146.74
ORD-015770,2026-08-17,North,Accessories,25.72
ORD-015771,2026-08-17,North,Accessories,114.42
ORD-015772,2026-08-17,North,Accessories,22.24
ORD-015773,2026-08-17,North,Software,130.66
ORD-015774,2026-08-17,North,Hardware,521.53
ORD-015775,2026-08-17,North,Hardware,415.23
ORD-015776,2026-08-17,North,Accessories,23.26
ORD-015777,2026-08-17,North,Hardware,385.51
ORD-015778,2026-08-17,North,Services,1308.45
ORD-015779,2026-08-17,North,Hardware,259.41
ORD-015780,2026-08-17,North,Hardware,197.83
ORD-015781,2026-08-17,North,Hardware,197.35
ORD-015782,2026-08-17,North,Services,729.76
ORD-015783,2026-08-17,North,Software,127.86
ORD-015784,2026-08-17,North,Software,195.47
ORD-015785,2026-08-17,North,Services,885.90
ORD-015786,2026-08-17,North,Accessories,43.78
ORD-015787,2026-08-17,North,Hardware,198.02
ORD-015788,2026-08-17,North,Software,331.89
ORD-015789,2026-08-17,North,Services,505.95
ORD-015790,2026-08-17,North,Accessories,30.30
ORD-015791,2026-08-17,North,Software,511.00
ORD-015792,2026-08-17,North,Accessories,81.75
ORD-015793,2026-08-17,North,Services,429.40
ORD-015794,2026-08-17,North,Software,81.30
ORD-015795,2026-08-17,Central,Services,675.94
ORD-015796,2026-08-17,Central,Hardware,361.65
ORD-015797,2026-08-17,Central,Software,121.57
ORD-015798,2026-08-17,Central,,23.19
ORD-015799,2026-08-17,Central,Accessories,47.84
ORD-015800,2026-08-17,Central,Accessories,31.10
ORD-015801,2026-08-17,Central,Services,220.41
ORD-015802,2026-08-17,Central,Hardware,319.07
ORD-015803,2026-08-17,Central,Services,1187.11
ORD-015804,2026-08-17,Central,Accessories,41.80
ORD-015805,2026-08-17,Central,Software,222.27
ORD-015806,2026-08-17,Central,Hardware,279.12
ORD-015807,2026-08-17,Central,Hardware,671.32
ORD-015808,2026-08-17,Central,Software,88.37
ORD-015809,2026-08-17,Central,Software,64.01
ORD-015810,2026-08-17,Central,Hardware,281.38
ORD-015811,2026-08-17,Central,Accessories,57.92
ORD-015812,2026-08-17,Central,Hardware,313.61
ORD-015813,2026-08-17,Central,,262.41
ORD-015814,2026-08-17,Central,Hardware,466.67
ORD-015815,2026-08-17,Central,Software,268.49
ORD-015816,2026-08-17,Central,Software,120.68
ORD-015817,2026-08-17,Central,Software,53.29
ORD-015818,2026-08-17,Central,Hardware,178.21
ORD-015819,2026-08-17,Central,Services,574.20
ORD-015820,2026-08-17,Central,Services,1194.58
ORD-015821,2026-08-17,Central,Software,95.54
ORD-015822,2026-08-17,Central,Hardware,290.85
ORD-015823,2026-08-17,Central,Hardware,339.58
ORD-015824,2026-08-17,Central,Accessories,26.44
ORD-015825,2026-08-17,Central,Hardware,382.67
ORD-015826,2026-08-17,Central,Services,436.84
ORD-015827,2026-08-17,Central,Software,145.09
ORD-015828,2026-08-17,Central,Services,431.46
ORD-015829,2026-08-17,Central,Hardware,167.17
ORD-015830,2026-08-17,Central,Software,200.83
ORD-015831,2026-08-17,Central,Hardware,169.91
ORD-015832,2026-08-17,Central,,228.64
ORD-015833,2026-08-17,Central,Accessories,93.42
ORD-015834,2026-08-17,Central,Software,135.72
ORD-015835,2026-08-17,Central,Hardware,430.79
ORD-015836,2026-08-17,Central,Accessories,56.84
ORD-015837,2026-08-17,Central,Software,324.67
ORD-015838,2026-08-17,Central,Services,835.56
ORD-015839,2026-08-17,Central,Software,71.22
ORD-015840,2026-08-17,Central,Hardware,251.87
ORD-015841,2026-08-17,Central,Software,103.38
ORD-015842,2026-08-17,Central,Accessories,102.22
ORD-015843,2026-08-17,Central,Accessories,57.27
ORD-015844,2026-08-17,Central,Services,483.88
ORD-015845,2026-08-17,Central,Services,803.81
ORD-015846,2026-08-17,Central,Software,119.91
ORD-015847,2026-08-17,Central,Software,146.20
ORD-015848,2026-08-17,South,Services,445.90
ORD-015849,2026-08-17,South,Accessories,67.70
ORD-015850,2026-08-17,South,Accessories,12.69
ORD-015851,2026-08-17,South,Hardware,170.68
ORD-015852,2026-08-17,South,Software,148.26
ORD-015853,2026-08-17,South,Hardware,449.23
ORD-015854,2026-08-17,South,Services,774.05
ORD-015855,2026-08-17,South,Accessories,43.22
ORD-015856,2026-08-17,South,Hardware,181.88
ORD-015857,2026-08-17,South,Accessories,67.13
ORD-015858,2026-08-17,South,Hardware,176.99
ORD-015859,2026-08-17,South,Services,556.47
ORD-015860,2026-08-17,South,Hardware,245.63
ORD-015861,2026-08-17,South,Software,104.65
ORD-015862,2026-08-17,South,Accessories,43.87
ORD-015863,2026-08-17,South,Hardware,586.61
ORD-015864,2026-08-17,South,Hardware,474.44
ORD-015865,2026-08-17,South,Accessories,112.85
ORD-015866,2026-08-17,South,Accessories,47.85
ORD-015867,2026-08-17,South,Hardware,539.87
ORD-015868,2026-08-17,South,Accessories,86.66
ORD-015869,2026-08-17,South,Services,717.77
ORD-015870,2026-08-17,South,Software,119.14
ORD-015871,2026-08-17,South,Hardware,241.75
ORD-015872,2026-08-17,South,Hardware,111.63
ORD-015873,2026-08-17,South,Accessories,25.46
ORD-015874,2026-08-17,South,Services,591.39
ORD-015875,2026-08-17,South,Hardware,233.09
ORD-015876,2026-08-17,South,Software,69.99
ORD-015877,2026-08-17,South,Hardware,307.29
ORD-015878,2026-08-17,South,Software,249.80
ORD-015879,2026-08-17,South,Services,866.11
ORD-015880,2026-08-17,South,Hardware,290.97
ORD-015881,2026-08-18,North,Services,764.79
ORD-015882,2026-08-18,North,Software,208.93
ORD-015883,2026-08-18,North,Hardware,634.64
ORD-015884,2026-08-18,North,Software,209.97
ORD-015885,2026-08-18,North,Services,426.59
ORD-015886,2026-08-18,North,Services,165.24
ORD-015887,2026-08-18,North,Accessories,17.65
ORD-015888,2026-08-18,North,Hardware,330.27
ORD-015889,2026-08-18,North,Hardware,395.96
ORD-015890,2026-08-18,North,Accessories,31.33
ORD-015891,2026-08-18,North,Services,2169.70
ORD-015892,2026-08-18,North,Hardware,314.75
ORD-015893,2026-08-18,North,Hardware,587.83
ORD-015894,2026-08-18,North,Hardware,163.95
ORD-015895,2026-08-18,North,Accessories,44.44
ORD-015896,2026-08-18,North,Accessories,25.54
ORD-015897,2026-08-18,North,Services,1116.82
ORD-015898,2026-08-18,North,Services,482.93
ORD-015899,2026-08-18,North,Accessories,33.24
ORD-015900,2026-08-18,North,Hardware,1479.96
ORD-015901,2026-08-18,North,Software,85.29
ORD-015902,2026-08-18,North,Accessories,24.40
ORD-015903,2026-08-18,North,Services,1341.54
ORD-015904,2026-08-18,North,Software,251.21
ORD-015905,2026-08-18,North,Services,652.78
ORD-015906,2026-08-18,North,Software,163.62
ORD-015907,2026-08-18,North,Accessories,28.44
ORD-015908,2026-08-18,North,Software,179.29
ORD-015909,2026-08-18,North,Accessories,66.20
ORD-015910,2026-08-18,North,Software,222.72
ORD-015911,2026-08-18,North,Accessories,23.93
ORD-015912,2026-08-18,North,Accessories,182.61
ORD-015913,2026-08-18,North,Services,945.50
ORD-015914,2026-08-18,North,Accessories,39.07
ORD-015915,2026-08-18,North,Software,157.80
ORD-015916,2026-08-18,North,Services,306.76
ORD-015917,2026-08-18,North,Software,121.06
ORD-015918,2026-08-18,North,Accessories,35.31
ORD-015919,2026-08-18,North,Hardware,452.82
ORD-015920,2026-08-18,North,Hardware,342.99
ORD-015921,2026-08-18,North,Hardware,400.96
ORD-015922,2026-08-18,North,Services,420.20
ORD-015923,2026-08-18,North,Hardware,663.34
ORD-015924,2026-08-18,North,Software,128.27
ORD-015925,2026-08-18,North,Services,271.07
ORD-015926,2026-08-18,North,Software,175.49
ORD-015927,2026-08-18,North,Accessories,26.60
ORD-015928,2026-08-18,North,Accessories,51.18
ORD-015929,2026-08-18,North,Software,227.01
ORD-015930,2026-08-18,North,Accessories,43.56
ORD-015931,2026-08-18,North,Hardware,555.20
ORD-015932,2026-08-18,Central,Accessories,15.21
ORD-015933,2026-08-18,Central,Services,621.21
ORD-015934,2026-08-18,Central,Hardware,527.73
ORD-015935,2026-08-18,Central,Software,97.92
ORD-015936,2026-08-18,Central,Hardware,168.88
ORD-015937,2026-08-18,Central,Accessories,34.64
ORD-015938,2026-08-18,Central,Services,280.69
ORD-015939,2026-08-18,Central,Hardware,224.84
ORD-015940,2026-08-18,Central,Services,916.55
ORD-015941,2026-08-18,Central,Hardware,528.86
ORD-015942,2026-08-18,Central,Accessories,38.00
ORD-015943,2026-08-18,Central,Accessories,43.01
ORD-015944,2026-08-18,Central,Software,293.39
ORD-015945,2026-08-18,Central,Hardware,188.15
ORD-015946,2026-08-18,Central,Accessories,101.17
ORD-015947,2026-08-18,Central,Hardware,412.80
ORD-015948,2026-08-18,Central,Software,84.37
ORD-015949,2026-08-18,Central,Services,664.13
ORD-015950,2026-08-18,Central,Accessories,72.05
ORD-015951,2026-08-18,Central,Services,420.12
ORD-015952,2026-08-18,Central,Software,255.73
ORD-015953,2026-08-18,Central,Hardware,318.75
ORD-015954,2026-08-18,Central,,83.51
ORD-015955,2026-08-18,Central,Services,694.20
ORD-015956,2026-08-18,Central,Software,154.85
ORD-015957,2026-08-18,Central,Hardware,206.38
ORD-015958,2026-08-18,Central,Hardware,257.82
ORD-015959,2026-08-18,Central,Services,580.74
ORD-015960,2026-08-18,Central,Hardware,455.09
ORD-015961,2026-08-18,Central,Hardware,313.07
ORD-015962,2026-08-18,Central,Hardware,50.87
ORD-015963,2026-08-18,Central,Accessories,15.59
ORD-015964,2026-08-18,Central,Software,116.79
ORD-015965,2026-08-18,Central,Software,51.45
ORD-015966,2026-08-18,Central,Accessories,32.32
ORD-015967,2026-08-18,Central,Accessories,13.33
ORD-015968,2026-08-18,Central,Accessories,20.09
ORD-015969,2026-08-18,Central,Services,539.25
ORD-015970,2026-08-18,Central,Hardware,569.06
ORD-015971,2026-08-18,Central,Software,195.12
ORD-015972,2026-08-18,Central,Hardware,917.70
ORD-015973,2026-08-18,Central,Hardware,194.42
ORD-015974,2026-08-18,Central,Accessories,31.67
ORD-015975,2026-08-18,Central,Hardware,325.37
ORD-015976,2026-08-18,Central,Services,422.78
ORD-015977,2026-08-18,Central,Services,1121.71
ORD-015978,2026-08-18,Central,Services,321.67
ORD-015979,2026-08-18,Central,Accessories,35.96
ORD-015980,2026-08-18,Central,Services,428.12
ORD-015981,2026-08-18,Central,Services,2597.12
ORD-015982,2026-08-18,Central,,95.17
ORD-015983,2026-08-18,Central,Software,130.86
ORD-015984,2026-08-18,Central,Software,51.82
ORD-015985,2026-08-18,South,Software,126.48
ORD-015986,2026-08-18,South,Services,512.96
ORD-015987,2026-08-18,South,Services,465.71
ORD-015988,2026-08-18,South,Services,693.65
ORD-015989,2026-08-18,South,Hardware,340.62
ORD-015990,2026-08-18,South,Hardware,322.52
ORD-015991,2026-08-18,South,Services,603.97
ORD-015992,2026-08-18,South,Accessories,45.28
ORD-015993,2026-08-18,South,Hardware,172.19
ORD-015994,2026-08-18,South,Services,392.04
ORD-015995,2026-08-18,South,Hardware,305.65
ORD-015996,2026-08-18,South,Software,179.11
ORD-015997,2026-08-18,South,Accessories,118.07
ORD-015998,2026-08-18,South,Services,456.89
ORD-015999,2026-08-18,South,Accessories,45.75
ORD-016000,2026-08-18,South,Accessories,20.81
ORD-016001,2026-08-18,South,Accessories,47.34
ORD-016002,2026-08-18,South,Accessories,16.34
ORD-016003,2026-08-18,South,Software,290.04
ORD-016004,2026-08-18,South,Accessories,25.75
ORD-016005,2026-08-18,South,Hardware,305.24
ORD-016006,2026-08-18,South,Accessories,24.93
ORD-016007,2026-08-18,South,Software,177.06
ORD-016008,2026-08-18,South,Services,1416.92
ORD-016009,2026-08-18,South,Services,432.04
ORD-016010,2026-08-18,South,,362.20
ORD-016011,2026-08-18,South,Services,507.25
ORD-016012,2026-08-18,South,Hardware,715.15
ORD-016013,2026-08-18,South,Software,121.94
ORD-016014,2026-08-18,South,Accessories,16.53
ORD-016015,2026-08-18,South,Accessories,42.50
ORD-016016,2026-08-18,South,Services,293.46
ORD-016017,2026-08-18,South,Accessories,70.06
ORD-016018,2026-08-18,South,Hardware,382.95
ORD-016019,2026-08-18,South,Accessories,62.39
ORD-016020,2026-08-18,South,Hardware,692.48
ORD-016021,2026-08-18,South,Hardware,493.71
ORD-016022,2026-08-19,North,Services,600.77
ORD-016023,2026-08-19,North,Accessories,70.54
ORD-016024,2026-08-19,North,Services,711.43
ORD-016025,2026-08-19,North,Hardware,1153.48
ORD-016026,2026-08-19,North,Accessories,48.33
ORD-016027,2026-08-19,North,Hardware,105.50
ORD-016028,2026-08-19,North,Accessories,26.09
ORD-016029,2026-08-19,North,Accessories,64.05
ORD-016030,2026-08-19,North,Accessories,42.72
ORD-016031,2026-08-19,North,Accessories,72.19
ORD-016032,2026-08-19,North,Hardware,192.50
ORD-016033,2026-08-19,North,Hardware,525.26
ORD-016034,2026-08-19,North,Software,188.24
ORD-016035,2026-08-19,North,Accessories,6.35
ORD-016036,2026-08-19,North,Hardware,140.34
ORD-016037,2026-08-19,North,Hardware,252.93
ORD-016038,2026-08-19,North,Accessories,61.65
ORD-016039,2026-08-19,North,Software,208.88
ORD-016040,2026-08-19,North,Accessories,22.67
ORD-016041,2026-08-19,North,Hardware,383.08
ORD-016042,2026-08-19,North,Accessories,42.95
ORD-016043,2026-08-19,North,Accessories,26.36
ORD-016044,2026-08-19,North,Software,182.64
ORD-016045,2026-08-19,North,Software,135.63
ORD-016046,2026-08-19,North,Services,777.81
ORD-016047,2026-08-19,North,Software,591.67
ORD-016048,2026-08-19,North,Accessories,20.91
ORD-016049,2026-08-19,North,Hardware,216.39
ORD-016050,2026-08-19,North,Software,296.37
ORD-016051,2026-08-19,North,Hardware,163.36
ORD-016052,2026-08-19,North,Services,476.01
ORD-016053,2026-08-19,North,Services,515.55
ORD-016054,2026-08-19,North,Hardware,330.87
ORD-016055,2026-08-19,North,Accessories,34.75
ORD-016056,2026-08-19,North,Services,549.35
ORD-016057,2026-08-19,North,Hardware,204.94
ORD-016058,2026-08-19,North,Hardware,306.60
ORD-016059,2026-08-19,North,Hardware,317.81
ORD-016060,2026-08-19,North,Software,84.16
ORD-016061,2026-08-19,North,Services,1173.34
ORD-016062,2026-08-19,North,Services,1286.40
ORD-016063,2026-08-19,North,Hardware,490.69
ORD-016064,2026-08-19,North,Services,1556.09
ORD-016065,2026-08-19,North,Services,716.59
ORD-016066,2026-08-19,North,Software,237.21
ORD-016067,2026-08-19,North,Hardware,361.52
ORD-016068,2026-08-19,North,Hardware,277.39
ORD-016069,2026-08-19,North,Hardware,221.09
ORD-016070,2026-08-19,North,Accessories,21.32
ORD-016071,2026-08-19,North,Hardware,190.66
ORD-016072,2026-08-19,North,Software,104.04
ORD-016073,2026-08-19,North,Hardware,1053.84
ORD-016074,2026-08-19,North,Software,353.88
ORD-016075,2026-08-19,North,Hardware,158.50
ORD-016076,2026-08-19,North,Hardware,506.53
ORD-016077,2026-08-19,Central,Services,232.40
ORD-016078,2026-08-19,Central,Accessories,38.90
ORD-016079,2026-08-19,Central,Accessories,39.22
ORD-016080,2026-08-19,Central,Accessories,17.61
ORD-016081,2026-08-19,Central,Services,1888.86
ORD-016082,2026-08-19,Central,Accessories,25.75
ORD-016083,2026-08-19,Central,Services,1116.08
ORD-016084,2026-08-19,Central,Hardware,342.24
ORD-016085,2026-08-19,Central,Accessories,28.02
ORD-016086,2026-08-19,Central,Accessories,30.30
ORD-016087,2026-08-19,Central,Accessories,36.62
ORD-016088,2026-08-19,Central,Software,104.93
ORD-016089,2026-08-19,Central,Accessories,27.63
ORD-016090,2026-08-19,Central,Accessories,66.08
ORD-016091,2026-08-19,Central,Software,170.92
ORD-016092,2026-08-19,Central,Hardware,246.11
ORD-016093,2026-08-19,Central,Services,1740.77
ORD-016094,2026-08-19,Central,Software,180.32
ORD-016095,2026-08-19,Central,Software,82.68
ORD-016096,2026-08-19,Central,Accessories,23.86
ORD-016097,2026-08-19,Central,Accessories,128.92
ORD-016098,2026-08-19,Central,Hardware,250.60
ORD-016099,2026-08-19,Central,Services,776.71
ORD-016100,2026-08-19,Central,Accessories,17.09
ORD-016101,2026-08-19,Central,Hardware,240.01
ORD-016102,2026-08-19,Central,Services,261.49
ORD-016103,2026-08-19,Central,Accessories,46.20
ORD-016104,2026-08-19,Central,Software,155.35
ORD-016105,2026-08-19,Central,Software,212.37
ORD-016106,2026-08-19,Central,Accessories,28.82
ORD-016107,2026-08-19,Central,Hardware,152.66
ORD-016108,2026-08-19,Central,Hardware,380.71
ORD-016109,2026-08-19,Central,Hardware,178.42
ORD-016110,2026-08-19,Central,Hardware,442.39
ORD-016111,2026-08-19,Central,Accessories,26.13
ORD-016112,2026-08-19,Central,Hardware,341.50
ORD-016113,2026-08-19,Central,Hardware,390.07
ORD-016114,2026-08-19,Central,Accessories,56.36
ORD-016115,2026-08-19,Central,Hardware,287.36
ORD-016116,2026-08-19,Central,Hardware,240.52
ORD-016117,2026-08-19,Central,Software,102.50
ORD-016118,2026-08-19,Central,Accessories,17.51
ORD-016119,2026-08-19,Central,Software,70.66
ORD-016120,2026-08-19,South,Software,130.40
ORD-016121,2026-08-19,South,Hardware,255.09
ORD-016122,2026-08-19,South,Hardware,947.04
ORD-016123,2026-08-19,South,Services,733.77
ORD-016124,2026-08-19,South,Hardware,567.28
ORD-016125,2026-08-19,South,Hardware,377.16
ORD-016126,2026-08-19,South,Services,1133.83
ORD-016127,2026-08-19,South,Hardware,267.33
ORD-016128,2026-08-19,South,Hardware,192.77
ORD-016129,2026-08-19,South,Services,248.05
ORD-016130,2026-08-19,South,Software,106.88
ORD-016131,2026-08-19,South,Hardware,258.88
ORD-016132,2026-08-19,South,Accessories,75.10
ORD-016133,2026-08-19,South,Software,232.02
ORD-016134,2026-08-19,South,,150.78
ORD-016135,2026-08-19,South,Accessories,105.20
ORD-016136,2026-08-19,South,Services,368.09
ORD-016137,2026-08-19,South,Accessories,21.22
ORD-016138,2026-08-19,South,Software,59.33
ORD-016139,2026-08-19,South,Software,70.18
ORD-016140,2026-08-19,South,Software,78.07
ORD-016141,2026-08-19,South,Services,225.33
ORD-016142,2026-08-19,South,Hardware,280.88
ORD-016143,2026-08-19,South,Hardware,667.29
ORD-016144,2026-08-19,South,Accessories,37.65
ORD-016145,2026-08-19,South,Software,111.66
ORD-016146,2026-08-20,North,Software,191.52
ORD-016147,2026-08-20,North,Accessories,15.06
ORD-016148,2026-08-20,North,Hardware,227.92
ORD-016149,2026-08-20,North,Hardware,515.12
ORD-016150,2026-08-20,North,Services,219.44
ORD-016151,2026-08-20,North,Services,384.21
ORD-016152,2026-08-20,North,Accessories,60.12
ORD-016153,2026-08-20,North,Accessories,104.20
ORD-016154,2026-08-20,North,Hardware,450.68
ORD-016155,2026-08-20,North,Accessories,41.71
ORD-016156,2026-08-20,North,Services,504.98
ORD-016157,2026-08-20,North,Software,291.70
ORD-016158,2026-08-20,North,Software,72.71
ORD-016159,2026-08-20,North,Hardware,97.62
ORD-016160,2026-08-20,North,Hardware,306.26
ORD-016161,2026-08-20,North,Hardware,226.15
ORD-016162,2026-08-20,North,Software,63.13
ORD-016163,2026-08-20,North,Accessories,64.07
ORD-016164,2026-08-20,North,Software,214.88
ORD-016165,2026-08-20,North,Services,670.83
ORD-016166,2026-08-20,North,Hardware,247.99
ORD-016167,2026-08-20,North,Accessories,15.56
ORD-016168,2026-08-20,North,Hardware,284.09
ORD-016169,2026-08-20,North,Accessories,46.40
ORD-016170,2026-08-20,North,Services,1891.61
ORD-016171,2026-08-20,North,Services,533.83
ORD-016172,2026-08-20,North,Software,37.75
ORD-016173,2026-08-20,North,Software,124.64
ORD-016174,2026-08-20,North,Accessories,35.98
ORD-016175,2026-08-20,North,Services,427.98
ORD-016176,2026-08-20,North,Hardware,229.82
ORD-016177,2026-08-20,North,Accessories,31.15
ORD-016178,2026-08-20,North,Hardware,216.14
ORD-016179,2026-08-20,North,Hardware,342.88
ORD-016180,2026-08-20,North,Accessories,41.03
ORD-016181,2026-08-20,North,Software,168.46
ORD-016182,2026-08-20,North,Accessories,17.31
ORD-016183,2026-08-20,North,Services,593.13
ORD-016184,2026-08-20,North,Accessories,44.40
ORD-016185,2026-08-20,North,Accessories,69.85
ORD-016186,2026-08-20,North,Software,140.24
ORD-016187,2026-08-20,North,Software,217.14
ORD-016188,2026-08-20,North,Accessories,36.09
ORD-016189,2026-08-20,North,Services,750.22
ORD-016190,2026-08-20,North,Software,149.05
ORD-016191,2026-08-20,North,Hardware,277.17
ORD-016192,2026-08-20,North,Software,251.71
ORD-016193,2026-08-20,North,Accessories,67.12
ORD-016194,2026-08-20,North,Hardware,334.96
ORD-016195,2026-08-20,North,Hardware,247.22
ORD-016196,2026-08-20,North,Services,551.77
ORD-016197,2026-08-20,North,Hardware,459.89
ORD-016198,2026-08-20,North,Hardware,221.74
ORD-016199,2026-08-20,North,Hardware,199.62
ORD-016200,2026-08-20,North,,223.91
ORD-016201,2026-08-20,North,Software,75.55
ORD-016202,2026-08-20,North,Services,1099.11
ORD-016203,2026-08-20,Central,Hardware,673.15
ORD-016204,2026-08-20,Central,Hardware,484.05
ORD-016205,2026-08-20,Central,,179.87
ORD-016206,2026-08-20,Central,Services,742.02
ORD-016207,2026-08-20,Central,Accessories,23.75
ORD-016208,2026-08-20,Central,Software,117.34
ORD-016209,2026-08-20,Central,Services,267.28
ORD-016210,2026-08-20,Central,Accessories,14.04
ORD-016211,2026-08-20,Central,Software,57.71
ORD-016212,2026-08-20,Central,Hardware,338.79
ORD-016213,2026-08-20,Central,Accessories,30.57
ORD-016214,2026-08-20,Central,Hardware,339.52
ORD-016215,2026-08-20,Central,Hardware,463.61
ORD-016216,2026-08-20,Central,Services,663.59
ORD-016217,2026-08-20,Central,Software,298.86
ORD-016218,2026-08-20,Central,Software,72.48
ORD-016219,2026-08-20,Central,Software,130.76
ORD-016220,2026-08-20,Central,Software,207.14
ORD-016221,2026-08-20,Central,Services,310.86
ORD-016222,2026-08-20,Central,Accessories,42.91
ORD-016223,2026-08-20,Central,Accessories,91.44
ORD-016224,2026-08-20,Central,Hardware,518.24
ORD-016225,2026-08-20,Central,Hardware,650.32
ORD-016226,2026-08-20,Central,Services,689.57
ORD-016227,2026-08-20,Central,Accessories,30.73
ORD-016228,2026-08-20,Central,,425.49
ORD-016229,2026-08-20,Central,Software,107.26
ORD-016230,2026-08-20,Central,Hardware,326.16
ORD-016231,2026-08-20,Central,Software,123.48
ORD-016232,2026-08-20,Central,Software,39.13
ORD-016233,2026-08-20,Central,Services,615.46
ORD-016234,2026-08-20,Central,Hardware,465.10
ORD-016235,2026-08-20,South,,124.38
ORD-016236,2026-08-20,South,Hardware,186.37
ORD-016237,2026-08-20,South,Software,74.25
ORD-016238,2026-08-20,South,Hardware,320.84
ORD-016239,2026-08-20,South,Services,403.87
ORD-016240,2026-08-20,South,Accessories,63.59
ORD-016241,2026-08-20,South,Software,221.30
ORD-016242,2026-08-20,South,Hardware,443.48
ORD-016243,2026-08-20,South,Hardware,576.65
ORD-016244,2026-08-20,South,Hardware,231.94
ORD-016245,2026-08-20,South,Accessories,31.29
ORD-016246,2026-08-20,South,Hardware,325.27
ORD-016247,2026-08-20,South,Services,667.43
ORD-016248,2026-08-20,South,Accessories,37.00
ORD-016249,2026-08-20,South,Software,153.63
ORD-016250,2026-08-20,South,Software,31.63
ORD-016251,2026-08-20,South,Accessories,66.24
ORD-016252,2026-08-20,South,Software,219.68
ORD-016253,2026-08-20,South,Accessories,14.89
ORD-016254,2026-08-20,South,Software,220.69
ORD-016255,2026-08-20,South,Accessories,34.64
ORD-016256,2026-08-20,South,Hardware,590.76
ORD-016257,2026-08-20,South,Hardware,573.33
ORD-016258,2026-08-20,South,Hardware,584.06
ORD-016259,2026-08-20,South,Software,171.38
ORD-016260,2026-08-20,South,Software,91.41
ORD-016261,2026-08-20,South,Services,639.81
ORD-016262,2026-08-20,South,Services,250.52
ORD-016263,2026-08-20,South,Software,232.60
ORD-016264,2026-08-20,South,Software,115.71
ORD-016265,2026-08-21,North,Services,1347.66
ORD-016266,2026-08-21,North,Hardware,162.80
ORD-016267,2026-08-21,North,Software,80.50
ORD-016268,2026-08-21,North,Software,182.52
ORD-016269,2026-08-21,North,Hardware,291.61
ORD-016270,2026-08-21,North,Accessories,11.10
ORD-016271,2026-08-21,North,Services,584.93
ORD-016272,2026-08-21,North,Software,298.43
ORD-016273,2026-08-21,North,Hardware,337.55
ORD-016274,2026-08-21,North,Accessories,33.79
ORD-016275,2026-08-21,North,Hardware,152.33
ORD-016276,2026-08-21,North,Software,143.81
ORD-016277,2026-08-21,North,Hardware,676.72
ORD-016278,2026-08-21,North,Accessories,59.83
ORD-016279,2026-08-21,North,Accessories,26.48
ORD-016280,2026-08-21,North,Hardware,127.52
ORD-016281,2026-08-21,North,Software,72.11
ORD-016282,2026-08-21,North,Accessories,39.93
ORD-016283,2026-08-21,North,Accessories,46.95
ORD-016284,2026-08-21,North,Accessories,68.71
ORD-016285,2026-08-21,North,Services,867.37
ORD-016286,2026-08-21,North,Hardware,308.03
ORD-016287,2026-08-21,North,Services,102.74
ORD-016288,2026-08-21,North,Services,859.81
ORD-016289,2026-08-21,North,Hardware,545.66
ORD-016290,2026-08-21,North,Software,154.38
ORD-016291,2026-08-21,North,Software,248.29
ORD-016292,2026-08-21,North,Software,184.54
ORD-016293,2026-08-21,North,Hardware,244.45
ORD-016294,2026-08-21,North,Accessories,35.08
ORD-016295,2026-08-21,North,Accessories,55.64
ORD-016296,2026-08-21,North,Hardware,293.14
ORD-016297,2026-08-21,North,Services,395.08
ORD-016298,2026-08-21,North,Hardware,286.20
ORD-016299,2026-08-21,North,Services,316.95
ORD-016300,2026-08-21,North,Software,112.25
ORD-016301,2026-08-21,North,Accessories,99.56
ORD-016302,2026-08-21,North,Hardware,259.91
ORD-016303,2026-08-21,North,Accessories,54.16
ORD-016304,2026-08-21,North,Hardware,268.24
ORD-016305,2026-08-21,North,Accessories,12.75
ORD-016306,2026-08-21,North,Accessories,35.26
ORD-016307,2026-08-21,North,Hardware,178.30
ORD-016308,2026-08-21,North,Software,75.55
ORD-016309,2026-08-21,North,Accessories,39.25
ORD-016310,2026-08-21,North,Hardware,379.25
ORD-016311,2026-08-21,North,Software,149.42
ORD-016312,2026-08-21,North,Accessories,46.40
ORD-016313,2026-08-21,North,Software,183.12
ORD-016314,2026-08-21,North,Services,446.37
ORD-016315,2026-08-21,North,Hardware,149.37
ORD-016316,2026-08-21,North,,45.19
ORD-016317,2026-08-21,North,Software,224.41
ORD-016318,2026-08-21,North,Hardware,375.22
ORD-016319,2026-08-21,North,Accessories,18.43
ORD-016320,2026-08-21,North,Accessories,54.20
ORD-016321,2026-08-21,North,Hardware,288.30
ORD-016322,2026-08-21,North,Services,651.43
ORD-016323,2026-08-21,Central,Hardware,421.39
ORD-016324,2026-08-21,Central,Accessories,47.41
ORD-016325,2026-08-21,Central,Hardware,152.37
ORD-016326,2026-08-21,Central,Services,482.03
ORD-016327,2026-08-21,Central,Hardware,346.57
ORD-016328,2026-08-21,Central,Accessories,25.51
ORD-016329,2026-08-21,Central,Services,222.05
ORD-016330,2026-08-21,Central,Hardware,379.86
ORD-016331,2026-08-21,Central,Accessories,24.81
ORD-016332,2026-08-21,Central,Software,26.18
ORD-016333,2026-08-21,Central,Services,980.19
ORD-016334,2026-08-21,Central,Software,258.34
ORD-016335,2026-08-21,Central,Hardware,206.23
ORD-016336,2026-08-21,Central,Accessories,58.92
ORD-016337,2026-08-21,Central,Software,60.86
ORD-016338,2026-08-21,Central,Services,354.30
ORD-016339,2026-08-21,Central,Accessories,20.28
ORD-016340,2026-08-21,Central,Services,320.05
ORD-016341,2026-08-21,Central,Accessories,76.23
ORD-016342,2026-08-21,Central,Services,471.83
ORD-016343,2026-08-21,Central,Accessories,28.20
ORD-016344,2026-08-21,Central,Software,145.45
ORD-016345,2026-08-21,Central,Services,392.19
ORD-016346,2026-08-21,Central,Software,52.95
ORD-016347,2026-08-21,Central,Software,193.49
ORD-016348,2026-08-21,Central,Software,108.58
ORD-016349,2026-08-21,Central,Hardware,178.94
ORD-016350,2026-08-21,Central,Hardware,207.78
ORD-016351,2026-08-21,Central,Services,273.04
ORD-016352,2026-08-21,Central,Accessories,33.58
ORD-016353,2026-08-21,Central,Hardware,435.20
ORD-016354,2026-08-21,Central,Services,463.41
ORD-016355,2026-08-21,Central,Services,1361.72
ORD-016356,2026-08-21,Central,Software,351.47
ORD-016357,2026-08-21,Central,Accessories,43.74
ORD-016358,2026-08-21,Central,Hardware,321.75
ORD-016359,2026-08-21,Central,Hardware,547.39
ORD-016360,2026-08-21,Central,Hardware,486.10
ORD-016361,2026-08-21,Central,Hardware,183.15
ORD-016362,2026-08-21,Central,Services,761.22
ORD-016363,2026-08-21,Central,Hardware,300.14
ORD-016364,2026-08-21,Central,Accessories,68.82
ORD-016365,2026-08-21,Central,Services,421.60
ORD-016366,2026-08-21,Central,Software,69.23
ORD-016367,2026-08-21,Central,Hardware,322.55
ORD-016368,2026-08-21,Central,Hardware,124.03
ORD-016369,2026-08-21,Central,Software,125.38
ORD-016370,2026-08-21,South,Software,187.42
ORD-016371,2026-08-21,South,Accessories,79.50
ORD-016372,2026-08-21,South,Services,987.36
ORD-016373,2026-08-21,South,Hardware,325.22
ORD-016374,2026-08-21,South,Software,104.66
ORD-016375,2026-08-21,South,Hardware,768.19
ORD-016376,2026-08-21,South,Software,73.19
ORD-016377,2026-08-21,South,Software,51.61
ORD-016378,2026-08-21,South,Services,520.57
ORD-016379,2026-08-21,South,Services,372.68
ORD-016380,2026-08-21,South,Accessories,28.50
ORD-016381,2026-08-21,South,Hardware,401.88
ORD-016382,2026-08-21,South,Hardware,276.16
ORD-016383,2026-08-21,South,Accessories,18.92
ORD-016384,2026-08-21,South,Hardware,377.83
ORD-016385,2026-08-21,South,Services,260.91
ORD-016386,2026-08-21,South,Accessories,40.86
ORD-016387,2026-08-21,South,Accessories,38.10
ORD-016388,2026-08-21,South,Accessories,58.41
ORD-016389,2026-08-21,South,Hardware,788.75
ORD-016390,2026-08-21,South,Services,501.86
ORD-016391,2026-08-21,South,Hardware,279.66
ORD-016392,2026-08-21,South,Services,389.30
ORD-016393,2026-08-21,South,Accessories,25.83
ORD-016394,2026-08-21,South,Software,261.81
ORD-016395,2026-08-21,South,Software,204.55
ORD-016396,2026-08-21,South,Software,87.57
ORD-016397,2026-08-21,South,Accessories,23.00
ORD-016398,2026-08-21,South,Hardware,386.27
ORD-016399,2026-08-21,South,Hardware,136.34
ORD-016400,2026-08-21,South,Software,81.64
ORD-016401,2026-08-21,South,Hardware,430.13
ORD-016402,2026-08-21,South,Software,210.45
ORD-016403,2026-08-22,North,Accessories,47.81
ORD-016404,2026-08-22,North,Software,98.45
ORD-016405,2026-08-22,North,Services,382.94
ORD-016406,2026-08-22,North,Software,71.42
ORD-016407,2026-08-22,North,Services,394.66
ORD-016408,2026-08-22,North,Services,434.51
ORD-016409,2026-08-22,North,Services,187.97
ORD-016410,2026-08-22,North,Services,1087.21
ORD-016411,2026-08-22,North,Software,116.06
ORD-016412,2026-08-22,North,Hardware,339.16
ORD-016413,2026-08-22,North,Accessories,14.49
ORD-016414,2026-08-22,North,Accessories,31.57
ORD-016415,2026-08-22,North,Software,81.18
ORD-016416,2026-08-22,North,Hardware,387.30
ORD-016417,2026-08-22,North,Services,249.63
ORD-016418,2026-08-22,North,Software,135.85
ORD-016419,2026-08-22,North,Software,136.01
ORD-016420,2026-08-22,North,Services,290.05
ORD-016421,2026-08-22,North,Services,744.04
ORD-016422,2026-08-22,North,Software,240.59
ORD-016423,2026-08-22,North,Accessories,50.49
ORD-016424,2026-08-22,North,Services,701.86
ORD-016425,2026-08-22,North,Services,613.37
ORD-016426,2026-08-22,North,Software,64.81
ORD-016427,2026-08-22,North,Services,555.24
ORD-016428,2026-08-22,North,Accessories,56.16
ORD-016429,2026-08-22,North,Accessories,28.12
ORD-016430,2026-08-22,North,Accessories,28.87
ORD-016431,2026-08-22,North,Software,122.74
ORD-016432,2026-08-22,North,Hardware,373.50
ORD-016433,2026-08-22,North,Hardware,400.55
ORD-016434,2026-08-22,North,Services,909.37
ORD-016435,2026-08-22,North,Hardware,195.10
ORD-016436,2026-08-22,North,Hardware,434.06
ORD-016437,2026-08-22,North,Software,97.70
ORD-016438,2026-08-22,North,Hardware,163.41
ORD-016439,2026-08-22,North,Hardware,714.82
ORD-016440,2026-08-22,North,Services,370.39
ORD-016441,2026-08-22,North,Hardware,128.70
ORD-016442,2026-08-22,Central,Software,183.27
ORD-016443,2026-08-22,Central,Software,223.38
ORD-016444,2026-08-22,Central,Hardware,841.09
ORD-016445,2026-08-22,Central,Services,463.48
ORD-016446,2026-08-22,Central,Services,444.50
ORD-016447,2026-08-22,Central,Services,569.43
ORD-016448,2026-08-22,Central,Hardware,625.02
ORD-016449,2026-08-22,Central,Hardware,444.62
ORD-016450,2026-08-22,Central,Services,399.20
ORD-016451,2026-08-22,Central,Software,147.86
ORD-016452,2026-08-22,Central,Software,260.37
ORD-016453,2026-08-22,Central,Services,340.58
ORD-016454,2026-08-22,Central,Hardware,239.16
ORD-016455,2026-08-22,Central,Software,100.78
ORD-016456,2026-08-22,Central,Hardware,261.18
ORD-016457,2026-08-22,Central,Software,205.43
ORD-016458,2026-08-22,Central,Hardware,135.99
ORD-016459,2026-08-22,Central,Hardware,427.41
ORD-016460,2026-08-22,Central,Hardware,207.45
ORD-016461,2026-08-22,Central,Accessories,21.67
ORD-016462,2026-08-22,Central,Services,686.19
ORD-016463,2026-08-22,Central,Software,81.86
ORD-016464,2026-08-22,Central,Accessories,83.48
ORD-016465,2026-08-22,Central,Hardware,830.42
ORD-016466,2026-08-22,Central,Accessories,25.90
ORD-016467,2026-08-22,Central,Software,69.54
ORD-016468,2026-08-22,Central,Software,247.84
ORD-016469,2026-08-22,Central,Software,333.47
ORD-016470,2026-08-22,South,Accessories,105.05
ORD-016471,2026-08-22,South,Accessories,55.07
ORD-016472,2026-08-22,South,Software,107.58
ORD-016473,2026-08-22,South,Accessories,77.66
ORD-016474,2026-08-22,South,Accessories,37.84
ORD-016475,2026-08-22,South,Hardware,531.31
ORD-016476,2026-08-22,South,Software,172.27
ORD-016477,2026-08-22,South,Software,107.13
ORD-016478,2026-08-22,South,Hardware,338.40
ORD-016479,2026-08-22,South,Hardware,391.94
ORD-016480,2026-08-22,South,Software,176.51
ORD-016481,2026-08-22,South,,959.78
ORD-016482,2026-08-22,South,Software,351.92
ORD-016483,2026-08-22,South,,57.31
ORD-016484,2026-08-22,South,Services,500.98
ORD-016485,2026-08-22,South,Software,164.17
ORD-016486,2026-08-22,South,Services,546.85
ORD-016487,2026-08-23,North,Hardware,481.47
ORD-016488,2026-08-23,North,Services,564.70
ORD-016489,2026-08-23,North,Accessories,45.93
ORD-016490,2026-08-23,North,Hardware,584.77
ORD-016491,2026-08-23,North,Accessories,47.89
ORD-016492,2026-08-23,North,Services,235.68
ORD-016493,2026-08-23,North,Hardware,473.11
ORD-016494,2026-08-23,North,Services,1126.80
ORD-016495,2026-08-23,North,Accessories,36.79
ORD-016496,2026-08-23,North,Software,97.09
ORD-016497,2026-08-23,North,Hardware,101.70
ORD-016498,2026-08-23,North,,486.79
ORD-016499,2026-08-23,North,Services,251.19
ORD-016500,2026-08-23,North,Accessories,19.72
ORD-016501,2026-08-23,North,Services,474.16
ORD-016502,2026-08-23,North,Services,830.14
ORD-016503,2026-08-23,North,Services,346.57
ORD-016504,2026-08-23,North,Services,616.42
ORD-016505,2026-08-23,North,Services,404.93
ORD-016506,2026-08-23,North,Software,24.84
ORD-016507,2026-08-23,North,Accessories,30.17
ORD-016508,2026-08-23,North,Software,87.29
ORD-016509,2026-08-23,North,Software,347.86
ORD-016510,2026-08-23,North,Hardware,197.36
ORD-016511,2026-08-23,North,Services,503.66
ORD-016512,2026-08-23,North,Hardware,370.86
ORD-016513,2026-08-23,North,Accessories,79.49
ORD-016514,2026-08-23,North,Software,211.80
ORD-016515,2026-08-23,North,Hardware,120.21
ORD-016516,2026-08-23,North,Hardware,351.10
ORD-016517,2026-08-23,North,Accessories,74.68
ORD-016518,2026-08-23,North,Services,376.77
ORD-016519,2026-08-23,North,Hardware,228.76
ORD-016520,2026-08-23,North,Accessories,41.12
ORD-016521,2026-08-23,Central,Services,771.53
ORD-016522,2026-08-23,Central,Software,230.49
ORD-016523,2026-08-23,Central,Services,688.18
ORD-016524,2026-08-23,Central,Services,1394.08
ORD-016525,2026-08-23,Central,Software,112.74
ORD-016526,2026-08-23,Central,Software,96.00
ORD-016527,2026-08-23,Central,Services,207.03
ORD-016528,2026-08-23,Central,Services,1120.74
ORD-016529,2026-08-23,Central,Hardware,243.78
ORD-016530,2026-08-23,Central,Hardware,241.26
ORD-016531,2026-08-23,Central,Services,335.16
ORD-016532,2026-08-23,Central,Software,111.50
ORD-016533,2026-08-23,Central,Hardware,134.71
ORD-016534,2026-08-23,Central,Accessories,50.16
ORD-016535,2026-08-23,Central,Software,257.99
ORD-016536,2026-08-23,Central,Accessories,34.21
ORD-016537,2026-08-23,Central,Accessories,65.60
ORD-016538,2026-08-23,Central,Accessories,32.13
ORD-016539,2026-08-23,Central,Services,1001.67
ORD-016540,2026-08-23,Central,Accessories,55.14
ORD-016541,2026-08-23,Central,Hardware,618.54
ORD-016542,2026-08-23,Central,Hardware,1047.37
ORD-016543,2026-08-23,Central,Hardware,321.26
ORD-016544,2026-08-23,Central,Hardware,654.45
ORD-016545,2026-08-23,Central,Services,476.80
ORD-016546,2026-08-23,Central,Hardware,220.53
ORD-016547,2026-08-23,Central,Hardware,500.99
ORD-016548,2026-08-23,Central,Services,869.78
ORD-016549,2026-08-23,Central,Hardware,504.74
ORD-016550,2026-08-23,Central,Services,373.48
ORD-016551,2026-08-23,Central,Software,189.57
ORD-016552,2026-08-23,Central,Accessories,33.11
ORD-016553,2026-08-23,Central,Hardware,394.38
ORD-016554,2026-08-23,Central,Accessories,52.76
ORD-016555,2026-08-23,Central,Software,79.02
ORD-016556,2026-08-23,Central,Services,357.12
ORD-016557,2026-08-23,Central,Services,405.92
ORD-016558,2026-08-23,Central,Services,1094.05
ORD-016559,2026-08-23,Central,Hardware,227.36
ORD-016560,2026-08-23,Central,Software,116.15
ORD-016561,2026-08-23,Central,Hardware,316.15
ORD-016562,2026-08-23,Central,Hardware,508.50
ORD-016563,2026-08-23,Central,Hardware,416.43
ORD-016564,2026-08-23,Central,Hardware,206.99
ORD-016565,2026-08-23,South,Software,49.70
ORD-016566,2026-08-23,South,Software,86.59
ORD-016567,2026-08-23,South,Hardware,250.56
ORD-016568,2026-08-23,South,Accessories,104.66
ORD-016569,2026-08-23,South,Accessories,21.52
ORD-016570,2026-08-23,South,Software,92.39
ORD-016571,2026-08-23,South,Services,209.61
ORD-016572,2026-08-23,South,Software,83.24
ORD-016573,2026-08-23,South,Hardware,231.36
ORD-016574,2026-08-23,South,Hardware,210.92
ORD-016575,2026-08-23,South,Accessories,43.94
ORD-016576,2026-08-23,South,Services,1009.38
ORD-016577,2026-08-23,South,Software,103.79
ORD-016578,2026-08-23,South,Accessories,35.92
ORD-016579,2026-08-23,South,Hardware,360.05
ORD-016580,2026-08-23,South,Services,1000.58
ORD-016581,2026-08-23,South,Software,104.57
ORD-016582,2026-08-23,South,Accessories,66.71
ORD-016583,2026-08-23,South,Software,74.38
ORD-016584,2026-08-23,South,Software,142.44
ORD-016585,2026-08-23,South,Hardware,616.21
ORD-016586,2026-08-23,South,Software,151.58
ORD-016587,2026-08-23,South,Hardware,215.38
ORD-016588,2026-08-23,South,Accessories,19.75
ORD-016589,2026-08-23,South,Hardware,97.94
ORD-016590,2026-08-23,South,Accessories,15.30
ORD-016591,2026-08-24,North,Accessories,36.95
ORD-016592,2026-08-24,North,Services,408.27
ORD-016593,2026-08-24,North,Accessories,28.05
ORD-016594,2026-08-24,North,Services,787.96
ORD-016595,2026-08-24,North,Software,263.04
ORD-016596,2026-08-24,North,Hardware,270.77
ORD-016597,2026-08-24,North,Hardware,286.47
ORD-016598,2026-08-24,North,Accessories,33.96
ORD-016599,2026-08-24,North,Software,95.75
ORD-016600,2026-08-24,North,Hardware,171.41
ORD-016601,2026-08-24,North,Hardware,192.06
ORD-016602,2026-08-24,North,Accessories,72.79
ORD-016603,2026-08-24,North,Accessories,169.48
ORD-016604,2026-08-24,North,Hardware,449.23
ORD-016605,2026-08-24,North,Accessories,33.45
ORD-016606,2026-08-24,North,Accessories,28.24
ORD-016607,2026-08-24,North,Software,135.37
ORD-016608,2026-08-24,North,Services,620.68
ORD-016609,2026-08-24,North,Hardware,864.97
ORD-016610,2026-08-24,North,Accessories,24.41
ORD-016611,2026-08-24,North,Hardware,196.27
ORD-016612,2026-08-24,North,Software,229.72
ORD-016613,2026-08-24,North,Hardware,290.71
ORD-016614,2026-08-24,North,Accessories,16.22
ORD-016615,2026-08-24,North,Services,365.53
ORD-016616,2026-08-24,North,Software,258.93
ORD-016617,2026-08-24,North,Hardware,225.05
ORD-016618,2026-08-24,North,Hardware,1322.11
ORD-016619,2026-08-24,North,Accessories,18.20
ORD-016620,2026-08-24,North,Hardware,1179.54
ORD-016621,2026-08-24,North,Software,286.62
ORD-016622,2026-08-24,North,Hardware,225.03
ORD-016623,2026-08-24,North,Accessories,120.00
ORD-016624,2026-08-24,North,Services,594.02
ORD-016625,2026-08-24,North,Services,1144.30
ORD-016626,2026-08-24,North,Accessories,53.86
ORD-016627,2026-08-24,North,Accessories,25.44
ORD-016628,2026-08-24,North,Accessories,27.35
ORD-016629,2026-08-24,North,Hardware,317.54
ORD-016630,2026-08-24,North,Services,332.27
ORD-016631,2026-08-24,North,Software,95.38
ORD-016632,2026-08-24,North,Software,214.42
ORD-016633,2026-08-24,North,Software,105.49
ORD-016634,2026-08-24,North,Software,198.45
ORD-016635,2026-08-24,North,Software,75.20
ORD-016636,2026-08-24,North,Accessories,88.02
ORD-016637,2026-08-24,North,Hardware,927.79
ORD-016638,2026-08-24,North,Hardware,435.33
ORD-016639,2026-08-24,Central,Accessories,29.18
ORD-016640,2026-08-24,Central,Services,667.96
ORD-016641,2026-08-24,Central,Accessories,17.65
ORD-016642,2026-08-24,Central,Accessories,56.58
ORD-016643,2026-08-24,Central,Services,964.69
ORD-016644,2026-08-24,Central,Software,115.90
ORD-016645,2026-08-24,Central,Services,204.39
ORD-016646,2026-08-24,Central,Hardware,289.97
ORD-016647,2026-08-24,Central,Software,74.47
ORD-016648,2026-08-24,Central,Software,176.90
ORD-016649,2026-08-24,Central,Software,203.42
ORD-016650,2026-08-24,Central,Software,196.77
ORD-016651,2026-08-24,Central,Software,108.30
ORD-016652,2026-08-24,Central,Accessories,25.80
ORD-016653,2026-08-24,Central,Services,366.14
ORD-016654,2026-08-24,Central,Hardware,541.51
ORD-016655,2026-08-24,Central,Hardware,369.17
ORD-016656,2026-08-24,Central,Accessories,192.76
ORD-016657,2026-08-24,Central,Accessories,30.71
ORD-016658,2026-08-24,Central,Hardware,279.07
ORD-016659,2026-08-24,Central,Hardware,344.51
ORD-016660,2026-08-24,Central,Hardware,554.24
ORD-016661,2026-08-24,Central,Software,188.47
ORD-016662,2026-08-24,Central,Software,348.27
ORD-016663,2026-08-24,Central,Services,457.72
ORD-016664,2026-08-24,Central,Hardware,324.65
ORD-016665,2026-08-24,Central,Services,789.57
ORD-016666,2026-08-24,Central,Hardware,122.97
ORD-016667,2026-08-24,Central,Accessories,27.77
ORD-016668,2026-08-24,Central,Accessories,89.17
ORD-016669,2026-08-24,Central,Accessories,71.16
ORD-016670,2026-08-24,Central,Software,58.22
ORD-016671,2026-08-24,Central,Software,154.43
ORD-016672,2026-08-24,Central,,121.17
ORD-016673,2026-08-24,Central,Hardware,526.13
ORD-016674,2026-08-24,Central,,1058.15
ORD-016675,2026-08-24,Central,Services,398.11
ORD-016676,2026-08-24,Central,Software,103.20
ORD-016677,2026-08-24,Central,Hardware,594.27
ORD-016678,2026-08-24,Central,Software,325.42
ORD-016679,2026-08-24,Central,Services,375.98
ORD-016680,2026-08-24,Central,Services,260.28
ORD-016681,2026-08-24,Central,Software,325.96
ORD-016682,2026-08-24,Central,Hardware,259.37
ORD-016683,2026-08-24,Central,Software,84.43
ORD-016684,2026-08-24,Central,Hardware,592.84
ORD-016685,2026-08-24,Central,Hardware,406.50
ORD-016686,2026-08-24,Central,Hardware,324.14
ORD-016687,2026-08-24,Central,Hardware,491.06
ORD-016688,2026-08-24,Central,Accessories,43.23
ORD-016689,2026-08-24,Central,Hardware,552.54
ORD-016690,2026-08-24,Central,Accessories,29.42
ORD-016691,2026-08-24,Central,Services,216.10
ORD-016692,2026-08-24,Central,Accessories,39.78
ORD-016693,2026-08-24,South,Hardware,530.82
ORD-016694,2026-08-24,South,Accessories,69.80
ORD-016695,2026-08-24,South,Services,512.09
ORD-016696,2026-08-24,South,Software,72.98
ORD-016697,2026-08-24,South,Software,194.29
ORD-016698,2026-08-24,South,Software,224.31
ORD-016699,2026-08-24,South,Services,808.54
ORD-016700,2026-08-24,South,Hardware,513.73
ORD-016701,2026-08-24,South,Accessories,31.35
ORD-016702,2026-08-24,South,Accessories,65.45
ORD-016703,2026-08-24,South,Hardware,525.62
ORD-016704,2026-08-24,South,Software,111.95
ORD-016705,2026-08-24,South,Hardware,297.60
ORD-016706,2026-08-24,South,Hardware,599.59
ORD-016707,2026-08-24,South,Software,128.78
ORD-016708,2026-08-24,South,Services,836.10
ORD-016709,2026-08-24,South,Services,837.96
ORD-016710,2026-08-24,South,Hardware,539.19
ORD-016711,2026-08-24,South,Accessories,34.82
ORD-016712,2026-08-24,South,Hardware,226.81
ORD-016713,2026-08-24,South,Software,161.42
ORD-016714,2026-08-24,South,Hardware,453.74
ORD-016715,2026-08-24,South,Hardware,264.79
ORD-016716,2026-08-24,South,Software,178.34
ORD-016717,2026-08-24,South,Hardware,272.78
ORD-016718,2026-08-24,South,Software,82.23
ORD-016719,2026-08-24,South,Services,798.16
ORD-016720,2026-08-24,South,Hardware,111.13
ORD-016721,2026-08-24,South,Hardware,239.43
ORD-016722,2026-08-24,South,Accessories,24.16
ORD-016723,2026-08-24,South,Accessories,22.54
ORD-016724,2026-08-24,South,Software,123.12
ORD-016725,2026-08-24,South,Software,113.46
ORD-016726,2026-08-24,South,Accessories,39.47
ORD-016727,2026-08-24,South,Software,341.74
ORD-016728,2026-08-24,South,Software,71.29
ORD-016729,2026-08-24,South,Services,825.22
ORD-016730,2026-08-25,North,Hardware,368.64
ORD-016731,2026-08-25,North,Hardware,181.01
ORD-016732,2026-08-25,North,Software,133.49
ORD-016733,2026-08-25,North,Hardware,395.86
ORD-016734,2026-08-25,North,Accessories,29.27
ORD-016735,2026-08-25,North,Accessories,26.80
ORD-016736,2026-08-25,North,Services,1678.60
ORD-016737,2026-08-25,North,Accessories,23.05
ORD-016738,2026-08-25,North,Software,232.55
ORD-016739,2026-08-25,North,Hardware,193.48
ORD-016740,2026-08-25,North,Software,253.64
ORD-016741,2026-08-25,North,Software,160.85
ORD-016742,2026-08-25,North,Hardware,181.59
ORD-016743,2026-08-25,North,Hardware,234.65
ORD-016744,2026-08-25,North,Accessories,30.74
ORD-016745,2026-08-25,North,Software,50.47
ORD-016746,2026-08-25,North,Services,808.70
ORD-016747,2026-08-25,North,,200.38
ORD-016748,2026-08-25,North,Services,1104.08
ORD-016749,2026-08-25,North,Hardware,178.73
ORD-016750,2026-08-25,North,Services,767.66
ORD-016751,2026-08-25,North,Hardware,201.49
ORD-016752,2026-08-25,North,Software,134.97
ORD-016753,2026-08-25,North,Software,65.45
ORD-016754,2026-08-25,North,Software,184.56
ORD-016755,2026-08-25,North,Accessories,69.44
ORD-016756,2026-08-25,North,Hardware,362.99
ORD-016757,2026-08-25,North,Hardware,525.22
ORD-016758,2026-08-25,North,Software,281.06
ORD-016759,2026-08-25,North,Accessories,44.97
ORD-016760,2026-08-25,North,Hardware,168.68
ORD-016761,2026-08-25,North,Hardware,258.90
ORD-016762,2026-08-25,North,Accessories,52.32
ORD-016763,2026-08-25,North,Services,237.07
ORD-016764,2026-08-25,North,Accessories,56.78
ORD-016765,2026-08-25,North,Accessories,65.90
ORD-016766,2026-08-25,North,Software,449.67
ORD-016767,2026-08-25,North,Software,285.09
ORD-016768,2026-08-25,North,Hardware,825.82
ORD-016769,2026-08-25,North,Services,356.66
ORD-016770,2026-08-25,North,Accessories,16.27
ORD-016771,2026-08-25,North,Software,141.48
ORD-016772,2026-08-25,North,Hardware,234.23
ORD-016773,2026-08-25,North,Accessories,19.89
ORD-016774,2026-08-25,North,Software,252.45
ORD-016775,2026-08-25,North,Services,255.94
ORD-016776,2026-08-25,North,Hardware,272.83
ORD-016777,2026-08-25,North,Services,2005.09
ORD-016778,2026-08-25,North,Software,130.33
ORD-016779,2026-08-25,North,Services,629.73
ORD-016780,2026-08-25,North,Software,128.09
ORD-016781,2026-08-25,North,Accessories,57.25
ORD-016782,2026-08-25,North,Hardware,205.09
ORD-016783,2026-08-25,North,Accessories,102.11
ORD-016784,2026-08-25,Central,Software,145.38
ORD-016785,2026-08-25,Central,Hardware,213.85
ORD-016786,2026-08-25,Central,Accessories,34.18
ORD-016787,2026-08-25,Central,Software,88.94
ORD-016788,2026-08-25,Central,Services,433.61
ORD-016789,2026-08-25,Central,Services,1182.15
ORD-016790,2026-08-25,Central,Services,825.41
ORD-016791,2026-08-25,Central,Software,68.25
ORD-016792,2026-08-25,Central,Software,69.51
ORD-016793,2026-08-25,Central,Accessories,43.93
ORD-016794,2026-08-25,Central,Accessories,70.71
ORD-016795,2026-08-25,Central,Software,123.66
ORD-016796,2026-08-25,Central,Accessories,84.45
ORD-016797,2026-08-25,Central,Hardware,371.51
ORD-016798,2026-08-25,Central,Services,1223.80
ORD-016799,2026-08-25,Central,Accessories,21.29
ORD-016800,2026-08-25,Central,Accessories,63.34
ORD-016801,2026-08-25,Central,Software,152.63
ORD-016802,2026-08-25,Central,Services,507.88
ORD-016803,2026-08-25,Central,Accessories,40.83
ORD-016804,2026-08-25,Central,Accessories,47.02
ORD-016805,2026-08-25,Central,Hardware,529.70
ORD-016806,2026-08-25,Central,Hardware,188.96
ORD-016807,2026-08-25,Central,Services,1478.17
ORD-016808,2026-08-25,Central,Accessories,31.18
ORD-016809,2026-08-25,Central,Services,1166.05
ORD-016810,2026-08-25,Central,Software,395.60
ORD-016811,2026-08-25,Central,Software,63.20
ORD-016812,2026-08-25,Central,Hardware,207.97
ORD-016813,2026-08-25,Central,Services,394.95
ORD-016814,2026-08-25,Central,Hardware,187.65
ORD-016815,2026-08-25,Central,Hardware,297.86
ORD-016816,2026-08-25,Central,Software,129.71
ORD-016817,2026-08-25,Central,Software,226.41
ORD-016818,2026-08-25,South,Software,240.01
ORD-016819,2026-08-25,South,Services,725.61
ORD-016820,2026-08-25,South,Services,454.15
ORD-016821,2026-08-25,South,Software,181.70
ORD-016822,2026-08-25,South,Accessories,39.26
ORD-016823,2026-08-25,South,Hardware,560.54
ORD-016824,2026-08-25,South,Accessories,28.45
ORD-016825,2026-08-25,South,Software,98.95
ORD-016826,2026-08-25,South,Hardware,323.46
ORD-016827,2026-08-25,South,Software,73.78
ORD-016828,2026-08-25,South,Software,114.71
ORD-016829,2026-08-25,South,Accessories,77.07
ORD-016830,2026-08-25,South,Services,633.08
ORD-016831,2026-08-25,South,Accessories,37.85
ORD-016832,2026-08-25,South,Services,378.77
ORD-016833,2026-08-25,South,Accessories,17.29
ORD-016834,2026-08-25,South,Accessories,36.73
ORD-016835,2026-08-25,South,Hardware,509.63
ORD-016836,2026-08-25,South,Hardware,396.80
ORD-016837,2026-08-25,South,,311.76
ORD-016838,2026-08-25,South,Accessories,63.80
ORD-016839,2026-08-25,South,Hardware,234.40
ORD-016840,2026-08-25,South,Accessories,16.17
ORD-016841,2026-08-25,South,Accessories,24.27
ORD-016842,2026-08-25,South,Hardware,653.56
ORD-016843,2026-08-25,South,Services,426.62
ORD-016844,2026-08-25,South,Software,172.36
ORD-016845,2026-08-25,South,Software,241.03
ORD-016846,2026-08-25,South,Software,173.90
ORD-016847,2026-08-26,North,Hardware,276.11
ORD-016848,2026-08-26,North,Accessories,46.41
ORD-016849,2026-08-26,North,Accessories,16.46
ORD-016850,2026-08-26,North,Accessories,117.56
ORD-016851,2026-08-26,North,Software,105.43
ORD-016852,2026-08-26,North,Software,109.53
ORD-016853,2026-08-26,North,Software,106.78
ORD-016854,2026-08-26,North,Hardware,194.52
ORD-016855,2026-08-26,North,Services,466.96
ORD-016856,2026-08-26,North,Hardware,550.16
ORD-016857,2026-08-26,North,Software,251.01
ORD-016858,2026-08-26,North,Accessories,20.86
ORD-016859,2026-08-26,North,Software,212.66
ORD-016860,2026-08-26,North,Accessories,21.13
ORD-016861,2026-08-26,North,Software,130.91
ORD-016862,2026-08-26,North,Hardware,203.14
ORD-016863,2026-08-26,North,Services,305.49
ORD-016864,2026-08-26,North,Software,78.38
ORD-016865,2026-08-26,North,,281.65
ORD-016866,2026-08-26,North,Hardware,241.15
ORD-016867,2026-08-26,North,Services,445.61
ORD-016868,2026-08-26,North,Services,541.24
ORD-016869,2026-08-26,North,Services,405.40
ORD-016870,2026-08-26,North,Hardware,176.63
ORD-016871,2026-08-26,North,Hardware,518.64
ORD-016872,2026-08-26,North,Accessories,38.10
ORD-016873,2026-08-26,North,Software,90.56
ORD-016874,2026-08-26,North,Software,145.28
ORD-016875,2026-08-26,North,Software,147.50
ORD-016876,2026-08-26,North,Hardware,451.94
ORD-016877,2026-08-26,North,Software,231.37
ORD-016878,2026-08-26,North,Services,350.64
ORD-016879,2026-08-26,North,Services,649.78
ORD-016880,2026-08-26,North,Hardware,176.66
ORD-016881,2026-08-26,North,Accessories,37.23
ORD-016882,2026-08-26,North,Hardware,450.99
ORD-016883,2026-08-26,North,Services,612.84
ORD-016884,2026-08-26,North,Software,86.80
ORD-016885,2026-08-26,North,Hardware,292.12
ORD-016886,2026-08-26,North,Hardware,471.49
ORD-016887,2026-08-26,North,Accessories,44.61
ORD-016888,2026-08-26,North,Software,284.15
ORD-016889,2026-08-26,North,Accessories,45.17
ORD-016890,2026-08-26,North,Hardware,415.88
ORD-016891,2026-08-26,North,Hardware,508.09
ORD-016892,2026-08-26,North,Software,142.76
ORD-016893,2026-08-26,North,Accessories,24.54
ORD-016894,2026-08-26,North,Hardware,90.35
ORD-016895,2026-08-26,North,Services,707.32
ORD-016896,2026-08-26,Central,Accessories,14.88
ORD-016897,2026-08-26,Central,Hardware,418.96
ORD-016898,2026-08-26,Central,Hardware,498.13
ORD-016899,2026-08-26,Central,Hardware,141.10
ORD-016900,2026-08-26,Central,Software,570.84
ORD-016901,2026-08-26,Central,Accessories,9.37
ORD-016902,2026-08-26,Central,Hardware,274.63
ORD-016903,2026-08-26,Central,Software,297.44
ORD-016904,2026-08-26,Central,Hardware,704.72
ORD-016905,2026-08-26,Central,Hardware,389.67
ORD-016906,2026-08-26,Central,Services,558.95
ORD-016907,2026-08-26,Central,Accessories,57.66
ORD-016908,2026-08-26,Central,Accessories,89.57
ORD-016909,2026-08-26,Central,Software,33.47
ORD-016910,2026-08-26,Central,Accessories,25.99
ORD-016911,2026-08-26,Central,Software,127.43
ORD-016912,2026-08-26,Central,Accessories,42.81
ORD-016913,2026-08-26,Central,Accessories,21.50
ORD-016914,2026-08-26,Central,Accessories,41.63
ORD-016915,2026-08-26,Central,Software,90.72
ORD-016916,2026-08-26,Central,Services,590.23
ORD-016917,2026-08-26,Central,Services,757.27
ORD-016918,2026-08-26,Central,Accessories,42.96
ORD-016919,2026-08-26,Central,Accessories,12.63
ORD-016920,2026-08-26,Central,Hardware,345.43
ORD-016921,2026-08-26,Central,Services,273.94
ORD-016922,2026-08-26,Central,Software,102.75
ORD-016923,2026-08-26,Central,Accessories,51.07
ORD-016924,2026-08-26,Central,Software,188.87
ORD-016925,2026-08-26,Central,Software,50.16
ORD-016926,2026-08-26,Central,Software,127.21
ORD-016927,2026-08-26,Central,Hardware,363.79
ORD-016928,2026-08-26,Central,Hardware,288.42
ORD-016929,2026-08-26,Central,Hardware,184.98
ORD-016930,2026-08-26,Central,Accessories,98.97
ORD-016931,2026-08-26,Central,Software,88.77
ORD-016932,2026-08-26,Central,Accessories,27.15
ORD-016933,2026-08-26,Central,Accessories,58.10
ORD-016934,2026-08-26,Central,Services,840.74
ORD-016935,2026-08-26,Central,Software,41.11
ORD-016936,2026-08-26,Central,Accessories,59.32
ORD-016937,2026-08-26,Central,Hardware,959.45
ORD-016938,2026-08-26,Central,Accessories,20.60
ORD-016939,2026-08-26,Central,Accessories,49.21
ORD-016940,2026-08-26,Central,Services,696.84
ORD-016941,2026-08-26,Central,Accessories,23.86
ORD-016942,2026-08-26,Central,Accessories,97.54
ORD-016943,2026-08-26,Central,Software,322.27
ORD-016944,2026-08-26,Central,Hardware,569.43
ORD-016945,2026-08-26,Central,Accessories,24.54
ORD-016946,2026-08-26,Central,Accessories,26.65
ORD-016947,2026-08-26,Central,Hardware,196.92
ORD-016948,2026-08-26,Central,Accessories,26.49
ORD-016949,2026-08-26,Central,Software,88.36
ORD-016950,2026-08-26,Central,Hardware,229.95
ORD-016951,2026-08-26,Central,Services,318.28
ORD-016952,2026-08-26,Central,Accessories,36.94
ORD-016953,2026-08-26,Central,Accessories,77.19
ORD-016954,2026-08-26,Central,Accessories,17.31
ORD-016955,2026-08-26,Central,Services,403.48
ORD-016956,2026-08-26,South,Hardware,574.83
ORD-016957,2026-08-26,South,Accessories,30.49
ORD-016958,2026-08-26,South,Accessories,16.77
ORD-016959,2026-08-26,South,Software,295.60
ORD-016960,2026-08-26,South,Hardware,723.81
ORD-016961,2026-08-26,South,Accessories,35.36
ORD-016962,2026-08-26,South,Accessories,97.05
ORD-016963,2026-08-26,South,Accessories,29.80
ORD-016964,2026-08-26,South,,672.93
ORD-016965,2026-08-26,South,Hardware,389.55
ORD-016966,2026-08-26,South,Services,576.39
ORD-016967,2026-08-26,South,Hardware,370.31
ORD-016968,2026-08-26,South,Services,1573.93
ORD-016969,2026-08-26,South,Services,382.33
ORD-016970,2026-08-26,South,Services,352.35
ORD-016971,2026-08-26,South,Accessories,28.95
ORD-016972,2026-08-26,South,Services,325.22
ORD-016973,2026-08-26,South,Services,314.20
ORD-016974,2026-08-26,South,Accessories,28.59
ORD-016975,2026-08-26,South,Hardware,227.11
ORD-016976,2026-08-26,South,Accessories,48.63
ORD-016977,2026-08-26,South,Services,388.90
ORD-016978,2026-08-26,South,Accessories,20.31
ORD-016979,2026-08-26,South,Services,690.82
ORD-016980,2026-08-26,South,Software,294.24
ORD-016981,2026-08-26,South,Accessories,25.67
ORD-016982,2026-08-26,South,Accessories,47.17
ORD-016983,2026-08-27,North,Software,137.51
ORD-016984,2026-08-27,North,Accessories,33.17
ORD-016985,2026-08-27,North,Accessories,79.99
ORD-016986,2026-08-27,North,Software,282.90
ORD-016987,2026-08-27,North,Hardware,325.09
ORD-016988,2026-08-27,North,Software,143.79
ORD-016989,2026-08-27,North,Hardware,157.38
ORD-016990,2026-08-27,North,Services,801.59
ORD-016991,2026-08-27,North,Accessories,117.11
ORD-016992,2026-08-27,North,Accessories,14.63
ORD-016993,2026-08-27,North,Accessories,18.43
ORD-016994,2026-08-27,North,Accessories,15.99
ORD-016995,2026-08-27,North,Hardware,323.27
ORD-016996,2026-08-27,North,Hardware,236.32
ORD-016997,2026-08-27,North,Hardware,620.53
ORD-016998,2026-08-27,North,Software,117.53
ORD-016999,2026-08-27,North,Services,1018.13
ORD-017000,2026-08-27,North,Hardware,639.91
ORD-017001,2026-08-27,North,Software,230.27
ORD-017002,2026-08-27,North,Software,291.07
ORD-017003,2026-08-27,North,Services,1399.58
ORD-017004,2026-08-27,North,Hardware,180.78
ORD-017005,2026-08-27,North,Hardware,343.33
ORD-017006,2026-08-27,North,Software,152.27
ORD-017007,2026-08-27,North,Software,185.84
ORD-017008,2026-08-27,North,Software,96.05
ORD-017009,2026-08-27,North,Services,452.96
ORD-017010,2026-08-27,North,Software,499.10
ORD-017011,2026-08-27,North,Accessories,56.71
ORD-017012,2026-08-27,North,Software,135.82
ORD-017013,2026-08-27,North,Software,201.50
ORD-017014,2026-08-27,North,,162.12
ORD-017015,2026-08-27,North,Accessories,32.27
ORD-017016,2026-08-27,North,Software,58.12
ORD-017017,2026-08-27,North,Software,115.82
ORD-017018,2026-08-27,North,Hardware,269.18
ORD-017019,2026-08-27,North,Services,465.15
ORD-017020,2026-08-27,North,Accessories,48.12
ORD-017021,2026-08-27,North,Hardware,683.86
ORD-017022,2026-08-27,North,Hardware,356.49
ORD-017023,2026-08-27,North,Accessories,19.84
ORD-017024,2026-08-27,North,Services,291.96
ORD-017025,2026-08-27,North,Accessories,76.02
ORD-017026,2026-08-27,North,Accessories,44.82
ORD-017027,2026-08-27,North,Services,424.85
ORD-017028,2026-08-27,North,Hardware,203.86
ORD-017029,2026-08-27,North,Software,137.56
ORD-017030,2026-08-27,North,Software,218.33
ORD-017031,2026-08-27,North,Software,89.13
ORD-017032,2026-08-27,North,,544.26
ORD-017033,2026-08-27,Central,Hardware,419.18
ORD-017034,2026-08-27,Central,Accessories,31.70
ORD-017035,2026-08-27,Central,Hardware,296.41
ORD-017036,2026-08-27,Central,Accessories,66.39
ORD-017037,2026-08-27,Central,Hardware,608.35
ORD-017038,2026-08-27,Central,Accessories,32.09
ORD-017039,2026-08-27,Central,Hardware,706.18
ORD-017040,2026-08-27,Central,Hardware,324.12
ORD-017041,2026-08-27,Central,Hardware,253.79
ORD-017042,2026-08-27,Central,Services,356.95
ORD-017043,2026-08-27,Central,Accessories,26.20
ORD-017044,2026-08-27,Central,Hardware,324.33
ORD-017045,2026-08-27,Central,Accessories,25.34
ORD-017046,2026-08-27,Central,Hardware,366.10
ORD-017047,2026-08-27,Central,Services,422.37
ORD-017048,2026-08-27,Central,,37.66
ORD-017049,2026-08-27,Central,Services,450.93
ORD-017050,2026-08-27,Central,Software,269.09
ORD-017051,2026-08-27,Central,Accessories,69.06
ORD-017052,2026-08-27,Central,Hardware,266.51
ORD-017053,2026-08-27,Central,Hardware,391.03
ORD-017054,2026-08-27,Central,Services,517.83
ORD-017055,2026-08-27,Central,Software,239.11
ORD-017056,2026-08-27,Central,Services,763.18
ORD-017057,2026-08-27,Central,Hardware,429.75
ORD-017058,2026-08-27,Central,Software,72.71
ORD-017059,2026-08-27,Central,Services,321.93
ORD-017060,2026-08-27,Central,Accessories,27.77
ORD-017061,2026-08-27,Central,Software,201.74
ORD-017062,2026-08-27,Central,Accessories,41.42
ORD-017063,2026-08-27,Central,Services,294.08
ORD-017064,2026-08-27,Central,Services,416.06
ORD-017065,2026-08-27,Central,Services,533.83
ORD-017066,2026-08-27,Central,Accessories,58.41
ORD-017067,2026-08-27,Central,Software,477.95
ORD-017068,2026-08-27,Central,Hardware,528.91
ORD-017069,2026-08-27,Central,Accessories,21.41
ORD-017070,2026-08-27,Central,Accessories,31.73
ORD-017071,2026-08-27,Central,Services,506.70
ORD-017072,2026-08-27,Central,Services,499.41
ORD-017073,2026-08-27,Central,Hardware,144.80
ORD-017074,2026-08-27,South,Hardware,151.02
ORD-017075,2026-08-27,South,Software,72.82
ORD-017076,2026-08-27,South,Accessories,26.35
ORD-017077,2026-08-27,South,Accessories,58.50
ORD-017078,2026-08-27,South,Software,169.55
ORD-017079,2026-08-27,South,Accessories,16.71
ORD-017080,2026-08-27,South,Services,388.80
ORD-017081,2026-08-27,South,Accessories,10.49
ORD-017082,2026-08-27,South,Accessories,32.81
ORD-017083,2026-08-27,South,Hardware,645.65
ORD-017084,2026-08-27,South,Accessories,78.46
ORD-017085,2026-08-27,South,Services,529.31
ORD-017086,2026-08-27,South,Accessories,37.07
ORD-017087,2026-08-27,South,Software,115.52
ORD-017088,2026-08-27,South,Software,135.82
ORD-017089,2026-08-27,South,Software,159.95
ORD-017090,2026-08-27,South,Services,844.12
ORD-017091,2026-08-27,South,Hardware,134.78
ORD-017092,2026-08-27,South,Hardware,397.92
ORD-017093,2026-08-27,South,Accessories,47.37
ORD-017094,2026-08-27,South,Services,420.00
ORD-017095,2026-08-27,South,Software,95.17
ORD-017096,2026-08-27,South,Services,190.00
ORD-017097,2026-08-28,North,Software,138.90
ORD-017098,2026-08-28,North,Hardware,141.78
ORD-017099,2026-08-28,North,Accessories,30.88
ORD-017100,2026-08-28,North,Services,1053.78
ORD-017101,2026-08-28,North,Services,1136.75
ORD-017102,2026-08-28,North,Software,67.54
ORD-017103,2026-08-28,North,Services,568.17
ORD-017104,2026-08-28,North,Accessories,60.87
ORD-017105,2026-08-28,North,,371.48
ORD-017106,2026-08-28,North,Hardware,410.46
ORD-017107,2026-08-28,North,Software,186.64
ORD-017108,2026-08-28,North,Hardware,820.11
ORD-017109,2026-08-28,North,Accessories,46.61
ORD-017110,2026-08-28,North,Services,587.72
ORD-017111,2026-08-28,North,Hardware,266.37
ORD-017112,2026-08-28,North,Services,372.80
ORD-017113,2026-08-28,North,Services,698.25
ORD-017114,2026-08-28,North,Services,379.16
ORD-017115,2026-08-28,North,Software,169.24
ORD-017116,2026-08-28,North,Services,265.32
ORD-017117,2026-08-28,North,Accessories,57.08
ORD-017118,2026-08-28,North,,305.49
ORD-017119,2026-08-28,North,Services,554.27
ORD-017120,2026-08-28,North,,1019.55
ORD-017121,2026-08-28,North,Accessories,63.73
ORD-017122,2026-08-28,North,Hardware,257.23
ORD-017123,2026-08-28,North,Accessories,35.71
ORD-017124,2026-08-28,North,Accessories,29.58
ORD-017125,2026-08-28,North,Services,75.16
ORD-017126,2026-08-28,North,Services,1073.86
ORD-017127,2026-08-28,North,Software,100.40
ORD-017128,2026-08-28,North,Services,241.28
ORD-017129,2026-08-28,North,Hardware,552.32
ORD-017130,2026-08-28,North,Hardware,332.52
ORD-017131,2026-08-28,North,Software,275.35
ORD-017132,2026-08-28,North,Accessories,20.82
ORD-017133,2026-08-28,North,Software,136.95
ORD-017134,2026-08-28,North,Hardware,255.66
ORD-017135,2026-08-28,North,Software,191.08
ORD-017136,2026-08-28,North,Software,130.47
ORD-017137,2026-08-28,North,Software,51.97
ORD-017138,2026-08-28,Central,Accessories,30.36
ORD-017139,2026-08-28,Central,Software,205.69
ORD-017140,2026-08-28,Central,Accessories,16.80
ORD-017141,2026-08-28,Central,Software,259.65
ORD-017142,2026-08-28,Central,Accessories,43.71
ORD-017143,2026-08-28,Central,Accessories,42.99
ORD-017144,2026-08-28,Central,Accessories,25.83
ORD-017145,2026-08-28,Central,Accessories,25.14
ORD-017146,2026-08-28,Central,Hardware,793.72
ORD-017147,2026-08-28,Central,Accessories,16.05
ORD-017148,2026-08-28,Central,Hardware,115.62
ORD-017149,2026-08-28,Central,Services,262.61
ORD-017150,2026-08-28,Central,Software,223.27
ORD-017151,2026-08-28,Central,Accessories,55.02
ORD-017152,2026-08-28,Central,Accessories,21.39
ORD-017153,2026-08-28,Central,Services,736.07
ORD-017154,2026-08-28,Central,Accessories,20.96
ORD-017155,2026-08-28,Central,Services,310.31
ORD-017156,2026-08-28,Central,Accessories,27.75
ORD-017157,2026-08-28,Central,Software,305.73
ORD-017158,2026-08-28,Central,Services,544.81
ORD-017159,2026-08-28,Central,Hardware,235.70
ORD-017160,2026-08-28,Central,Services,409.13
ORD-017161,2026-08-28,Central,Accessories,69.87
ORD-017162,2026-08-28,Central,Software,166.25
ORD-017163,2026-08-28,Central,Accessories,42.23
ORD-017164,2026-08-28,Central,Software,180.08
ORD-017165,2026-08-28,Central,Hardware,137.65
ORD-017166,2026-08-28,Central,Software,246.89
ORD-017167,2026-08-28,Central,Services,483.85
ORD-017168,2026-08-28,Central,Services,473.19
ORD-017169,2026-08-28,Central,Software,128.33
ORD-017170,2026-08-28,Central,Hardware,113.52
ORD-017171,2026-08-28,Central,Software,100.15
ORD-017172,2026-08-28,Central,Software,106.80
ORD-017173,2026-08-28,Central,Accessories,40.67
ORD-017174,2026-08-28,Central,Hardware,121.68
ORD-017175,2026-08-28,Central,Accessories,69.45
ORD-017176,2026-08-28,Central,Hardware,183.93
ORD-017177,2026-08-28,Central,Services,471.12
ORD-017178,2026-08-28,Central,Software,175.86
ORD-017179,2026-08-28,Central,Services,495.96
ORD-017180,2026-08-28,Central,Hardware,313.57
ORD-017181,2026-08-28,Central,Software,141.05
ORD-017182,2026-08-28,Central,Software,244.90
ORD-017183,2026-08-28,Central,Hardware,411.86
ORD-017184,2026-08-28,Central,Software,118.87
ORD-017185,2026-08-28,Central,Services,633.39
ORD-017186,2026-08-28,South,Services,1549.37
ORD-017187,2026-08-28,South,Accessories,21.89
ORD-017188,2026-08-28,South,Hardware,114.94
ORD-017189,2026-08-28,South,Software,148.37
ORD-017190,2026-08-28,South,Software,162.80
ORD-017191,2026-08-28,South,Software,238.90
ORD-017192,2026-08-28,South,Services,433.07
ORD-017193,2026-08-28,South,Hardware,278.16
ORD-017194,2026-08-28,South,Accessories,16.96
ORD-017195,2026-08-28,South,Services,340.51
ORD-017196,2026-08-28,South,Hardware,836.53
ORD-017197,2026-08-28,South,Hardware,396.16
ORD-017198,2026-08-28,South,Software,449.08
ORD-017199,2026-08-28,South,Software,116.99
ORD-017200,2026-08-28,South,Hardware,288.44
ORD-017201,2026-08-28,South,Accessories,26.07
ORD-017202,2026-08-28,South,Software,238.65
ORD-017203,2026-08-28,South,Services,490.10
ORD-017204,2026-08-28,South,Services,302.88
ORD-017205,2026-08-28,South,Software,272.41
ORD-017206,2026-08-28,South,Hardware,528.58
ORD-017207,2026-08-28,South,Accessories,84.96
ORD-017208,2026-08-28,South,Hardware,181.48
ORD-017209,2026-08-28,South,Hardware,171.89
ORD-017210,2026-08-28,South,Hardware,191.53
ORD-017211,2026-08-28,South,Software,534.15
ORD-017212,2026-08-28,South,Accessories,31.86
ORD-017213,2026-08-28,South,Hardware,186.68
ORD-017214,2026-08-28,South,Accessories,58.61
ORD-017215,2026-08-28,South,,76.34
ORD-017216,2026-08-28,South,Accessories,43.61
ORD-017217,2026-08-28,South,Services,270.78
ORD-017218,2026-08-28,South,Services,1226.78
ORD-017219,2026-08-29,North,Hardware,357.99
ORD-017220,2026-08-29,North,Services,691.92
ORD-017221,2026-08-29,North,Services,213.49
ORD-017222,2026-08-29,North,Accessories,18.25
ORD-017223,2026-08-29,North,Hardware,138.67
ORD-017224,2026-08-29,North,Software,200.99
ORD-017225,2026-08-29,North,Hardware,365.09
ORD-017226,2026-08-29,North,Services,385.03
ORD-017227,2026-08-29,North,Accessories,27.09
ORD-017228,2026-08-29,North,Software,334.87
ORD-017229,2026-08-29,North,Accessories,67.30
ORD-017230,2026-08-29,North,Hardware,480.35
ORD-017231,2026-08-29,North,Hardware,353.00
ORD-017232,2026-08-29,North,Software,395.54
ORD-017233,2026-08-29,North,Hardware,191.81
ORD-017234,2026-08-29,North,Hardware,129.99
ORD-017235,2026-08-29,North,Hardware,220.19
ORD-017236,2026-08-29,North,Accessories,40.66
ORD-017237,2026-08-29,North,Hardware,532.17
ORD-017238,2026-08-29,North,Hardware,406.05
ORD-017239,2026-08-29,North,Accessories,45.62
ORD-017240,2026-08-29,North,Hardware,266.58
ORD-017241,2026-08-29,North,Accessories,136.68
ORD-017242,2026-08-29,North,Services,1402.56
ORD-017243,2026-08-29,North,Hardware,123.72
ORD-017244,2026-08-29,North,Software,85.03
ORD-017245,2026-08-29,North,Services,537.80
ORD-017246,2026-08-29,North,Hardware,565.81
ORD-017247,2026-08-29,North,Hardware,348.05
ORD-017248,2026-08-29,North,Hardware,164.59
ORD-017249,2026-08-29,North,Software,108.58
ORD-017250,2026-08-29,North,Accessories,48.24
ORD-017251,2026-08-29,North,Software,111.72
ORD-017252,2026-08-29,North,Accessories,51.83
ORD-017253,2026-08-29,North,Software,151.26
ORD-017254,2026-08-29,North,Services,957.44
ORD-017255,2026-08-29,North,Software,180.03
ORD-017256,2026-08-29,North,Hardware,826.69
ORD-017257,2026-08-29,North,Hardware,439.83
ORD-017258,2026-08-29,North,Accessories,50.43
ORD-017259,2026-08-29,North,Software,131.10
ORD-017260,2026-08-29,North,Accessories,23.13
ORD-017261,2026-08-29,North,Accessories,20.37
ORD-017262,2026-08-29,North,Hardware,378.51
ORD-017263,2026-08-29,North,Accessories,22.15
ORD-017264,2026-08-29,North,Accessories,24.19
ORD-017265,2026-08-29,North,Accessories,34.14
ORD-017266,2026-08-29,North,Accessories,25.01
ORD-017267,2026-08-29,Central,Accessories,11.93
ORD-017268,2026-08-29,Central,Hardware,381.12
ORD-017269,2026-08-29,Central,Accessories,26.44
ORD-017270,2026-08-29,Central,Accessories,34.12
ORD-017271,2026-08-29,Central,Accessories,54.91
ORD-017272,2026-08-29,Central,Hardware,494.08
ORD-017273,2026-08-29,Central,Hardware,563.15
ORD-017274,2026-08-29,Central,Software,223.79
ORD-017275,2026-08-29,Central,Services,833.15
ORD-017276,2026-08-29,Central,Accessories,59.82
ORD-017277,2026-08-29,Central,Services,447.43
ORD-017278,2026-08-29,Central,Software,210.04
ORD-017279,2026-08-29,Central,Hardware,511.22
ORD-017280,2026-08-29,Central,Hardware,343.83
ORD-017281,2026-08-29,Central,Software,38.97
ORD-017282,2026-08-29,Central,Software,70.80
ORD-017283,2026-08-29,Central,Services,784.08
ORD-017284,2026-08-29,Central,Hardware,560.94
ORD-017285,2026-08-29,Central,Services,323.83
ORD-017286,2026-08-29,Central,Services,633.49
ORD-017287,2026-08-29,Central,Software,149.72
ORD-017288,2026-08-29,Central,Hardware,323.78
ORD-017289,2026-08-29,Central,Accessories,23.76
ORD-017290,2026-08-29,Central,Software,69.20
ORD-017291,2026-08-29,Central,Hardware,362.62
ORD-017292,2026-08-29,Central,Software,179.98
ORD-017293,2026-08-29,Central,Software,268.80
ORD-017294,2026-08-29,Central,Accessories,34.26
ORD-017295,2026-08-29,Central,,244.74
ORD-017296,2026-08-29,South,Accessories,35.62
ORD-017297,2026-08-29,South,Accessories,58.36
ORD-017298,2026-08-29,South,Hardware,269.53
ORD-017299,2026-08-29,South,Accessories,18.33
ORD-017300,2026-08-29,South,Software,95.63
ORD-017301,2026-08-29,South,Accessories,32.77
ORD-017302,2026-08-29,South,Software,239.70
ORD-017303,2026-08-29,South,Services,1586.62
ORD-017304,2026-08-29,South,Software,238.21
ORD-017305,2026-08-29,South,Hardware,597.24
ORD-017306,2026-08-29,South,Software,112.46
ORD-017307,2026-08-29,South,Accessories,23.68
ORD-017308,2026-08-29,South,Software,102.93
ORD-017309,2026-08-29,South,Accessories,33.15
ORD-017310,2026-08-29,South,Software,71.77
ORD-017311,2026-08-29,South,Accessories,115.94
ORD-017312,2026-08-29,South,Software,124.79
ORD-017313,2026-08-29,South,Accessories,154.26
ORD-017314,2026-08-29,South,Software,29.86
ORD-017315,2026-08-29,South,Accessories,216.05
ORD-017316,2026-08-29,South,Services,536.61
ORD-017317,2026-08-29,South,Hardware,190.06
ORD-017318,2026-08-30,North,Hardware,226.46
ORD-017319,2026-08-30,North,Services,681.60
ORD-017320,2026-08-30,North,Software,58.05
ORD-017321,2026-08-30,North,Accessories,65.94
ORD-017322,2026-08-30,North,Hardware,262.39
ORD-017323,2026-08-30,North,Services,486.80
ORD-017324,2026-08-30,North,Hardware,313.65
ORD-017325,2026-08-30,North,Services,484.21
ORD-017326,2026-08-30,North,Accessories,48.61
ORD-017327,2026-08-30,North,Hardware,314.14
ORD-017328,2026-08-30,North,Hardware,863.89
ORD-017329,2026-08-30,North,Software,59.46
ORD-017330,2026-08-30,North,Accessories,59.58
ORD-017331,2026-08-30,North,Accessories,53.66
ORD-017332,2026-08-30,North,Software,60.19
ORD-017333,2026-08-30,North,Accessories,42.04
ORD-017334,2026-08-30,North,Hardware,238.12
ORD-017335,2026-08-30,North,Accessories,58.80
ORD-017336,2026-08-30,North,Services,954.03
ORD-017337,2026-08-30,North,Software,109.37
ORD-017338,2026-08-30,North,Services,1075.33
ORD-017339,2026-08-30,North,Accessories,49.02
ORD-017340,2026-08-30,North,Accessories,60.86
ORD-017341,2026-08-30,North,Accessories,32.80
ORD-017342,2026-08-30,North,Services,424.02
ORD-017343,2026-08-30,North,Hardware,256.23
ORD-017344,2026-08-30,North,Software,76.18
ORD-017345,2026-08-30,North,Hardware,372.89
ORD-017346,2026-08-30,North,Services,820.24
ORD-017347,2026-08-30,North,Services,911.29
ORD-017348,2026-08-30,North,Services,768.26
ORD-017349,2026-08-30,North,Accessories,40.79
ORD-017350,2026-08-30,North,Accessories,38.20
ORD-017351,2026-08-30,North,Software,133.62
ORD-017352,2026-08-30,North,Accessories,40.68
ORD-017353,2026-08-30,North,Software,110.27
ORD-017354,2026-08-30,North,Services,1213.43
ORD-017355,2026-08-30,Central,Hardware,331.67
ORD-017356,2026-08-30,Central,Services,974.81
ORD-017357,2026-08-30,Central,Services,651.26
ORD-017358,2026-08-30,Central,Software,90.10
ORD-017359,2026-08-30,Central,Software,63.95
ORD-017360,2026-08-30,Central,Hardware,373.20
ORD-017361,2026-08-30,Central,Software,76.85
ORD-017362,2026-08-30,Central,Software,152.93
ORD-017363,2026-08-30,Central,Hardware,336.17
ORD-017364,2026-08-30,Central,Services,964.59
ORD-017365,2026-08-30,Central,Accessories,48.38
ORD-017366,2026-08-30,Central,Services,678.33
ORD-017367,2026-08-30,Central,Services,339.33
ORD-017368,2026-08-30,Central,Software,345.17
ORD-017369,2026-08-30,Central,Software,124.93
ORD-017370,2026-08-30,Central,Hardware,1085.28
ORD-017371,2026-08-30,Central,Software,178.92
ORD-017372,2026-08-30,Central,Services,534.49
ORD-017373,2026-08-30,Central,Software,190.97
ORD-017374,2026-08-30,Central,Accessories,14.41
ORD-017375,2026-08-30,Central,Accessories,48.60
ORD-017376,2026-08-30,Central,Software,120.53
ORD-017377,2026-08-30,South,Accessories,32.19
ORD-017378,2026-08-30,South,Accessories,104.08
ORD-017379,2026-08-30,South,Accessories,35.56
ORD-017380,2026-08-30,South,Software,87.89
ORD-017381,2026-08-30,South,Accessories,33.86
ORD-017382,2026-08-30,South,Services,427.53
ORD-017383,2026-08-30,South,Hardware,926.28
ORD-017384,2026-08-30,South,Accessories,14.93
ORD-017385,2026-08-30,South,Hardware,181.00
ORD-017386,2026-08-30,South,Hardware,531.12
ORD-017387,2026-08-30,South,Software,133.17
ORD-017388,2026-08-30,South,Accessories,19.01
ORD-017389,2026-08-30,South,Hardware,195.74
ORD-017390,2026-08-30,South,Software,311.23
ORD-017391,2026-08-30,South,Software,131.00
ORD-017392,2026-08-30,South,Hardware,489.83
ORD-017393,2026-08-30,South,Hardware,199.13
ORD-017394,2026-08-30,South,Software,142.89
ORD-017395,2026-08-30,South,Software,123.41
ORD-017396,2026-08-30,South,Accessories,52.52
ORD-017397,2026-08-31,North,,38.25
ORD-017398,2026-08-31,North,Services,414.44
ORD-017399,2026-08-31,North,Hardware,792.56
ORD-017400,2026-08-31,North,Software,242.82
ORD-017401,2026-08-31,North,Hardware,336.08
ORD-017402,2026-08-31,North,Hardware,174.14
ORD-017403,2026-08-31,North,Hardware,190.95
ORD-017404,2026-08-31,North,Accessories,33.06
ORD-017405,2026-08-31,North,Software,70.22
ORD-017406,2026-08-31,North,Hardware,249.57
ORD-017407,2026-08-31,North,Accessories,17.89
ORD-017408,2026-08-31,North,Accessories,25.70
ORD-017409,2026-08-31,North,Software,79.47
ORD-017410,2026-08-31,North,Software,255.70
ORD-017411,2026-08-31,North,Software,76.58
ORD-017412,2026-08-31,North,Accessories,29.83
ORD-017413,2026-08-31,North,Hardware,365.24
ORD-017414,2026-08-31,North,Hardware,358.03
ORD-017415,2026-08-31,North,Hardware,390.13
ORD-017416,2026-08-31,North,Accessories,35.87
ORD-017417,2026-08-31,North,Software,232.71
ORD-017418,2026-08-31,North,Software,101.29
ORD-017419,2026-08-31,North,Services,249.07
ORD-017420,2026-08-31,North,Software,60.37
ORD-017421,2026-08-31,North,Services,1058.90
ORD-017422,2026-08-31,North,Software,73.78
ORD-017423,2026-08-31,North,Services,633.20
ORD-017424,2026-08-31,North,Software,215.61
ORD-017425,2026-08-31,North,Hardware,585.16
ORD-017426,2026-08-31,North,Services,441.69
ORD-017427,2026-08-31,North,Services,2644.68
ORD-017428,2026-08-31,North,Accessories,8.48
ORD-017429,2026-08-31,North,Accessories,56.38
ORD-017430,2026-08-31,North,Software,308.39
ORD-017431,2026-08-31,North,Software,160.57
ORD-017432,2026-08-31,North,Accessories,21.73
ORD-017433,2026-08-31,North,Hardware,264.01
ORD-017434,2026-08-31,North,Accessories,26.26
ORD-017435,2026-08-31,North,Hardware,347.21
ORD-017436,2026-08-31,North,Services,520.29
ORD-017437,2026-08-31,North,Software,54.27
ORD-017438,2026-08-31,North,Services,388.87
ORD-017439,2026-08-31,North,Accessories,65.75
ORD-017440,2026-08-31,North,Services,542.69
ORD-017441,2026-08-31,North,Services,957.14
ORD-017442,2026-08-31,North,Hardware,383.45
ORD-017443,2026-08-31,North,Software,266.57
ORD-017444,2026-08-31,North,Hardware,449.91
ORD-017445,2026-08-31,North,Accessories,39.86
ORD-017446,2026-08-31,North,Software,82.21
ORD-017447,2026-08-31,North,Hardware,894.11
ORD-017448,2026-08-31,North,Hardware,127.49
ORD-017449,2026-08-31,Central,Hardware,259.84
ORD-017450,2026-08-31,Central,Software,128.57
ORD-017451,2026-08-31,Central,Hardware,223.13
ORD-017452,2026-08-31,Central,Hardware,454.00
ORD-017453,2026-08-31,Central,Software,116.53
ORD-017454,2026-08-31,Central,Software,209.80
ORD-017455,2026-08-31,Central,Services,476.18
ORD-017456,2026-08-31,Central,Services,498.49
ORD-017457,2026-08-31,Central,Accessories,25.90
ORD-017458,2026-08-31,Central,Software,162.82
ORD-017459,2026-08-31,Central,Software,117.66
ORD-017460,2026-08-31,Central,Software,149.78
ORD-017461,2026-08-31,Central,Software,402.95
ORD-017462,2026-08-31,Central,Accessories,25.96
ORD-017463,2026-08-31,Central,Accessories,23.57
ORD-017464,2026-08-31,Central,Accessories,46.02
ORD-017465,2026-08-31,Central,Accessories,35.52
ORD-017466,2026-08-31,Central,Accessories,27.73
ORD-017467,2026-08-31,Central,Accessories,64.10
ORD-017468,2026-08-31,Central,Software,130.24
ORD-017469,2026-08-31,Central,Software,254.18
ORD-017470,2026-08-31,Central,Hardware,358.60
ORD-017471,2026-08-31,Central,Software,386.80
ORD-017472,2026-08-31,Central,Services,204.49
ORD-017473,2026-08-31,Central,Hardware,296.54
ORD-017474,2026-08-31,Central,Hardware,188.59
ORD-017475,2026-08-31,Central,Hardware,132.99
ORD-017476,2026-08-31,Central,Hardware,221.87
ORD-017477,2026-08-31,Central,Hardware,402.77
ORD-017478,2026-08-31,Central,Services,629.10
ORD-017479,2026-08-31,Central,Services,295.11
ORD-017480,2026-08-31,Central,Hardware,251.25
ORD-017481,2026-08-31,Central,Hardware,386.52
ORD-017482,2026-08-31,Central,Software,62.54
ORD-017483,2026-08-31,Central,Services,218.17
ORD-017484,2026-08-31,Central,Services,771.82
ORD-017485,2026-08-31,Central,Services,812.72
ORD-017486,2026-08-31,Central,Services,429.68
ORD-017487,2026-08-31,Central,Accessories,31.46
ORD-017488,2026-08-31,Central,Accessories,33.59
ORD-017489,2026-08-31,Central,Hardware,240.12
ORD-017490,2026-08-31,Central,Hardware,378.90
ORD-017491,2026-08-31,Central,Services,1025.31
ORD-017492,2026-08-31,Central,Software,65.35
ORD-017493,2026-08-31,Central,Services,500.34
ORD-017494,2026-08-31,Central,Accessories,23.63
ORD-017495,2026-08-31,Central,Hardware,687.77
ORD-017496,2026-08-31,Central,Software,154.34
ORD-017497,2026-08-31,South,Hardware,120.66
ORD-017498,2026-08-31,South,Accessories,51.15
ORD-017499,2026-08-31,South,Accessories,30.61
ORD-017500,2026-08-31,South,Software,199.58
ORD-017501,2026-08-31,South,Services,621.47
ORD-017502,2026-08-31,South,Services,498.43
ORD-017503,2026-08-31,South,Hardware,174.65
ORD-017504,2026-08-31,South,Hardware,518.19
ORD-017505,2026-08-31,South,Hardware,273.64
ORD-017506,2026-08-31,South,Software,91.96
ORD-017507,2026-08-31,South,Services,825.13
ORD-017508,2026-08-31,South,Hardware,123.04
ORD-017509,2026-08-31,South,Accessories,11.28
ORD-017510,2026-08-31,South,Accessories,74.28
ORD-017511,2026-08-31,South,Hardware,332.59
ORD-017512,2026-08-31,South,Services,744.90
ORD-017513,2026-08-31,South,Software,152.05
ORD-017514,2026-08-31,South,Hardware,524.52
ORD-017515,2026-08-31,South,Hardware,279.38
ORD-017516,2026-08-31,South,Accessories,46.71
ORD-017517,2026-08-31,South,Services,715.79
ORD-017518,2026-08-31,South,Accessories,71.21
ORD-017519,2026-08-31,South,Hardware,140.73
ORD-017520,2026-08-31,South,Software,161.56
ORD-017521,2026-08-31,South,Hardware,120.08
ORD-017522,2026-08-31,South,Accessories,28.65
ORD-017523,2026-08-31,South,Accessories,23.92
ORD-017524,2026-08-31,South,Hardware,462.46
ORD-017525,2026-08-31,South,Hardware,400.10
ORD-017526,2026-09-01,North,Accessories,26.80
ORD-017527,2026-09-01,North,Software,103.71
ORD-017528,2026-09-01,North,Hardware,846.66
ORD-017529,2026-09-01,North,Software,286.53
ORD-017530,2026-09-01,North,Services,820.93
ORD-017531,2026-09-01,North,Accessories,19.83
ORD-017532,2026-09-01,North,,328.81
ORD-017533,2026-09-01,North,,238.03
ORD-017534,2026-09-01,North,Accessories,18.98
ORD-017535,2026-09-01,North,Services,363.54
ORD-017536,2026-09-01,North,Software,81.57
ORD-017537,2026-09-01,North,Software,88.67
ORD-017538,2026-09-01,North,Hardware,380.04
ORD-017539,2026-09-01,North,Hardware,222.65
ORD-017540,2026-09-01,North,Services,391.98
ORD-017541,2026-09-01,North,Software,199.98
ORD-017542,2026-09-01,North,Hardware,360.04
ORD-017543,2026-09-01,North,Accessories,33.89
ORD-017544,2026-09-01,North,Software,168.32
ORD-017545,2026-09-01,North,Hardware,196.30
ORD-017546,2026-09-01,North,Accessories,116.67
ORD-017547,2026-09-01,North,,331.42
ORD-017548,2026-09-01,North,Accessories,42.31
ORD-017549,2026-09-01,North,Accessories,55.12
ORD-017550,2026-09-01,North,Services,827.83
ORD-017551,2026-09-01,North,Software,80.53
ORD-017552,2026-09-01,North,Services,280.93
ORD-017553,2026-09-01,North,Hardware,373.62
ORD-017554,2026-09-01,North,,765.50
ORD-017555,2026-09-01,North,,162.16
ORD-017556,2026-09-01,North,Accessories,26.11
ORD-017557,2026-09-01,North,Hardware,198.69
ORD-017558,2026-09-01,North,Software,263.23
ORD-017559,2026-09-01,North,Services,760.75
ORD-017560,2026-09-01,North,Accessories,20.14
ORD-017561,2026-09-01,North,Accessories,25.39
ORD-017562,2026-09-01,Central,Software,223.11
ORD-017563,2026-09-01,Central,Hardware,887.80
ORD-017564,2026-09-01,Central,Accessories,61.08
ORD-017565,2026-09-01,Central,Accessories,28.18
ORD-017566,2026-09-01,Central,,174.25
ORD-017567,2026-09-01,Central,Hardware,223.89
ORD-017568,2026-09-01,Central,Software,190.70
ORD-017569,2026-09-01,Central,Software,161.83
ORD-017570,2026-09-01,Central,Accessories,23.10
ORD-017571,2026-09-01,Central,Hardware,118.91
ORD-017572,2026-09-01,Central,Hardware,440.36
ORD-017573,2026-09-01,Central,Hardware,102.03
ORD-017574,2026-09-01,Central,Software,70.89
ORD-017575,2026-09-01,Central,Accessories,79.64
ORD-017576,2026-09-01,Central,Accessories,37.02
ORD-017577,2026-09-01,Central,Software,53.49
ORD-017578,2026-09-01,Central,Hardware,494.32
ORD-017579,2026-09-01,Central,Services,703.16
ORD-017580,2026-09-01,Central,Services,310.58
ORD-017581,2026-09-01,Central,Accessories,67.95
ORD-017582,2026-09-01,Central,Services,202.04
ORD-017583,2026-09-01,Central,Hardware,259.31
ORD-017584,2026-09-01,Central,Hardware,413.05
ORD-017585,2026-09-01,Central,Hardware,126.92
ORD-017586,2026-09-01,Central,Hardware,118.58
ORD-017587,2026-09-01,Central,Hardware,349.45
ORD-017588,2026-09-01,Central,Services,733.26
ORD-017589,2026-09-01,Central,Hardware,213.16
ORD-017590,2026-09-01,Central,Hardware,544.31
ORD-017591,2026-09-01,Central,Software,54.51
ORD-017592,2026-09-01,Central,Accessories,19.11
ORD-017593,2026-09-01,Central,Software,210.45
ORD-017594,2026-09-01,Central,Hardware,546.95
ORD-017595,2026-09-01,Central,Services,277.28
ORD-017596,2026-09-01,Central,Accessories,24.02
ORD-017597,2026-09-01,Central,Software,344.65
ORD-017598,2026-09-01,Central,Hardware,263.94
ORD-017599,2026-09-01,Central,Hardware,166.15
ORD-017600,2026-09-01,Central,Software,50.60
ORD-017601,2026-09-01,Central,Accessories,31.57
ORD-017602,2026-09-01,Central,Hardware,176.74
ORD-017603,2026-09-01,Central,Software,105.62
ORD-017604,2026-09-01,South,Hardware,190.09
ORD-017605,2026-09-01,South,Services,472.99
ORD-017606,2026-09-01,South,Accessories,13.11
ORD-017607,2026-09-01,South,Hardware,398.75
ORD-017608,2026-09-01,South,Services,829.38
ORD-017609,2026-09-01,South,Hardware,240.10
ORD-017610,2026-09-01,South,Services,963.73
ORD-017611,2026-09-01,South,Services,125.02
ORD-017612,2026-09-01,South,Hardware,574.60
ORD-017613,2026-09-01,South,,58.04
ORD-017614,2026-09-01,South,Services,788.63
ORD-017615,2026-09-01,South,Services,449.40
ORD-017616,2026-09-01,South,Software,248.44
ORD-017617,2026-09-01,South,Hardware,224.96
ORD-017618,2026-09-01,South,Hardware,548.50
ORD-017619,2026-09-01,South,Accessories,46.12
ORD-017620,2026-09-01,South,Accessories,39.33
ORD-017621,2026-09-01,South,Services,1392.38
ORD-017622,2026-09-01,South,Services,348.77
ORD-017623,2026-09-01,South,Accessories,32.27
ORD-017624,2026-09-01,South,Accessories,52.37
ORD-017625,2026-09-01,South,Software,255.24
ORD-017626,2026-09-01,South,Hardware,114.69
ORD-017627,2026-09-01,South,Hardware,459.69
ORD-017628,2026-09-01,South,Software,196.05
ORD-017629,2026-09-01,South,Services,1056.96
ORD-017630,2026-09-01,South,Hardware,314.38
ORD-017631,2026-09-01,South,Hardware,890.98
ORD-017632,2026-09-01,South,Accessories,20.98
ORD-017633,2026-09-01,South,Hardware,597.24
ORD-017634,2026-09-01,South,Hardware,270.97
ORD-017635,2026-09-01,South,Accessories,14.04
ORD-017636,2026-09-01,South,Hardware,391.36
ORD-017637,2026-09-02,North,Software,47.45
ORD-017638,2026-09-02,North,Hardware,518.63
ORD-017639,2026-09-02,North,Accessories,64.08
ORD-017640,2026-09-02,North,Hardware,221.90
ORD-017641,2026-09-02,North,Hardware,398.75
ORD-017642,2026-09-02,North,Accessories,36.53
ORD-017643,2026-09-02,North,Software,192.86
ORD-017644,2026-09-02,North,Software,106.53
ORD-017645,2026-09-02,North,Hardware,132.75
ORD-017646,2026-09-02,North,,15.87
ORD-017647,2026-09-02,North,Accessories,31.10
ORD-017648,2026-09-02,North,,328.74
ORD-017649,2026-09-02,North,Accessories,30.79
ORD-017650,2026-09-02,North,Accessories,29.07
ORD-017651,2026-09-02,North,Software,260.13
ORD-017652,2026-09-02,North,Software,137.18
ORD-017653,2026-09-02,North,Services,996.88
ORD-017654,2026-09-02,North,,306.67
ORD-017655,2026-09-02,North,Services,786.90
ORD-017656,2026-09-02,North,Services,269.98
ORD-017657,2026-09-02,North,Accessories,49.55
ORD-017658,2026-09-02,North,Hardware,799.80
ORD-017659,2026-09-02,North,Software,310.62
ORD-017660,2026-09-02,North,Hardware,477.98
ORD-017661,2026-09-02,North,Services,1008.95
ORD-017662,2026-09-02,North,Hardware,447.11
ORD-017663,2026-09-02,North,Accessories,19.31
ORD-017664,2026-09-02,North,Accessories,31.26
ORD-017665,2026-09-02,North,Services,559.70
ORD-017666,2026-09-02,North,Accessories,37.87
ORD-017667,2026-09-02,North,Software,134.69
ORD-017668,2026-09-02,North,Accessories,45.67
ORD-017669,2026-09-02,North,Hardware,261.42
ORD-017670,2026-09-02,North,Accessories,36.23
ORD-017671,2026-09-02,North,Hardware,195.40
ORD-017672,2026-09-02,North,Hardware,240.20
ORD-017673,2026-09-02,North,Accessories,96.93
ORD-017674,2026-09-02,North,,182.51
ORD-017675,2026-09-02,Central,Software,151.43
ORD-017676,2026-09-02,Central,Software,201.23
ORD-017677,2026-09-02,Central,Accessories,45.34
ORD-017678,2026-09-02,Central,Software,62.92
ORD-017679,2026-09-02,Central,Services,237.96
ORD-017680,2026-09-02,Central,Hardware,278.29
ORD-017681,2026-09-02,Central,Services,824.86
ORD-017682,2026-09-02,Central,Hardware,457.70
ORD-017683,2026-09-02,Central,Software,387.07
ORD-017684,2026-09-02,Central,Services,735.29
ORD-017685,2026-09-02,Central,Software,205.93
ORD-017686,2026-09-02,Central,Accessories,72.68
ORD-017687,2026-09-02,Central,Software,96.46
ORD-017688,2026-09-02,Central,Software,48.03
ORD-017689,2026-09-02,Central,Hardware,349.68
ORD-017690,2026-09-02,Central,Software,101.14
ORD-017691,2026-09-02,Central,Hardware,601.77
ORD-017692,2026-09-02,Central,Hardware,490.24
ORD-017693,2026-09-02,Central,Hardware,495.22
ORD-017694,2026-09-02,Central,Software,280.56
ORD-017695,2026-09-02,Central,Accessories,21.03
ORD-017696,2026-09-02,Central,Software,129.96
ORD-017697,2026-09-02,Central,Software,93.46
ORD-017698,2026-09-02,Central,Hardware,91.39
ORD-017699,2026-09-02,Central,Services,610.18
ORD-017700,2026-09-02,Central,Accessories,14.21
ORD-017701,2026-09-02,Central,Hardware,1593.84
ORD-017702,2026-09-02,Central,Accessories,24.58
ORD-017703,2026-09-02,Central,Accessories,50.73
ORD-017704,2026-09-02,Central,Accessories,53.36
ORD-017705,2026-09-02,Central,,62.03
ORD-017706,2026-09-02,Central,Accessories,28.59
ORD-017707,2026-09-02,Central,Hardware,372.44
ORD-017708,2026-09-02,Central,Hardware,447.45
ORD-017709,2026-09-02,Central,Software,107.57
ORD-017710,2026-09-02,Central,Software,76.60
ORD-017711,2026-09-02,Central,Hardware,257.35
ORD-017712,2026-09-02,Central,Services,506.36
ORD-017713,2026-09-02,Central,Accessories,54.53
ORD-017714,2026-09-02,Central,Hardware,413.15
ORD-017715,2026-09-02,Central,Software,236.84
ORD-017716,2026-09-02,Central,Services,834.34
ORD-017717,2026-09-02,Central,Accessories,15.87
ORD-017718,2026-09-02,Central,Services,238.43
ORD-017719,2026-09-02,Central,Software,100.93
ORD-017720,2026-09-02,Central,Accessories,17.22
ORD-017721,2026-09-02,Central,Hardware,335.94
ORD-017722,2026-09-02,Central,Accessories,64.64
ORD-017723,2026-09-02,Central,Services,584.03
ORD-017724,2026-09-02,Central,Software,169.86
ORD-017725,2026-09-02,Central,Software,51.39
ORD-017726,2026-09-02,Central,Hardware,235.03
ORD-017727,2026-09-02,South,Accessories,76.17
ORD-017728,2026-09-02,South,Software,123.90
ORD-017729,2026-09-02,South,Services,1118.88
ORD-017730,2026-09-02,South,Software,58.35
ORD-017731,2026-09-02,South,Hardware,454.32
ORD-017732,2026-09-02,South,Hardware,550.22
ORD-017733,2026-09-02,South,Software,341.43
ORD-017734,2026-09-02,South,Accessories,27.57
ORD-017735,2026-09-02,South,Hardware,398.10
ORD-017736,2026-09-02,South,Software,83.90
ORD-017737,2026-09-02,South,Services,836.23
ORD-017738,2026-09-02,South,Accessories,43.21
ORD-017739,2026-09-02,South,Hardware,271.93
ORD-017740,2026-09-02,South,Hardware,239.30
ORD-017741,2026-09-02,South,Software,144.31
ORD-017742,2026-09-02,South,Services,743.41
ORD-017743,2026-09-02,South,Software,222.27
ORD-017744,2026-09-02,South,Hardware,399.73
ORD-017745,2026-09-02,South,Hardware,326.93
ORD-017746,2026-09-02,South,Hardware,273.37
ORD-017747,2026-09-02,South,Software,63.49
ORD-017748,2026-09-02,South,Software,79.65
ORD-017749,2026-09-02,South,Hardware,117.66
ORD-017750,2026-09-02,South,Services,406.84
ORD-017751,2026-09-02,South,Software,223.32
ORD-017752,2026-09-02,South,Services,1044.88
ORD-017753,2026-09-02,South,Hardware,354.56
ORD-017754,2026-09-02,South,Accessories,32.24
ORD-017755,2026-09-02,South,Accessories,29.01
ORD-017756,2026-09-02,South,Hardware,283.51
ORD-017757,2026-09-02,South,Hardware,699.60
ORD-017758,2026-09-03,North,Services,499.53
ORD-017759,2026-09-03,North,Hardware,192.87
ORD-017760,2026-09-03,North,Accessories,20.08
ORD-017761,2026-09-03,North,Hardware,254.05
ORD-017762,2026-09-03,North,Hardware,410.02
ORD-017763,2026-09-03,North,Accessories,90.53
ORD-017764,2026-09-03,North,Services,1085.80
ORD-017765,2026-09-03,North,Accessories,99.04
ORD-017766,2026-09-03,North,Hardware,465.19
ORD-017767,2026-09-03,North,Software,249.02
ORD-017768,2026-09-03,North,,59.13
ORD-017769,2026-09-03,North,Software,144.31
ORD-017770,2026-09-03,North,Services,298.24
ORD-017771,2026-09-03,North,Accessories,11.69
ORD-017772,2026-09-03,North,Software,269.32
ORD-017773,2026-09-03,North,,179.15
ORD-017774,2026-09-03,North,Services,620.10
ORD-017775,2026-09-03,North,,708.92
ORD-017776,2026-09-03,North,Accessories,21.29
ORD-017777,2026-09-03,North,Software,130.21
ORD-017778,2026-09-03,North,Hardware,259.64
ORD-017779,2026-09-03,North,Software,33.24
ORD-017780,2026-09-03,North,Hardware,322.37
ORD-017781,2026-09-03,North,Services,157.99
ORD-017782,2026-09-03,North,Software,129.55
ORD-017783,2026-09-03,North,,590.45
ORD-017784,2026-09-03,North,Accessories,14.36
ORD-017785,2026-09-03,North,Software,257.12
ORD-017786,2026-09-03,North,Accessories,92.69
ORD-017787,2026-09-03,North,Hardware,131.21
ORD-017788,2026-09-03,North,Services,533.49
ORD-017789,2026-09-03,North,,346.29
ORD-017790,2026-09-03,North,Hardware,539.40
ORD-017791,2026-09-03,North,,25.46
ORD-017792,2026-09-03,North,Software,69.80
ORD-017793,2026-09-03,North,Software,76.13
ORD-017794,2026-09-03,North,Software,210.64
ORD-017795,2026-09-03,North,Services,461.42
ORD-017796,2026-09-03,Central,Software,48.57
ORD-017797,2026-09-03,Central,Hardware,377.38
ORD-017798,2026-09-03,Central,Hardware,250.40
ORD-017799,2026-09-03,Central,Accessories,32.68
ORD-017800,2026-09-03,Central,Software,98.05
ORD-017801,2026-09-03,Central,Hardware,285.17
ORD-017802,2026-09-03,Central,Accessories,125.80
ORD-017803,2026-09-03,Central,Software,132.60
ORD-017804,2026-09-03,Central,Software,88.05
ORD-017805,2026-09-03,Central,Accessories,27.72
ORD-017806,2026-09-03,Central,Accessories,66.29
ORD-017807,2026-09-03,Central,Hardware,170.96
ORD-017808,2026-09-03,Central,Hardware,513.25
ORD-017809,2026-09-03,Central,Services,1154.29
ORD-017810,2026-09-03,Central,Accessories,72.95
ORD-017811,2026-09-03,Central,Services,697.77
ORD-017812,2026-09-03,Central,Hardware,466.25
ORD-017813,2026-09-03,Central,Accessories,35.28
ORD-017814,2026-09-03,Central,Accessories,51.75
ORD-017815,2026-09-03,Central,Accessories,23.79
ORD-017816,2026-09-03,Central,Software,59.46
ORD-017817,2026-09-03,Central,Services,376.13
ORD-017818,2026-09-03,Central,Services,489.85
ORD-017819,2026-09-03,Central,Software,460.83
ORD-017820,2026-09-03,Central,Hardware,219.99
ORD-017821,2026-09-03,Central,Hardware,139.99
ORD-017822,2026-09-03,Central,Accessories,59.53
ORD-017823,2026-09-03,Central,Accessories,12.53
ORD-017824,2026-09-03,Central,Accessories,51.24
ORD-017825,2026-09-03,Central,Accessories,54.90
ORD-017826,2026-09-03,Central,Accessories,44.26
ORD-017827,2026-09-03,Central,Accessories,9.83
ORD-017828,2026-09-03,Central,Accessories,48.43
ORD-017829,2026-09-03,Central,Hardware,604.02
ORD-017830,2026-09-03,Central,Accessories,51.09
ORD-017831,2026-09-03,Central,Hardware,272.15
ORD-017832,2026-09-03,Central,Hardware,949.73
ORD-017833,2026-09-03,Central,Software,267.92
ORD-017834,2026-09-03,Central,Hardware,211.70
ORD-017835,2026-09-03,Central,Accessories,104.72
ORD-017836,2026-09-03,Central,Hardware,141.64
ORD-017837,2026-09-03,Central,Services,294.70
ORD-017838,2026-09-03,Central,Accessories,35.18
ORD-017839,2026-09-03,Central,Software,257.82
ORD-017840,2026-09-03,Central,Software,49.33
ORD-017841,2026-09-03,Central,Hardware,366.93
ORD-017842,2026-09-03,Central,Software,136.87
ORD-017843,2026-09-03,Central,Software,240.14
ORD-017844,2026-09-03,Central,Services,314.01
ORD-017845,2026-09-03,South,Services,576.51
ORD-017846,2026-09-03,South,Services,517.27
ORD-017847,2026-09-03,South,Hardware,512.90
ORD-017848,2026-09-03,South,Software,41.96
ORD-017849,2026-09-03,South,Hardware,115.10
ORD-017850,2026-09-03,South,Services,484.17
ORD-017851,2026-09-03,South,Hardware,330.89
ORD-017852,2026-09-03,South,Services,374.95
ORD-017853,2026-09-03,South,Services,485.44
ORD-017854,2026-09-03,South,Accessories,56.08
ORD-017855,2026-09-03,South,Software,198.19
ORD-017856,2026-09-03,South,Accessories,35.19
ORD-017857,2026-09-03,South,Accessories,17.59
ORD-017858,2026-09-03,South,Software,111.73
ORD-017859,2026-09-03,South,Software,327.25
ORD-017860,2026-09-03,South,Software,292.84
ORD-017861,2026-09-03,South,Hardware,155.56
ORD-017862,2026-09-03,South,Services,528.38
ORD-017863,2026-09-03,South,Software,111.20
ORD-017864,2026-09-03,South,Accessories,34.78
ORD-017865,2026-09-03,South,Software,49.91
ORD-017866,2026-09-03,South,Software,165.59
ORD-017867,2026-09-03,South,Accessories,34.07
ORD-017868,2026-09-03,South,Hardware,289.60
ORD-017869,2026-09-03,South,Hardware,175.69
ORD-017870,2026-09-03,South,Hardware,466.83
ORD-017871,2026-09-03,South,Software,91.38
ORD-017872,2026-09-03,South,Software,57.43
ORD-017873,2026-09-04,North,Accessories,26.81
ORD-017874,2026-09-04,North,Services,797.70
ORD-017875,2026-09-04,North,Software,49.64
ORD-017876,2026-09-04,North,Software,41.64
ORD-017877,2026-09-04,North,Services,525.93
ORD-017878,2026-09-04,North,Software,239.08
ORD-017879,2026-09-04,North,Accessories,41.39
ORD-017880,2026-09-04,North,Accessories,63.18
ORD-017881,2026-09-04,North,Accessories,70.76
ORD-017882,2026-09-04,North,Services,172.21
ORD-017883,2026-09-04,North,Software,139.50
ORD-017884,2026-09-04,North,Accessories,47.25
ORD-017885,2026-09-04,North,Hardware,131.16
ORD-017886,2026-09-04,North,Accessories,19.18
ORD-017887,2026-09-04,North,Accessories,34.04
ORD-017888,2026-09-04,North,Hardware,164.17
ORD-017889,2026-09-04,North,Software,141.56
ORD-017890,2026-09-04,North,Accessories,22.05
ORD-017891,2026-09-04,North,Accessories,27.43
ORD-017892,2026-09-04,North,,235.18
ORD-017893,2026-09-04,North,Hardware,943.79
ORD-017894,2026-09-04,North,Services,523.29
ORD-017895,2026-09-04,North,Hardware,700.85
ORD-017896,2026-09-04,North,Services,562.14
ORD-017897,2026-09-04,North,Hardware,199.65
ORD-017898,2026-09-04,North,,492.45
ORD-017899,2026-09-04,North,Services,602.86
ORD-017900,2026-09-04,North,Software,109.04
ORD-017901,2026-09-04,North,Accessories,56.35
ORD-017902,2026-09-04,North,Hardware,410.07
ORD-017903,2026-09-04,North,,44.92
ORD-017904,2026-09-04,North,Services,432.82
ORD-017905,2026-09-04,North,Services,563.13
ORD-017906,2026-09-04,North,Software,78.12
ORD-017907,2026-09-04,North,Accessories,48.14
ORD-017908,2026-09-04,North,Accessories,74.59
ORD-017909,2026-09-04,North,Software,304.32
ORD-017910,2026-09-04,North,Accessories,55.15
ORD-017911,2026-09-04,Central,Services,504.80
ORD-017912,2026-09-04,Central,Services,161.86
ORD-017913,2026-09-04,Central,Software,109.72
ORD-017914,2026-09-04,Central,Services,381.19
ORD-017915,2026-09-04,Central,Services,456.39
ORD-017916,2026-09-04,Central,Accessories,15.76
ORD-017917,2026-09-04,Central,Software,466.35
ORD-017918,2026-09-04,Central,Hardware,990.64
ORD-017919,2026-09-04,Central,Hardware,234.86
ORD-017920,2026-09-04,Central,Hardware,111.78
ORD-017921,2026-09-04,Central,Hardware,216.77
ORD-017922,2026-09-04,Central,Hardware,551.99
ORD-017923,2026-09-04,Central,Hardware,478.11
ORD-017924,2026-09-04,Central,Accessories,54.21
ORD-017925,2026-09-04,Central,Hardware,520.68
ORD-017926,2026-09-04,Central,Hardware,263.15
ORD-017927,2026-09-04,Central,Accessories,25.99
ORD-017928,2026-09-04,Central,Services,606.28
ORD-017929,2026-09-04,Central,Software,226.33
ORD-017930,2026-09-04,Central,Accessories,20.22
ORD-017931,2026-09-04,Central,Services,576.09
ORD-017932,2026-09-04,Central,,300.07
ORD-017933,2026-09-04,Central,Hardware,167.57
ORD-017934,2026-09-04,Central,Software,108.01
ORD-017935,2026-09-04,Central,Services,883.47
ORD-017936,2026-09-04,Central,Hardware,229.05
ORD-017937,2026-09-04,Central,Hardware,264.26
ORD-017938,2026-09-04,Central,Hardware,497.78
ORD-017939,2026-09-04,Central,Hardware,320.63
ORD-017940,2026-09-04,Central,Software,187.51
ORD-017941,2026-09-04,Central,Accessories,30.57
ORD-017942,2026-09-04,Central,Services,650.60
ORD-017943,2026-09-04,Central,Software,127.10
ORD-017944,2026-09-04,Central,Services,375.57
ORD-017945,2026-09-04,Central,,340.43
ORD-017946,2026-09-04,Central,Hardware,395.94
ORD-017947,2026-09-04,Central,Accessories,14.54
ORD-017948,2026-09-04,Central,Hardware,347.55
ORD-017949,2026-09-04,Central,Hardware,418.68
ORD-017950,2026-09-04,Central,Accessories,39.49
ORD-017951,2026-09-04,Central,Software,77.65
ORD-017952,2026-09-04,Central,Accessories,30.99
ORD-017953,2026-09-04,Central,Services,397.28
ORD-017954,2026-09-04,Central,Services,548.65
ORD-017955,2026-09-04,Central,Accessories,74.40
ORD-017956,2026-09-04,Central,Accessories,42.56
ORD-017957,2026-09-04,Central,Accessories,26.80
ORD-017958,2026-09-04,Central,Hardware,459.14
ORD-017959,2026-09-04,Central,Services,337.87
ORD-017960,2026-09-04,Central,,558.18
ORD-017961,2026-09-04,Central,Software,65.34
ORD-017962,2026-09-04,Central,Hardware,294.93
ORD-017963,2026-09-04,Central,Software,89.24
ORD-017964,2026-09-04,Central,Software,348.65
ORD-017965,2026-09-04,Central,Services,212.44
ORD-017966,2026-09-04,Central,,54.81
ORD-017967,2026-09-04,Central,Software,128.46
ORD-017968,2026-09-04,Central,Hardware,491.84
ORD-017969,2026-09-04,Central,Hardware,123.86
ORD-017970,2026-09-04,Central,Hardware,88.23
ORD-017971,2026-09-04,Central,Hardware,578.95
ORD-017972,2026-09-04,South,Accessories,76.68
ORD-017973,2026-09-04,South,Hardware,378.55
ORD-017974,2026-09-04,South,Hardware,1003.05
ORD-017975,2026-09-04,South,Accessories,37.19
ORD-017976,2026-09-04,South,Accessories,26.18
ORD-017977,2026-09-04,South,Services,297.87
ORD-017978,2026-09-04,South,Hardware,411.59
ORD-017979,2026-09-04,South,Hardware,313.62
ORD-017980,2026-09-04,South,Hardware,478.90
ORD-017981,2026-09-04,South,Software,59.34
ORD-017982,2026-09-04,South,Accessories,16.69
ORD-017983,2026-09-04,South,Services,614.90
ORD-017984,2026-09-04,South,Hardware,321.81
ORD-017985,2026-09-04,South,Software,271.44
ORD-017986,2026-09-04,South,Hardware,541.51
ORD-017987,2026-09-04,South,Software,207.46
ORD-017988,2026-09-04,South,Hardware,444.36
ORD-017989,2026-09-04,South,Accessories,26.13
ORD-017990,2026-09-04,South,Software,231.66
ORD-017991,2026-09-04,South,Software,89.51
ORD-017992,2026-09-04,South,Hardware,381.08
ORD-017993,2026-09-04,South,Hardware,847.23
ORD-017994,2026-09-04,South,Hardware,471.93
ORD-017995,2026-09-04,South,Software,103.17
ORD-017996,2026-09-05,North,Accessories,57.78
ORD-017997,2026-09-05,North,Accessories,55.05
ORD-017998,2026-09-05,North,,31.08
ORD-017999,2026-09-05,North,Software,150.58
ORD-018000,2026-09-05,North,Software,211.13
ORD-018001,2026-09-05,North,Hardware,468.77
ORD-018002,2026-09-05,North,Software,155.18
ORD-018003,2026-09-05,North,Hardware,262.19
ORD-018004,2026-09-05,North,,345.75
ORD-018005,2026-09-05,North,Accessories,70.09
ORD-018006,2026-09-05,North,Accessories,20.95
ORD-018007,2026-09-05,North,,70.01
ORD-018008,2026-09-05,North,Hardware,1189.17
ORD-018009,2026-09-05,North,Hardware,238.92
ORD-018010,2026-09-05,North,Accessories,49.69
ORD-018011,2026-09-05,North,Accessories,36.56
ORD-018012,2026-09-05,North,Software,70.13
ORD-018013,2026-09-05,North,Services,272.66
ORD-018014,2026-09-05,North,Accessories,19.17
ORD-018015,2026-09-05,North,,344.04
ORD-018016,2026-09-05,North,Services,475.46
ORD-018017,2026-09-05,North,Accessories,36.66
ORD-018018,2026-09-05,North,Software,91.61
ORD-018019,2026-09-05,North,Hardware,139.68
ORD-018020,2026-09-05,North,Accessories,42.68
ORD-018021,2026-09-05,North,Hardware,222.24
ORD-018022,2026-09-05,North,Software,116.91
ORD-018023,2026-09-05,North,Software,200.65
ORD-018024,2026-09-05,North,Software,126.70
ORD-018025,2026-09-05,North,Accessories,60.36
ORD-018026,2026-09-05,North,Hardware,403.03
ORD-018027,2026-09-05,North,Software,153.10
ORD-018028,2026-09-05,North,Services,478.13
ORD-018029,2026-09-05,North,Software,75.75
ORD-018030,2026-09-05,North,Accessories,89.52
ORD-018031,2026-09-05,North,Software,154.70
ORD-018032,2026-09-05,North,,80.27
ORD-018033,2026-09-05,Central,Software,79.62
ORD-018034,2026-09-05,Central,Accessories,53.68
ORD-018035,2026-09-05,Central,Software,327.71
ORD-018036,2026-09-05,Central,Accessories,42.01
ORD-018037,2026-09-05,Central,Accessories,40.78
ORD-018038,2026-09-05,Central,Software,100.08
ORD-018039,2026-09-05,Central,Services,1046.74
ORD-018040,2026-09-05,Central,Accessories,41.81
ORD-018041,2026-09-05,Central,Accessories,17.25
ORD-018042,2026-09-05,Central,,41.45
ORD-018043,2026-09-05,Central,Accessories,66.63
ORD-018044,2026-09-05,Central,Accessories,36.01
ORD-018045,2026-09-05,Central,Services,727.73
ORD-018046,2026-09-05,Central,Software,178.46
ORD-018047,2026-09-05,Central,Services,605.10
ORD-018048,2026-09-05,Central,Services,932.73
ORD-018049,2026-09-05,Central,Hardware,227.58
ORD-018050,2026-09-05,Central,Hardware,1207.66
ORD-018051,2026-09-05,Central,Accessories,51.92
ORD-018052,2026-09-05,Central,Software,224.82
ORD-018053,2026-09-05,Central,Hardware,570.98
ORD-018054,2026-09-05,Central,Services,895.75
ORD-018055,2026-09-05,Central,Services,479.24
ORD-018056,2026-09-05,Central,Hardware,401.24
ORD-018057,2026-09-05,Central,Hardware,321.95
ORD-018058,2026-09-05,Central,Accessories,39.52
ORD-018059,2026-09-05,Central,Hardware,121.49
ORD-018060,2026-09-05,Central,Hardware,268.37
ORD-018061,2026-09-05,Central,Hardware,352.11
ORD-018062,2026-09-05,Central,Services,477.44
ORD-018063,2026-09-05,Central,Services,411.36
ORD-018064,2026-09-05,Central,Hardware,127.63
ORD-018065,2026-09-05,Central,Software,86.06
ORD-018066,2026-09-05,Central,Accessories,24.14
ORD-018067,2026-09-05,Central,Hardware,389.18
ORD-018068,2026-09-05,Central,Services,476.95
ORD-018069,2026-09-05,Central,Accessories,33.39
ORD-018070,2026-09-05,Central,Hardware,741.45
ORD-018071,2026-09-05,Central,Hardware,461.57
ORD-018072,2026-09-05,South,Accessories,35.86
ORD-018073,2026-09-05,South,Services,356.71
ORD-018074,2026-09-05,South,Services,317.66
ORD-018075,2026-09-05,South,Software,82.76
ORD-018076,2026-09-05,South,Hardware,307.46
ORD-018077,2026-09-05,South,Software,99.01
ORD-018078,2026-09-05,South,Hardware,268.96
ORD-018079,2026-09-05,South,Accessories,73.21
ORD-018080,2026-09-05,South,Services,1446.34
ORD-018081,2026-09-05,South,Hardware,400.73
ORD-018082,2026-09-05,South,Hardware,1457.71
ORD-018083,2026-09-05,South,Hardware,626.96
ORD-018084,2026-09-05,South,Software,52.06
ORD-018085,2026-09-05,South,Software,65.82
ORD-018086,2026-09-05,South,Accessories,19.54
ORD-018087,2026-09-05,South,Hardware,313.67
ORD-018088,2026-09-05,South,Software,58.09
ORD-018089,2026-09-05,South,Services,613.53
ORD-018090,2026-09-05,South,Accessories,51.69
ORD-018091,2026-09-05,South,,164.54
ORD-018092,2026-09-05,South,Services,1402.99
ORD-018093,2026-09-06,North,Accessories,48.26
ORD-018094,2026-09-06,North,Accessories,24.06
ORD-018095,2026-09-06,North,Accessories,23.98
ORD-018096,2026-09-06,North,Services,174.58
ORD-018097,2026-09-06,North,Services,621.83
ORD-018098,2026-09-06,North,,18.00
ORD-018099,2026-09-06,North,Hardware,341.45
ORD-018100,2026-09-06,North,Software,750.39
ORD-018101,2026-09-06,North,Services,446.10
ORD-018102,2026-09-06,North,Hardware,183.75
ORD-018103,2026-09-06,North,,86.70
ORD-018104,2026-09-06,North,Software,278.25
ORD-018105,2026-09-06,North,Accessories,27.00
ORD-018106,2026-09-06,North,Hardware,1141.30
ORD-018107,2026-09-06,North,Software,96.51
ORD-018108,2026-09-06,North,Services,428.52
ORD-018109,2026-09-06,North,Software,238.73
ORD-018110,2026-09-06,North,Hardware,326.88
ORD-018111,2026-09-06,North,,462.05
ORD-018112,2026-09-06,North,Accessories,58.65
ORD-018113,2026-09-06,North,Hardware,245.74
ORD-018114,2026-09-06,North,Software,263.54
ORD-018115,2026-09-06,North,Accessories,14.83
ORD-018116,2026-09-06,North,Services,330.63
ORD-018117,2026-09-06,North,,506.13
ORD-018118,2026-09-06,North,Hardware,258.08
ORD-018119,2026-09-06,North,Services,564.00
ORD-018120,2026-09-06,North,Services,1427.13
ORD-018121,2026-09-06,North,Accessories,152.86
ORD-018122,2026-09-06,North,Accessories,148.60
ORD-018123,2026-09-06,North,Software,64.26
ORD-018124,2026-09-06,North,Software,120.07
ORD-018125,2026-09-06,North,Hardware,281.23
ORD-018126,2026-09-06,Central,Hardware,471.96
ORD-018127,2026-09-06,Central,Accessories,52.42
ORD-018128,2026-09-06,Central,Software,328.22
ORD-018129,2026-09-06,Central,Hardware,226.57
ORD-018130,2026-09-06,Central,Software,103.42
ORD-018131,2026-09-06,Central,Hardware,274.73
ORD-018132,2026-09-06,Central,Accessories,40.19
ORD-018133,2026-09-06,Central,Software,152.53
ORD-018134,2026-09-06,Central,,670.32
ORD-018135,2026-09-06,Central,Accessories,34.80
ORD-018136,2026-09-06,Central,Accessories,15.52
ORD-018137,2026-09-06,Central,Services,506.68
ORD-018138,2026-09-06,Central,Hardware,106.00
ORD-018139,2026-09-06,Central,Hardware,301.55
ORD-018140,2026-09-06,Central,Accessories,41.63
ORD-018141,2026-09-06,Central,Services,628.43
ORD-018142,2026-09-06,Central,Software,162.99
ORD-018143,2026-09-06,Central,Software,58.52
ORD-018144,2026-09-06,Central,Software,294.91
ORD-018145,2026-09-06,Central,Hardware,454.85
ORD-018146,2026-09-06,Central,Accessories,34.55
ORD-018147,2026-09-06,Central,Accessories,66.48
ORD-018148,2026-09-06,Central,Hardware,289.73
ORD-018149,2026-09-06,Central,Accessories,42.47
ORD-018150,2026-09-06,Central,Accessories,93.58
ORD-018151,2026-09-06,Central,Hardware,339.29
ORD-018152,2026-09-06,Central,Services,620.74
ORD-018153,2026-09-06,Central,Hardware,311.16
ORD-018154,2026-09-06,Central,Accessories,47.50
ORD-018155,2026-09-06,Central,Accessories,20.32
ORD-018156,2026-09-06,Central,Accessories,15.30
ORD-018157,2026-09-06,Central,Software,146.46
ORD-018158,2026-09-06,Central,Accessories,30.05
ORD-018159,2026-09-06,Central,Hardware,830.30
ORD-018160,2026-09-06,Central,Software,137.44
ORD-018161,2026-09-06,South,Accessories,26.98
ORD-018162,2026-09-06,South,Hardware,220.38
ORD-018163,2026-09-06,South,Services,784.89
ORD-018164,2026-09-06,South,Software,462.25
ORD-018165,2026-09-06,South,,300.14
ORD-018166,2026-09-06,South,Software,261.14
ORD-018167,2026-09-06,South,Services,841.07
ORD-018168,2026-09-06,South,Software,168.76
ORD-018169,2026-09-06,South,Hardware,377.40
ORD-018170,2026-09-06,South,Services,952.85
ORD-018171,2026-09-06,South,Accessories,32.50
ORD-018172,2026-09-06,South,Accessories,101.24
ORD-018173,2026-09-06,South,Software,93.24
ORD-018174,2026-09-06,South,Accessories,16.84
ORD-018175,2026-09-06,South,Accessories,26.33
ORD-018176,2026-09-06,South,Software,194.55
ORD-018177,2026-09-06,South,Hardware,188.46
ORD-018178,2026-09-06,South,Hardware,344.74
ORD-018179,2026-09-06,South,Hardware,391.60
ORD-018180,2026-09-06,South,Hardware,493.25
ORD-018181,2026-09-06,South,Software,133.06
ORD-018182,2026-09-06,South,Accessories,88.67
ORD-018183,2026-09-06,South,Hardware,163.10
ORD-018184,2026-09-06,South,Software,158.89
ORD-018185,2026-09-06,South,Services,1239.79
ORD-018186,2026-09-07,North,Software,179.36
ORD-018187,2026-09-07,North,Hardware,151.59
ORD-018188,2026-09-07,North,Accessories,32.68
ORD-018189,2026-09-07,North,Services,552.92
ORD-018190,2026-09-07,North,Software,35.08
ORD-018191,2026-09-07,North,Accessories,47.82
ORD-018192,2026-09-07,North,Services,917.31
ORD-018193,2026-09-07,North,,35.25
ORD-018194,2026-09-07,North,Accessories,29.76
ORD-018195,2026-09-07,North,Accessories,27.27
ORD-018196,2026-09-07,North,Services,868.89
ORD-018197,2026-09-07,North,Hardware,499.67
ORD-018198,2026-09-07,North,Services,331.91
ORD-018199,2026-09-07,North,Software,237.46
ORD-018200,2026-09-07,North,Services,260.66
ORD-018201,2026-09-07,North,,283.09
ORD-018202,2026-09-07,North,Hardware,273.28
ORD-018203,2026-09-07,North,Hardware,398.56
ORD-018204,2026-09-07,North,Software,92.95
ORD-018205,2026-09-07,North,Services,636.81
ORD-018206,2026-09-07,North,,16.00
ORD-018207,2026-09-07,North,Hardware,362.83
ORD-018208,2026-09-07,North,Accessories,34.85
ORD-018209,2026-09-07,North,Software,242.32
ORD-018210,2026-09-07,North,Hardware,360.65
ORD-018211,2026-09-07,North,Accessories,33.07
ORD-018212,2026-09-07,North,Accessories,15.94
ORD-018213,2026-09-07,North,Software,89.76
ORD-018214,2026-09-07,North,Software,115.58
ORD-018215,2026-09-07,North,Software,115.92
ORD-018216,2026-09-07,North,Accessories,27.73
ORD-018217,2026-09-07,North,Hardware,387.15
ORD-018218,2026-09-07,North,Services,758.41
ORD-018219,2026-09-07,North,Hardware,261.27
ORD-018220,2026-09-07,North,Software,163.57
ORD-018221,2026-09-07,North,Hardware,231.17
ORD-018222,2026-09-07,North,Accessories,31.43
ORD-018223,2026-09-07,North,,181.82
ORD-018224,2026-09-07,North,Hardware,239.62
ORD-018225,2026-09-07,Central,Hardware,163.80
ORD-018226,2026-09-07,Central,Software,169.22
ORD-018227,2026-09-07,Central,Hardware,328.97
ORD-018228,2026-09-07,Central,Hardware,343.38
ORD-018229,2026-09-07,Central,Services,503.15
ORD-018230,2026-09-07,Central,Accessories,18.96
ORD-018231,2026-09-07,Central,Accessories,42.05
ORD-018232,2026-09-07,Central,Hardware,448.87
ORD-018233,2026-09-07,Central,Hardware,355.08
ORD-018234,2026-09-07,Central,Hardware,252.26
ORD-018235,2026-09-07,Central,Services,410.41
ORD-018236,2026-09-07,Central,Accessories,24.42
ORD-018237,2026-09-07,Central,Accessories,35.03
ORD-018238,2026-09-07,Central,Software,238.35
ORD-018239,2026-09-07,Central,Accessories,42.00
ORD-018240,2026-09-07,Central,Hardware,308.98
ORD-018241,2026-09-07,Central,Services,447.37
ORD-018242,2026-09-07,Central,Software,180.54
ORD-018243,2026-09-07,Central,Software,183.40
ORD-018244,2026-09-07,Central,Hardware,1186.87
ORD-018245,2026-09-07,Central,Software,57.55
ORD-018246,2026-09-07,Central,Software,78.70
ORD-018247,2026-09-07,Central,Hardware,155.96
ORD-018248,2026-09-07,Central,Software,68.62
ORD-018249,2026-09-07,Central,Services,1278.80
ORD-018250,2026-09-07,Central,Hardware,359.45
ORD-018251,2026-09-07,Central,Accessories,24.58
ORD-018252,2026-09-07,Central,Hardware,136.30
ORD-018253,2026-09-07,Central,Hardware,194.81
ORD-018254,2026-09-07,Central,Hardware,412.29
ORD-018255,2026-09-07,Central,Hardware,341.26
ORD-018256,2026-09-07,Central,Hardware,150.62
ORD-018257,2026-09-07,Central,Hardware,396.43
ORD-018258,2026-09-07,Central,Accessories,45.05
ORD-018259,2026-09-07,Central,Software,138.97
ORD-018260,2026-09-07,Central,Hardware,261.09
ORD-018261,2026-09-07,Central,Hardware,433.73
ORD-018262,2026-09-07,Central,Software,259.58
ORD-018263,2026-09-07,Central,Software,201.17
ORD-018264,2026-09-07,Central,Hardware,276.80
ORD-018265,2026-09-07,Central,Services,878.91
ORD-018266,2026-09-07,Central,Services,502.44
ORD-018267,2026-09-07,Central,Hardware,113.44
ORD-018268,2026-09-07,Central,Services,1223.32
ORD-018269,2026-09-07,Central,Software,80.80
ORD-018270,2026-09-07,Central,Accessories,14.55
ORD-018271,2026-09-07,Central,Hardware,193.23
ORD-018272,2026-09-07,Central,,41.44
ORD-018273,2026-09-07,Central,Services,637.61
ORD-018274,2026-09-07,Central,Services,230.63
ORD-018275,2026-09-07,South,Software,348.97
ORD-018276,2026-09-07,South,Accessories,57.16
ORD-018277,2026-09-07,South,Hardware,301.63
ORD-018278,2026-09-07,South,Software,121.07
ORD-018279,2026-09-07,South,Accessories,34.44
ORD-018280,2026-09-07,South,Software,134.82
ORD-018281,2026-09-07,South,Services,498.75
ORD-018282,2026-09-07,South,Services,649.83
ORD-018283,2026-09-07,South,Accessories,35.33
ORD-018284,2026-09-07,South,Software,143.78
ORD-018285,2026-09-07,South,Software,235.05
ORD-018286,2026-09-07,South,Software,57.85
ORD-018287,2026-09-07,South,Accessories,40.38
ORD-018288,2026-09-07,South,Accessories,58.65
ORD-018289,2026-09-07,South,Accessories,14.77
ORD-018290,2026-09-07,South,Accessories,29.24
ORD-018291,2026-09-07,South,Hardware,284.36
ORD-018292,2026-09-07,South,Services,631.00
ORD-018293,2026-09-07,South,Accessories,82.69
ORD-018294,2026-09-07,South,Software,330.68
ORD-018295,2026-09-07,South,Hardware,416.82
ORD-018296,2026-09-07,South,Software,623.83
ORD-018297,2026-09-07,South,Software,116.29
ORD-018298,2026-09-07,South,Software,38.18
ORD-018299,2026-09-07,South,,29.16
ORD-018300,2026-09-07,South,Software,68.80
ORD-018301,2026-09-07,South,Software,103.41
ORD-018302,2026-09-07,South,Accessories,40.69
ORD-018303,2026-09-07,South,Hardware,464.25
ORD-018304,2026-09-07,South,Software,257.22
ORD-018305,2026-09-07,South,Software,275.13
ORD-018306,2026-09-07,South,Accessories,33.07
ORD-018307,2026-09-07,South,Hardware,289.09
ORD-018308,2026-09-07,South,Accessories,53.09
ORD-018309,2026-09-07,South,Accessories,20.39
ORD-018310,2026-09-07,South,Accessories,34.26
ORD-018311,2026-09-07,South,Accessories,40.55
ORD-018312,2026-09-07,South,Accessories,51.43
ORD-018313,2026-09-07,South,Services,1025.02
ORD-018314,2026-09-07,South,Software,246.66
ORD-018315,2026-09-07,South,Accessories,46.88
ORD-018316,2026-09-07,South,Software,84.21
ORD-018317,2026-09-07,South,Software,41.60
ORD-018318,2026-09-07,South,Hardware,224.61
ORD-018319,2026-09-07,South,Hardware,179.09
ORD-018320,2026-09-08,North,Software,145.31
ORD-018321,2026-09-08,North,Services,481.99
ORD-018322,2026-09-08,North,Software,62.48
ORD-018323,2026-09-08,North,Hardware,116.24
ORD-018324,2026-09-08,North,Services,442.16
ORD-018325,2026-09-08,North,,1087.58
ORD-018326,2026-09-08,North,Software,194.61
ORD-018327,2026-09-08,North,Software,102.54
ORD-018328,2026-09-08,North,Hardware,264.61
ORD-018329,2026-09-08,North,Services,627.61
ORD-018330,2026-09-08,North,Hardware,446.25
ORD-018331,2026-09-08,North,Hardware,685.51
ORD-018332,2026-09-08,North,Accessories,62.57
ORD-018333,2026-09-08,North,Hardware,245.80
ORD-018334,2026-09-08,North,Accessories,18.70
ORD-018335,2026-09-08,North,Software,161.85
ORD-018336,2026-09-08,North,Accessories,51.36
ORD-018337,2026-09-08,North,,620.09
ORD-018338,2026-09-08,North,Hardware,158.23
ORD-018339,2026-09-08,North,Hardware,145.57
ORD-018340,2026-09-08,North,Hardware,379.14
ORD-018341,2026-09-08,North,Services,1042.43
ORD-018342,2026-09-08,North,Hardware,346.12
ORD-018343,2026-09-08,North,Software,91.32
ORD-018344,2026-09-08,North,Software,235.69
ORD-018345,2026-09-08,North,Software,275.37
ORD-018346,2026-09-08,North,Software,104.63
ORD-018347,2026-09-08,North,Software,302.72
ORD-018348,2026-09-08,North,Services,189.36
ORD-018349,2026-09-08,North,Accessories,40.30
ORD-018350,2026-09-08,North,Accessories,73.62
ORD-018351,2026-09-08,North,Accessories,47.03
ORD-018352,2026-09-08,North,Services,507.07
ORD-018353,2026-09-08,North,Software,144.98
ORD-018354,2026-09-08,North,,784.88
ORD-018355,2026-09-08,North,Services,310.86
ORD-018356,2026-09-08,North,Services,1222.57
ORD-018357,2026-09-08,North,,229.89
ORD-018358,2026-09-08,North,Hardware,536.79
ORD-018359,2026-09-08,North,Software,98.11
ORD-018360,2026-09-08,North,Accessories,18.70
ORD-018361,2026-09-08,North,Accessories,50.16
ORD-018362,2026-09-08,North,Hardware,364.96
ORD-018363,2026-09-08,Central,Services,264.45
ORD-018364,2026-09-08,Central,Hardware,597.91
ORD-018365,2026-09-08,Central,Services,564.52
ORD-018366,2026-09-08,Central,Hardware,394.16
ORD-018367,2026-09-08,Central,Services,433.57
ORD-018368,2026-09-08,Central,Software,177.49
ORD-018369,2026-09-08,Central,Services,1322.17
ORD-018370,2026-09-08,Central,Accessories,29.69
ORD-018371,2026-09-08,Central,Accessories,76.29
ORD-018372,2026-09-08,Central,Software,81.09
ORD-018373,2026-09-08,Central,Services,376.50
ORD-018374,2026-09-08,Central,Software,163.35
ORD-018375,2026-09-08,Central,Software,182.45
ORD-018376,2026-09-08,Central,Services,291.00
ORD-018377,2026-09-08,Central,Hardware,549.73
ORD-018378,2026-09-08,Central,Services,342.40
ORD-018379,2026-09-08,Central,Hardware,680.02
ORD-018380,2026-09-08,Central,Hardware,314.15
ORD-018381,2026-09-08,Central,Accessories,17.51
ORD-018382,2026-09-08,Central,Accessories,76.25
ORD-018383,2026-09-08,Central,Software,550.05
ORD-018384,2026-09-08,Central,Services,459.55
ORD-018385,2026-09-08,Central,Software,56.51
ORD-018386,2026-09-08,Central,Software,64.57
ORD-018387,2026-09-08,Central,Software,149.05
ORD-018388,2026-09-08,Central,Accessories,20.10
ORD-018389,2026-09-08,Central,Hardware,345.66
ORD-018390,2026-09-08,Central,Hardware,404.01
ORD-018391,2026-09-08,Central,Services,248.73
ORD-018392,2026-09-08,Central,Software,166.87
ORD-018393,2026-09-08,Central,Accessories,29.28
ORD-018394,2026-09-08,Central,Accessories,46.39
ORD-018395,2026-09-08,Central,Hardware,339.16
ORD-018396,2026-09-08,Central,Accessories,38.77
ORD-018397,2026-09-08,Central,Accessories,27.29
ORD-018398,2026-09-08,Central,Accessories,60.45
ORD-018399,2026-09-08,Central,Software,79.20
ORD-018400,2026-09-08,Central,Services,936.95
ORD-018401,2026-09-08,Central,Software,273.96
ORD-018402,2026-09-08,Central,Software,122.33
ORD-018403,2026-09-08,Central,Services,1392.48
ORD-018404,2026-09-08,South,Hardware,893.71
ORD-018405,2026-09-08,South,Hardware,206.32
ORD-018406,2026-09-08,South,Accessories,33.08
ORD-018407,2026-09-08,South,Accessories,37.65
ORD-018408,2026-09-08,South,Services,336.80
ORD-018409,2026-09-08,South,Accessories,45.81
ORD-018410,2026-09-08,South,Services,459.14
ORD-018411,2026-09-08,South,Hardware,309.75
ORD-018412,2026-09-08,South,Accessories,54.44
ORD-018413,2026-09-08,South,Accessories,33.80
ORD-018414,2026-09-08,South,Software,45.52
ORD-018415,2026-09-08,South,Hardware,239.71
ORD-018416,2026-09-08,South,Software,91.61
ORD-018417,2026-09-08,South,Software,146.79
ORD-018418,2026-09-08,South,Accessories,20.53
ORD-018419,2026-09-08,South,Software,64.24
ORD-018420,2026-09-08,South,Software,353.81
ORD-018421,2026-09-08,South,Software,137.75
ORD-018422,2026-09-08,South,Hardware,174.27
ORD-018423,2026-09-08,South,Software,132.36
ORD-018424,2026-09-08,South,Hardware,510.66
ORD-018425,2026-09-08,South,Software,125.16
ORD-018426,2026-09-08,South,Software,57.37
ORD-018427,2026-09-09,North,Software,248.29
ORD-018428,2026-09-09,North,Hardware,282.36
ORD-018429,2026-09-09,North,Software,41.50
ORD-018430,2026-09-09,North,Accessories,43.36
ORD-018431,2026-09-09,North,,421.96
ORD-018432,2026-09-09,North,Hardware,135.09
ORD-018433,2026-09-09,North,Services,1433.10
ORD-018434,2026-09-09,North,Software,422.55
ORD-018435,2026-09-09,North,Hardware,466.37
ORD-018436,2026-09-09,North,Software,252.54
ORD-018437,2026-09-09,North,Hardware,344.70
ORD-018438,2026-09-09,North,Software,76.76
ORD-018439,2026-09-09,North,Software,133.49
ORD-018440,2026-09-09,North,Accessories,54.57
ORD-018441,2026-09-09,North,Software,125.77
ORD-018442,2026-09-09,North,Services,665.29
ORD-018443,2026-09-09,North,Hardware,96.26
ORD-018444,2026-09-09,North,Software,151.76
ORD-018445,2026-09-09,North,Services,527.04
ORD-018446,2026-09-09,North,Software,161.06
ORD-018447,2026-09-09,North,Hardware,494.94
ORD-018448,2026-09-09,North,Software,157.50
ORD-018449,2026-09-09,North,Accessories,46.69
ORD-018450,2026-09-09,North,Software,66.16
ORD-018451,2026-09-09,North,Accessories,48.75
ORD-018452,2026-09-09,North,Services,398.35
ORD-018453,2026-09-09,North,Hardware,344.77
ORD-018454,2026-09-09,North,Software,126.39
ORD-018455,2026-09-09,North,Hardware,470.77
ORD-018456,2026-09-09,North,Hardware,177.53
ORD-018457,2026-09-09,North,Software,204.88
ORD-018458,2026-09-09,North,Accessories,45.05
ORD-018459,2026-09-09,North,Accessories,38.87
ORD-018460,2026-09-09,North,,306.95
ORD-018461,2026-09-09,Central,Services,202.09
ORD-018462,2026-09-09,Central,Software,303.18
ORD-018463,2026-09-09,Central,Services,201.70
ORD-018464,2026-09-09,Central,Software,86.02
ORD-018465,2026-09-09,Central,Software,157.90
ORD-018466,2026-09-09,Central,Software,66.36
ORD-018467,2026-09-09,Central,Software,112.47
ORD-018468,2026-09-09,Central,Software,75.12
ORD-018469,2026-09-09,Central,Accessories,38.30
ORD-018470,2026-09-09,Central,Software,163.13
ORD-018471,2026-09-09,Central,Accessories,56.12
ORD-018472,2026-09-09,Central,Hardware,655.20
ORD-018473,2026-09-09,Central,Software,456.14
ORD-018474,2026-09-09,Central,Accessories,35.10
ORD-018475,2026-09-09,Central,Hardware,849.21
ORD-018476,2026-09-09,Central,Hardware,458.45
ORD-018477,2026-09-09,Central,Hardware,200.81
ORD-018478,2026-09-09,Central,Services,139.22
ORD-018479,2026-09-09,Central,Hardware,539.45
ORD-018480,2026-09-09,Central,Accessories,71.18
ORD-018481,2026-09-09,Central,Accessories,35.35
ORD-018482,2026-09-09,Central,Hardware,1028.29
ORD-018483,2026-09-09,Central,Accessories,36.78
ORD-018484,2026-09-09,Central,Hardware,977.70
ORD-018485,2026-09-09,Central,Hardware,422.03
ORD-018486,2026-09-09,Central,,108.34
ORD-018487,2026-09-09,Central,Services,330.90
ORD-018488,2026-09-09,Central,Accessories,17.32
ORD-018489,2026-09-09,Central,Software,83.06
ORD-018490,2026-09-09,Central,Accessories,77.87
ORD-018491,2026-09-09,Central,Software,136.96
ORD-018492,2026-09-09,Central,Hardware,233.81
ORD-018493,2026-09-09,Central,Software,94.31
ORD-018494,2026-09-09,Central,Accessories,63.20
ORD-018495,2026-09-09,Central,Hardware,250.81
ORD-018496,2026-09-09,Central,Software,59.89
ORD-018497,2026-09-09,Central,Software,127.95
ORD-018498,2026-09-09,Central,Software,38.18
ORD-018499,2026-09-09,Central,Software,172.33
ORD-018500,2026-09-09,Central,Services,389.73
ORD-018501,2026-09-09,Central,Hardware,293.55
ORD-018502,2026-09-09,Central,Hardware,446.49
ORD-018503,2026-09-09,Central,Accessories,32.70
ORD-018504,2026-09-09,South,Software,80.86
ORD-018505,2026-09-09,South,Accessories,35.38
ORD-018506,2026-09-09,South,Hardware,156.87
ORD-018507,2026-09-09,South,Accessories,35.43
ORD-018508,2026-09-09,South,Software,131.05
ORD-018509,2026-09-09,South,Accessories,56.93
ORD-018510,2026-09-09,South,Software,205.64
ORD-018511,2026-09-09,South,Services,642.95
ORD-018512,2026-09-09,South,Services,419.86
ORD-018513,2026-09-09,South,Hardware,573.47
ORD-018514,2026-09-09,South,Hardware,462.90
ORD-018515,2026-09-09,South,Services,489.42
ORD-018516,2026-09-09,South,Software,98.74
ORD-018517,2026-09-09,South,Software,112.46
ORD-018518,2026-09-09,South,Services,620.45
ORD-018519,2026-09-09,South,Accessories,26.12
ORD-018520,2026-09-09,South,Hardware,263.34
ORD-018521,2026-09-09,South,Software,71.62
ORD-018522,2026-09-09,South,Accessories,63.13
ORD-018523,2026-09-09,South,Software,134.97
ORD-018524,2026-09-09,South,Accessories,103.52
ORD-018525,2026-09-09,South,Software,690.83
ORD-018526,2026-09-09,South,Accessories,25.54
ORD-018527,2026-09-09,South,Accessories,29.35
ORD-018528,2026-09-09,South,Services,850.56
ORD-018529,2026-09-09,South,Services,90.73
ORD-018530,2026-09-10,North,Software,237.10
ORD-018531,2026-09-10,North,,57.76
ORD-018532,2026-09-10,North,,38.34
ORD-018533,2026-09-10,North,Services,540.82
ORD-018534,2026-09-10,North,Accessories,65.30
ORD-018535,2026-09-10,North,Hardware,368.79
ORD-018536,2026-09-10,North,Software,108.02
ORD-018537,2026-09-10,North,Services,312.11
ORD-018538,2026-09-10,North,Software,68.01
ORD-018539,2026-09-10,North,,6.98
ORD-018540,2026-09-10,North,,102.49
ORD-018541,2026-09-10,North,Services,324.48
ORD-018542,2026-09-10,North,Accessories,41.06
ORD-018543,2026-09-10,North,Accessories,37.02
ORD-018544,2026-09-10,North,Services,774.31
ORD-018545,2026-09-10,North,Software,127.33
ORD-018546,2026-09-10,North,Accessories,37.49
ORD-018547,2026-09-10,North,Hardware,272.91
ORD-018548,2026-09-10,North,,305.94
ORD-018549,2026-09-10,North,Services,540.67
ORD-018550,2026-09-10,North,Accessories,75.29
ORD-018551,2026-09-10,North,Software,128.96
ORD-018552,2026-09-10,North,Software,114.52
ORD-018553,2026-09-10,North,Accessories,47.73
ORD-018554,2026-09-10,North,Software,81.68
ORD-018555,2026-09-10,North,Accessories,30.36
ORD-018556,2026-09-10,North,,136.53
ORD-018557,2026-09-10,North,Software,83.68
ORD-018558,2026-09-10,North,Accessories,58.87
ORD-018559,2026-09-10,North,Accessories,12.62
ORD-018560,2026-09-10,North,Accessories,23.39
ORD-018561,2026-09-10,North,Software,148.92
ORD-018562,2026-09-10,North,Hardware,80.01
ORD-018563,2026-09-10,North,Software,159.14
ORD-018564,2026-09-10,Central,Hardware,169.08
ORD-018565,2026-09-10,Central,Hardware,166.03
ORD-018566,2026-09-10,Central,Software,253.08
ORD-018567,2026-09-10,Central,Hardware,112.00
ORD-018568,2026-09-10,Central,Accessories,34.10
ORD-018569,2026-09-10,Central,Services,570.64
ORD-018570,2026-09-10,Central,Hardware,512.15
ORD-018571,2026-09-10,Central,,358.23
ORD-018572,2026-09-10,Central,Software,174.36
ORD-018573,2026-09-10,Central,Software,194.56
ORD-018574,2026-09-10,Central,Software,144.71
ORD-018575,2026-09-10,Central,Hardware,172.15
ORD-018576,2026-09-10,Central,Hardware,306.64
ORD-018577,2026-09-10,Central,Software,94.28
ORD-018578,2026-09-10,Central,Hardware,122.79
ORD-018579,2026-09-10,Central,Software,92.40
ORD-018580,2026-09-10,Central,Services,657.22
ORD-018581,2026-09-10,Central,Accessories,54.04
ORD-018582,2026-09-10,Central,Accessories,34.23
ORD-018583,2026-09-10,Central,Software,91.54
ORD-018584,2026-09-10,Central,Hardware,243.65
ORD-018585,2026-09-10,Central,Software,45.33
ORD-018586,2026-09-10,Central,Software,139.81
ORD-018587,2026-09-10,Central,Accessories,21.50
ORD-018588,2026-09-10,Central,Software,249.91
ORD-018589,2026-09-10,Central,Software,218.66
ORD-018590,2026-09-10,Central,Accessories,20.08
ORD-018591,2026-09-10,Central,Services,1914.54
ORD-018592,2026-09-10,Central,Software,135.33
ORD-018593,2026-09-10,Central,Software,441.02
ORD-018594,2026-09-10,Central,Services,1104.88
ORD-018595,2026-09-10,Central,Accessories,58.69
ORD-018596,2026-09-10,Central,Hardware,394.96
ORD-018597,2026-09-10,Central,Software,188.14
ORD-018598,2026-09-10,Central,Hardware,273.33
ORD-018599,2026-09-10,Central,,110.66
ORD-018600,2026-09-10,Central,Hardware,102.49
ORD-018601,2026-09-10,Central,Accessories,32.13
ORD-018602,2026-09-10,Central,Software,157.24
ORD-018603,2026-09-10,Central,Services,242.96
ORD-018604,2026-09-10,Central,Accessories,48.77
ORD-018605,2026-09-10,Central,Software,66.14
ORD-018606,2026-09-10,Central,Accessories,21.37
ORD-018607,2026-09-10,Central,Accessories,42.48
ORD-018608,2026-09-10,Central,Accessories,31.64
ORD-018609,2026-09-10,Central,Software,67.06
ORD-018610,2026-09-10,Central,Accessories,40.29
ORD-018611,2026-09-10,Central,Accessories,56.21
ORD-018612,2026-09-10,Central,Services,721.44
ORD-018613,2026-09-10,Central,Hardware,292.26
ORD-018614,2026-09-10,Central,Software,87.56
ORD-018615,2026-09-10,Central,Software,113.41
ORD-018616,2026-09-10,Central,Accessories,113.45
ORD-018617,2026-09-10,Central,Services,1267.18
ORD-018618,2026-09-10,Central,Services,253.28
ORD-018619,2026-09-10,Central,Services,473.02
ORD-018620,2026-09-10,Central,Software,308.21
ORD-018621,2026-09-10,Central,Accessories,30.75
ORD-018622,2026-09-10,South,Hardware,359.10
ORD-018623,2026-09-10,South,Hardware,160.48
ORD-018624,2026-09-10,South,Services,716.33
ORD-018625,2026-09-10,South,Hardware,464.40
ORD-018626,2026-09-10,South,Software,358.97
ORD-018627,2026-09-10,South,Services,570.19
ORD-018628,2026-09-10,South,Hardware,1092.92
ORD-018629,2026-09-10,South,Software,110.64
ORD-018630,2026-09-10,South,Hardware,421.32
ORD-018631,2026-09-10,South,Accessories,135.62
ORD-018632,2026-09-10,South,Accessories,35.10
ORD-018633,2026-09-10,South,Hardware,764.82
ORD-018634,2026-09-10,South,Software,79.85
ORD-018635,2026-09-10,South,Accessories,27.98
ORD-018636,2026-09-10,South,Hardware,337.54
ORD-018637,2026-09-10,South,Accessories,34.23
ORD-018638,2026-09-10,South,Hardware,959.70
ORD-018639,2026-09-10,South,Software,291.48
ORD-018640,2026-09-10,South,Services,375.24
ORD-018641,2026-09-10,South,Software,174.83
ORD-018642,2026-09-10,South,,686.31
ORD-018643,2026-09-10,South,Services,579.31
ORD-018644,2026-09-10,South,Software,274.50
ORD-018645,2026-09-10,South,Services,439.04
ORD-018646,2026-09-10,South,Software,191.86
ORD-018647,2026-09-10,South,Services,246.15
ORD-018648,2026-09-10,South,Accessories,48.57
ORD-018649,2026-09-10,South,Accessories,29.73
ORD-018650,2026-09-10,South,Hardware,204.79
ORD-018651,2026-09-10,South,Hardware,94.53
ORD-018652,2026-09-10,South,Hardware,120.38
ORD-018653,2026-09-10,South,Software,109.11
ORD-018654,2026-09-10,South,Software,143.16
ORD-018655,2026-09-10,South,Software,307.89
ORD-018656,2026-09-10,South,Hardware,830.13
ORD-018657,2026-09-10,South,Hardware,404.88
ORD-018658,2026-09-10,South,Accessories,36.06
ORD-018659,2026-09-10,South,Software,338.38
ORD-018660,2026-09-10,South,Services,1061.46
ORD-018661,2026-09-11,North,Accessories,46.05
ORD-018662,2026-09-11,North,Hardware,299.16
ORD-018663,2026-09-11,North,Services,1555.39
ORD-018664,2026-09-11,North,Software,158.37
ORD-018665,2026-09-11,North,Accessories,15.92
ORD-018666,2026-09-11,North,Software,211.74
ORD-018667,2026-09-11,North,Software,96.65
ORD-018668,2026-09-11,North,Hardware,538.92
ORD-018669,2026-09-11,North,Accessories,50.54
ORD-018670,2026-09-11,North,Services,1192.01
ORD-018671,2026-09-11,North,Services,332.79
ORD-018672,2026-09-11,North,Hardware,168.03
ORD-018673,2026-09-11,North,Services,573.64
ORD-018674,2026-09-11,North,Software,111.06
ORD-018675,2026-09-11,North,Accessories,19.72
ORD-018676,2026-09-11,North,Accessories,82.28
ORD-018677,2026-09-11,North,Hardware,346.18
ORD-018678,2026-09-11,North,Hardware,854.61
ORD-018679,2026-09-11,North,Accessories,44.45
ORD-018680,2026-09-11,North,Services,934.42
ORD-018681,2026-09-11,North,Services,464.30
ORD-018682,2026-09-11,North,Software,111.70
ORD-018683,2026-09-11,North,Software,260.82
ORD-018684,2026-09-11,North,Services,359.11
ORD-018685,2026-09-11,North,,129.95
ORD-018686,2026-09-11,North,Accessories,28.92
ORD-018687,2026-09-11,North,Accessories,72.97
ORD-018688,2026-09-11,North,Accessories,105.28
ORD-018689,2026-09-11,North,Services,914.78
ORD-018690,2026-09-11,North,Hardware,160.90
ORD-018691,2026-09-11,North,Accessories,71.06
ORD-018692,2026-09-11,North,Software,213.41
ORD-018693,2026-09-11,North,Accessories,11.95
ORD-018694,2026-09-11,North,Services,473.09
ORD-018695,2026-09-11,North,Hardware,207.70
ORD-018696,2026-09-11,North,Software,352.28
ORD-018697,2026-09-11,North,Software,194.33
ORD-018698,2026-09-11,Central,Software,183.76
ORD-018699,2026-09-11,Central,Hardware,445.33
ORD-018700,2026-09-11,Central,Accessories,44.19
ORD-018701,2026-09-11,Central,Accessories,34.75
ORD-018702,2026-09-11,Central,Accessories,49.68
ORD-018703,2026-09-11,Central,Software,110.33
ORD-018704,2026-09-11,Central,Software,65.98
ORD-018705,2026-09-11,Central,Accessories,18.74
ORD-018706,2026-09-11,Central,Software,64.38
ORD-018707,2026-09-11,Central,Accessories,43.61
ORD-018708,2026-09-11,Central,Services,511.90
ORD-018709,2026-09-11,Central,Software,229.86
ORD-018710,2026-09-11,Central,Hardware,354.36
ORD-018711,2026-09-11,Central,Accessories,40.49
ORD-018712,2026-09-11,Central,Hardware,215.15
ORD-018713,2026-09-11,Central,Hardware,233.54
ORD-018714,2026-09-11,Central,Accessories,20.17
ORD-018715,2026-09-11,Central,Software,62.21
ORD-018716,2026-09-11,Central,Accessories,25.79
ORD-018717,2026-09-11,Central,Services,288.16
ORD-018718,2026-09-11,Central,Services,357.85
ORD-018719,2026-09-11,Central,Software,55.44
ORD-018720,2026-09-11,Central,Accessories,37.32
ORD-018721,2026-09-11,Central,Services,298.18
ORD-018722,2026-09-11,Central,Services,259.11
ORD-018723,2026-09-11,Central,Services,621.61
ORD-018724,2026-09-11,Central,Accessories,67.17
ORD-018725,2026-09-11,Central,Software,123.46
ORD-018726,2026-09-11,Central,Hardware,205.49
ORD-018727,2026-09-11,Central,Software,220.08
ORD-018728,2026-09-11,Central,Software,182.85
ORD-018729,2026-09-11,Central,Software,428.57
ORD-018730,2026-09-11,Central,Services,757.91
ORD-018731,2026-09-11,Central,Hardware,143.00
ORD-018732,2026-09-11,Central,Software,62.95
ORD-018733,2026-09-11,Central,Accessories,25.78
ORD-018734,2026-09-11,Central,Services,898.40
ORD-018735,2026-09-11,Central,Accessories,30.02
ORD-018736,2026-09-11,Central,Accessories,44.46
ORD-018737,2026-09-11,Central,Software,251.44
ORD-018738,2026-09-11,Central,Services,553.14
ORD-018739,2026-09-11,Central,Accessories,74.35
ORD-018740,2026-09-11,Central,Hardware,215.59
ORD-018741,2026-09-11,Central,,352.96
ORD-018742,2026-09-11,Central,Software,225.42
ORD-018743,2026-09-11,South,Hardware,274.11
ORD-018744,2026-09-11,South,Software,258.60
ORD-018745,2026-09-11,South,Software,118.52
ORD-018746,2026-09-11,South,Hardware,122.35
ORD-018747,2026-09-11,South,Software,139.74
ORD-018748,2026-09-11,South,Software,103.90
ORD-018749,2026-09-11,South,Software,90.01
ORD-018750,2026-09-11,South,Services,775.68
ORD-018751,2026-09-11,South,Services,425.47
ORD-018752,2026-09-11,South,Accessories,25.90
ORD-018753,2026-09-11,South,Software,140.39
ORD-018754,2026-09-11,South,Accessories,32.47
ORD-018755,2026-09-11,South,Services,1695.67
ORD-018756,2026-09-11,South,Accessories,93.40
ORD-018757,2026-09-11,South,Accessories,40.99
ORD-018758,2026-09-11,South,Software,113.08
ORD-018759,2026-09-11,South,Software,73.96
ORD-018760,2026-09-11,South,Software,38.26
ORD-018761,2026-09-11,South,Hardware,762.16
ORD-018762,2026-09-11,South,Services,896.65
ORD-018763,2026-09-11,South,Accessories,18.61
ORD-018764,2026-09-11,South,Accessories,24.81
ORD-018765,2026-09-11,South,Services,1248.07
ORD-018766,2026-09-11,South,Hardware,276.22
ORD-018767,2026-09-11,South,Software,101.30
ORD-018768,2026-09-11,South,Accessories,30.35
ORD-018769,2026-09-11,South,Accessories,98.75
ORD-018770,2026-09-11,South,Hardware,471.91
ORD-018771,2026-09-11,South,Hardware,415.35
ORD-018772,2026-09-11,South,Accessories,59.28
ORD-018773,2026-09-11,South,Accessories,57.90
ORD-018774,2026-09-11,South,Services,368.92
ORD-018775,2026-09-11,South,Software,128.63
ORD-018776,2026-09-11,South,Hardware,269.13
ORD-018777,2026-09-11,South,Software,243.70
ORD-018778,2026-09-11,South,Hardware,310.65
ORD-018779,2026-09-11,South,Services,210.44
ORD-018780,2026-09-11,South,Hardware,371.47
ORD-018781,2026-09-12,North,Software,151.23
ORD-018782,2026-09-12,North,Hardware,770.41
ORD-018783,2026-09-12,North,Software,175.13
ORD-018784,2026-09-12,North,Hardware,539.94
ORD-018785,2026-09-12,North,Services,790.51
ORD-018786,2026-09-12,North,Hardware,594.24
ORD-018787,2026-09-12,North,Services,1151.49
ORD-018788,2026-09-12,North,Accessories,35.84
ORD-018789,2026-09-12,North,Software,61.59
ORD-018790,2026-09-12,North,,603.44
ORD-018791,2026-09-12,North,,61.15
ORD-018792,2026-09-12,North,,432.90
ORD-018793,2026-09-12,North,Services,677.05
ORD-018794,2026-09-12,North,Software,84.44
ORD-018795,2026-09-12,North,Accessories,48.45
ORD-018796,2026-09-12,North,Software,52.74
ORD-018797,2026-09-12,North,Hardware,295.77
ORD-018798,2026-09-12,North,,34.64
ORD-018799,2026-09-12,North,Services,942.64
ORD-018800,2026-09-12,North,,24.00
ORD-018801,2026-09-12,North,Accessories,41.20
ORD-018802,2026-09-12,North,Services,268.39
ORD-018803,2026-09-12,North,Hardware,314.76
ORD-018804,2026-09-12,North,Services,583.44
ORD-018805,2026-09-12,North,,154.57
ORD-018806,2026-09-12,North,,97.46
ORD-018807,2026-09-12,North,Software,189.74
ORD-018808,2026-09-12,North,Software,141.35
ORD-018809,2026-09-12,North,Software,91.30
ORD-018810,2026-09-12,North,Accessories,13.62
ORD-018811,2026-09-12,North,Hardware,1515.04
ORD-018812,2026-09-12,North,Software,124.63
ORD-018813,2026-09-12,North,Accessories,22.04
ORD-018814,2026-09-12,North,,592.19
ORD-018815,2026-09-12,North,Services,666.85
ORD-018816,2026-09-12,North,Accessories,16.39
ORD-018817,2026-09-12,North,Accessories,39.21
ORD-018818,2026-09-12,North,Services,299.82
ORD-018819,2026-09-12,Central,Software,51.72
ORD-018820,2026-09-12,Central,Services,753.85
ORD-018821,2026-09-12,Central,Services,893.09
ORD-018822,2026-09-12,Central,Software,208.99
ORD-018823,2026-09-12,Central,Hardware,286.50
ORD-018824,2026-09-12,Central,Hardware,157.01
ORD-018825,2026-09-12,Central,Services,832.04
ORD-018826,2026-09-12,Central,Services,430.67
ORD-018827,2026-09-12,Central,Software,89.95
ORD-018828,2026-09-12,Central,Hardware,214.08
ORD-018829,2026-09-12,Central,Software,34.00
ORD-018830,2026-09-12,Central,Services,362.99
ORD-018831,2026-09-12,Central,Services,579.46
ORD-018832,2026-09-12,Central,Accessories,70.76
ORD-018833,2026-09-12,Central,Software,151.67
ORD-018834,2026-09-12,Central,Accessories,52.42
ORD-018835,2026-09-12,Central,Accessories,39.50
ORD-018836,2026-09-12,Central,Software,271.59
ORD-018837,2026-09-12,Central,Hardware,227.63
ORD-018838,2026-09-12,Central,Software,48.77
ORD-018839,2026-09-12,Central,Software,94.34
ORD-018840,2026-09-12,Central,Services,1896.03
ORD-018841,2026-09-12,Central,Software,52.79
ORD-018842,2026-09-12,Central,Hardware,188.42
ORD-018843,2026-09-12,Central,Services,969.49
ORD-018844,2026-09-12,Central,Accessories,31.25
ORD-018845,2026-09-12,Central,Services,151.04
ORD-018846,2026-09-12,Central,Hardware,306.58
ORD-018847,2026-09-12,Central,Software,62.98
ORD-018848,2026-09-12,Central,Hardware,269.90
ORD-018849,2026-09-12,Central,Hardware,217.32
ORD-018850,2026-09-12,Central,Accessories,48.93
ORD-018851,2026-09-12,Central,,27.75
ORD-018852,2026-09-12,Central,Accessories,14.19
ORD-018853,2026-09-12,Central,Software,155.96
ORD-018854,2026-09-12,Central,Accessories,26.38
ORD-018855,2026-09-12,Central,Hardware,294.64
ORD-018856,2026-09-12,Central,Software,57.30
ORD-018857,2026-09-12,Central,Accessories,50.88
ORD-018858,2026-09-12,South,Hardware,264.72
ORD-018859,2026-09-12,South,Accessories,43.36
ORD-018860,2026-09-12,South,Accessories,33.83
ORD-018861,2026-09-12,South,Accessories,43.38
ORD-018862,2026-09-12,South,Hardware,207.37
ORD-018863,2026-09-12,South,Services,688.64
ORD-018864,2026-09-12,South,Services,814.93
ORD-018865,2026-09-12,South,Software,100.03
ORD-018866,2026-09-12,South,Hardware,264.11
ORD-018867,2026-09-12,South,Services,654.23
ORD-018868,2026-09-12,South,Software,129.18
ORD-018869,2026-09-12,South,Accessories,21.25
ORD-018870,2026-09-12,South,Accessories,41.28
ORD-018871,2026-09-12,South,Accessories,36.31
ORD-018872,2026-09-12,South,Software,139.36
ORD-018873,2026-09-12,South,Accessories,47.72
ORD-018874,2026-09-12,South,Hardware,519.90
ORD-018875,2026-09-12,South,Services,457.22
ORD-018876,2026-09-12,South,Accessories,58.77
ORD-018877,2026-09-12,South,Software,43.33
ORD-018878,2026-09-12,South,Hardware,258.62
ORD-018879,2026-09-12,South,Accessories,17.74
ORD-018880,2026-09-12,South,Services,811.32
ORD-018881,2026-09-12,South,Services,761.72
ORD-018882,2026-09-12,South,Accessories,24.75
ORD-018883,2026-09-12,South,Services,431.83
ORD-018884,2026-09-13,North,Accessories,88.53
ORD-018885,2026-09-13,North,Accessories,26.40
ORD-018886,2026-09-13,North,Hardware,738.92
ORD-018887,2026-09-13,North,Hardware,416.19
ORD-018888,2026-09-13,North,Hardware,207.90
ORD-018889,2026-09-13,North,Hardware,285.36
ORD-018890,2026-09-13,North,Software,52.30
ORD-018891,2026-09-13,North,Services,550.45
ORD-018892,2026-09-13,North,Hardware,239.93
ORD-018893,2026-09-13,North,,133.89
ORD-018894,2026-09-13,North,Accessories,63.65
ORD-018895,2026-09-13,North,Software,58.85
ORD-018896,2026-09-13,North,Hardware,1299.79
ORD-018897,2026-09-13,North,Software,205.86
ORD-018898,2026-09-13,North,Hardware,304.45
ORD-018899,2026-09-13,North,,104.60
ORD-018900,2026-09-13,North,Accessories,46.24
ORD-018901,2026-09-13,North,Accessories,21.84
ORD-018902,2026-09-13,North,Accessories,65.54
ORD-018903,2026-09-13,North,Hardware,805.99
ORD-018904,2026-09-13,North,Accessories,48.12
ORD-018905,2026-09-13,North,Services,294.03
ORD-018906,2026-09-13,North,Software,90.55
ORD-018907,2026-09-13,North,Hardware,669.51
ORD-018908,2026-09-13,North,Accessories,42.07
ORD-018909,2026-09-13,North,Hardware,858.64
ORD-018910,2026-09-13,North,Software,587.39
ORD-018911,2026-09-13,North,Accessories,49.89
ORD-018912,2026-09-13,North,Services,490.44
ORD-018913,2026-09-13,North,,199.16
ORD-018914,2026-09-13,Central,Software,88.36
ORD-018915,2026-09-13,Central,Hardware,183.78
ORD-018916,2026-09-13,Central,Software,204.59
ORD-018917,2026-09-13,Central,Hardware,433.05
ORD-018918,2026-09-13,Central,Accessories,33.62
ORD-018919,2026-09-13,Central,Accessories,38.73
ORD-018920,2026-09-13,Central,Accessories,39.00
ORD-018921,2026-09-13,Central,Accessories,22.29
ORD-018922,2026-09-13,Central,Software,134.59
ORD-018923,2026-09-13,Central,Services,366.30
ORD-018924,2026-09-13,Central,Hardware,658.32
ORD-018925,2026-09-13,Central,Services,519.31
ORD-018926,2026-09-13,Central,Accessories,38.74
ORD-018927,2026-09-13,Central,Services,355.95
ORD-018928,2026-09-13,Central,Hardware,404.85
ORD-018929,2026-09-13,Central,Hardware,148.15
ORD-018930,2026-09-13,Central,Services,568.42
ORD-018931,2026-09-13,Central,Accessories,48.66
ORD-018932,2026-09-13,Central,Software,162.09
ORD-018933,2026-09-13,Central,Services,589.61
ORD-018934,2026-09-13,Central,Accessories,67.51
ORD-018935,2026-09-13,Central,Services,254.35
ORD-018936,2026-09-13,Central,Software,102.60
ORD-018937,2026-09-13,Central,Services,327.25
ORD-018938,2026-09-13,Central,Software,188.14
ORD-018939,2026-09-13,Central,Accessories,68.59
ORD-018940,2026-09-13,Central,Software,137.82
ORD-018941,2026-09-13,Central,Hardware,259.32
ORD-018942,2026-09-13,Central,Accessories,64.69
ORD-018943,2026-09-13,Central,Software,277.12
ORD-018944,2026-09-13,Central,Software,302.04
ORD-018945,2026-09-13,Central,Hardware,238.30
ORD-018946,2026-09-13,Central,Hardware,246.47
ORD-018947,2026-09-13,Central,Accessories,30.65
ORD-018948,2026-09-13,Central,Accessories,29.57
ORD-018949,2026-09-13,Central,Accessories,36.41
ORD-018950,2026-09-13,Central,Services,331.76
ORD-018951,2026-09-13,Central,Software,124.27
ORD-018952,2026-09-13,Central,Hardware,413.69
ORD-018953,2026-09-13,Central,Software,328.81
ORD-018954,2026-09-13,Central,Accessories,56.72
ORD-018955,2026-09-13,Central,,187.93
ORD-018956,2026-09-13,Central,Accessories,38.16
ORD-018957,2026-09-13,South,Accessories,37.88
ORD-018958,2026-09-13,South,Accessories,24.64
ORD-018959,2026-09-13,South,Hardware,130.91
ORD-018960,2026-09-13,South,Services,558.20
ORD-018961,2026-09-13,South,Accessories,62.02
ORD-018962,2026-09-13,South,Accessories,38.71
ORD-018963,2026-09-13,South,Accessories,18.93
ORD-018964,2026-09-13,South,Accessories,34.96
ORD-018965,2026-09-13,South,Software,159.99
ORD-018966,2026-09-13,South,Software,63.71
ORD-018967,2026-09-13,South,Hardware,247.66
ORD-018968,2026-09-13,South,,51.36
ORD-018969,2026-09-13,South,Accessories,26.52
ORD-018970,2026-09-13,South,Hardware,176.32
ORD-018971,2026-09-13,South,Hardware,212.24
ORD-018972,2026-09-13,South,Services,1376.08
ORD-018973,2026-09-13,South,Accessories,63.65
ORD-018974,2026-09-13,South,Services,1003.65
ORD-018975,2026-09-13,South,Software,283.82
ORD-018976,2026-09-13,South,Accessories,42.97
ORD-018977,2026-09-13,South,Services,236.64
ORD-018978,2026-09-13,South,Hardware,403.90
ORD-018979,2026-09-13,South,Accessories,51.22
ORD-018980,2026-09-13,South,Software,299.24
ORD-018981,2026-09-13,South,Hardware,310.12
ORD-018982,2026-09-13,South,Accessories,19.32
ORD-018983,2026-09-13,South,Services,600.54
ORD-018984,2026-09-13,South,Hardware,101.82
ORD-018985,2026-09-13,South,Hardware,392.22
ORD-018986,2026-09-14,North,Hardware,386.05
ORD-018987,2026-09-14,North,Hardware,224.20
ORD-018988,2026-09-14,North,Services,587.06
ORD-018989,2026-09-14,North,Services,909.03
ORD-018990,2026-09-14,North,Software,180.78
ORD-018991,2026-09-14,North,Software,143.76
ORD-018992,2026-09-14,North,,433.40
ORD-018993,2026-09-14,North,Hardware,383.78
ORD-018994,2026-09-14,North,Services,358.34
ORD-018995,2026-09-14,North,Hardware,674.64
ORD-018996,2026-09-14,North,Services,402.91
ORD-018997,2026-09-14,North,Hardware,345.34
ORD-018998,2026-09-14,North,Accessories,19.41
ORD-018999,2026-09-14,North,Accessories,23.05
ORD-019000,2026-09-14,North,Hardware,414.18
ORD-019001,2026-09-14,North,Services,371.35
ORD-019002,2026-09-14,North,Hardware,374.07
ORD-019003,2026-09-14,North,Services,430.69
ORD-019004,2026-09-14,North,Hardware,462.87
ORD-019005,2026-09-14,North,Accessories,42.57
ORD-019006,2026-09-14,North,Hardware,231.12
ORD-019007,2026-09-14,North,Hardware,221.31
ORD-019008,2026-09-14,North,Services,240.10
ORD-019009,2026-09-14,North,Software,161.19
ORD-019010,2026-09-14,North,Hardware,597.76
ORD-019011,2026-09-14,North,Services,310.40
ORD-019012,2026-09-14,North,Hardware,253.30
ORD-019013,2026-09-14,North,Services,304.81
ORD-019014,2026-09-14,North,Software,164.94
ORD-019015,2026-09-14,North,Accessories,24.30
ORD-019016,2026-09-14,North,Accessories,45.61
ORD-019017,2026-09-14,North,Software,113.78
ORD-019018,2026-09-14,North,Services,541.88
ORD-019019,2026-09-14,North,Accessories,22.90
ORD-019020,2026-09-14,North,Accessories,65.40
ORD-019021,2026-09-14,North,Software,322.77
ORD-019022,2026-09-14,North,Services,616.94
ORD-019023,2026-09-14,North,Software,370.96
ORD-019024,2026-09-14,North,Software,115.94
ORD-019025,2026-09-14,North,Hardware,508.82
ORD-019026,2026-09-14,North,Accessories,21.88
ORD-019027,2026-09-14,North,Services,397.35
ORD-019028,2026-09-14,North,Software,97.30
ORD-019029,2026-09-14,North,Services,319.41
ORD-019030,2026-09-14,North,Services,487.07
ORD-019031,2026-09-14,North,Accessories,26.05
ORD-019032,2026-09-14,North,Hardware,303.49
ORD-019033,2026-09-14,North,Services,473.26
ORD-019034,2026-09-14,Central,Accessories,54.00
ORD-019035,2026-09-14,Central,Software,200.83
ORD-019036,2026-09-14,Central,Hardware,689.93
ORD-019037,2026-09-14,Central,Hardware,502.12
ORD-019038,2026-09-14,Central,Software,49.14
ORD-019039,2026-09-14,Central,Services,572.10
ORD-019040,2026-09-14,Central,Accessories,60.91
ORD-019041,2026-09-14,Central,Hardware,341.12
ORD-019042,2026-09-14,Central,Hardware,819.03
ORD-019043,2026-09-14,Central,Software,158.60
ORD-019044,2026-09-14,Central,Accessories,22.46
ORD-019045,2026-09-14,Central,Hardware,501.03
ORD-019046,2026-09-14,Central,Hardware,738.22
ORD-019047,2026-09-14,Central,Hardware,343.42
ORD-019048,2026-09-14,Central,Hardware,388.40
ORD-019049,2026-09-14,Central,Services,182.90
ORD-019050,2026-09-14,Central,Software,149.49
ORD-019051,2026-09-14,Central,Services,749.96
ORD-019052,2026-09-14,Central,Services,425.44
ORD-019053,2026-09-14,Central,Accessories,10.40
ORD-019054,2026-09-14,Central,Hardware,436.05
ORD-019055,2026-09-14,Central,Services,850.79
ORD-019056,2026-09-14,Central,Software,158.37
ORD-019057,2026-09-14,Central,Accessories,33.58
ORD-019058,2026-09-14,Central,Software,135.01
ORD-019059,2026-09-14,Central,Services,355.67
ORD-019060,2026-09-14,Central,Software,149.59
ORD-019061,2026-09-14,Central,Hardware,119.74
ORD-019062,2026-09-14,Central,Accessories,145.32
ORD-019063,2026-09-14,Central,Accessories,34.52
ORD-019064,2026-09-14,Central,Services,594.25
ORD-019065,2026-09-14,Central,Accessories,22.49
ORD-019066,2026-09-14,Central,Accessories,48.47
ORD-019067,2026-09-14,Central,Hardware,308.92
ORD-019068,2026-09-14,Central,Accessories,37.80
ORD-019069,2026-09-14,Central,Accessories,41.73
ORD-019070,2026-09-14,Central,Hardware,190.64
ORD-019071,2026-09-14,Central,Services,826.30
ORD-019072,2026-09-14,Central,Hardware,930.53
ORD-019073,2026-09-14,Central,Software,181.00
ORD-019074,2026-09-14,Central,Services,292.59
ORD-019075,2026-09-14,Central,Services,324.89
ORD-019076,2026-09-14,Central,Accessories,42.12
ORD-019077,2026-09-14,Central,Accessories,31.97
ORD-019078,2026-09-14,Central,Software,241.38
ORD-019079,2026-09-14,Central,Hardware,213.54
ORD-019080,2026-09-14,Central,Services,125.00
ORD-019081,2026-09-14,South,Software,233.13
ORD-019082,2026-09-14,South,Software,47.88
ORD-019083,2026-09-14,South,Hardware,383.15
ORD-019084,2026-09-14,South,Software,96.80
ORD-019085,2026-09-14,South,Software,154.23
ORD-019086,2026-09-14,South,Hardware,227.32
ORD-019087,2026-09-14,South,Software,225.37
ORD-019088,2026-09-14,South,Services,458.61
ORD-019089,2026-09-14,South,Services,288.59
ORD-019090,2026-09-14,South,Software,94.59
ORD-019091,2026-09-14,South,Software,81.22
ORD-019092,2026-09-14,South,Accessories,54.02
ORD-019093,2026-09-14,South,Accessories,69.06
ORD-019094,2026-09-14,South,Hardware,482.41
ORD-019095,2026-09-14,South,Software,110.68
ORD-019096,2026-09-14,South,Hardware,757.80
ORD-019097,2026-09-14,South,Accessories,21.60
ORD-019098,2026-09-14,South,Software,110.54
ORD-019099,2026-09-14,South,Hardware,446.78
ORD-019100,2026-09-14,South,Services,1160.94
ORD-019101,2026-09-14,South,Hardware,292.26
ORD-019102,2026-09-15,North,Services,358.85
ORD-019103,2026-09-15,North,Hardware,445.48
ORD-019104,2026-09-15,North,,478.80
ORD-019105,2026-09-15,North,Hardware,160.34
ORD-019106,2026-09-15,North,Hardware,198.27
ORD-019107,2026-09-15,North,Accessories,35.82
ORD-019108,2026-09-15,North,Accessories,78.07
ORD-019109,2026-09-15,North,Hardware,296.45
ORD-019110,2026-09-15,North,,15.17
ORD-019111,2026-09-15,North,Accessories,96.70
ORD-019112,2026-09-15,North,Accessories,23.92
ORD-019113,2026-09-15,North,Accessories,33.89
ORD-019114,2026-09-15,North,Software,58.53
ORD-019115,2026-09-15,North,Services,797.94
ORD-019116,2026-09-15,North,Hardware,217.84
ORD-019117,2026-09-15,North,Services,1083.80
ORD-019118,2026-09-15,North,Accessories,35.89
ORD-019119,2026-09-15,North,Hardware,178.67
ORD-019120,2026-09-15,North,Software,171.37
ORD-019121,2026-09-15,North,,185.37
ORD-019122,2026-09-15,North,Accessories,29.26
ORD-019123,2026-09-15,North,Hardware,333.97
ORD-019124,2026-09-15,North,Hardware,361.56
ORD-019125,2026-09-15,North,Software,122.05
ORD-019126,2026-09-15,North,Software,161.49
ORD-019127,2026-09-15,North,Services,718.52
ORD-019128,2026-09-15,North,Hardware,430.35
ORD-019129,2026-09-15,North,,10.03
ORD-019130,2026-09-15,North,Hardware,156.58
ORD-019131,2026-09-15,North,Services,319.89
ORD-019132,2026-09-15,North,Software,290.81
ORD-019133,2026-09-15,North,Services,305.06
ORD-019134,2026-09-15,North,Hardware,284.82
ORD-019135,2026-09-15,North,Services,875.30
ORD-019136,2026-09-15,North,Accessories,43.30
ORD-019137,2026-09-15,North,Services,792.25
ORD-019138,2026-09-15,North,Accessories,48.22
ORD-019139,2026-09-15,Central,Software,237.71
ORD-019140,2026-09-15,Central,Hardware,240.66
ORD-019141,2026-09-15,Central,Accessories,44.08
ORD-019142,2026-09-15,Central,Services,453.01
ORD-019143,2026-09-15,Central,Services,654.47
ORD-019144,2026-09-15,Central,Services,232.48
ORD-019145,2026-09-15,Central,Hardware,719.36
ORD-019146,2026-09-15,Central,Hardware,417.78
ORD-019147,2026-09-15,Central,Accessories,29.11
ORD-019148,2026-09-15,Central,Accessories,15.48
ORD-019149,2026-09-15,Central,Accessories,42.47
ORD-019150,2026-09-15,Central,Accessories,46.39
ORD-019151,2026-09-15,Central,Software,70.91
ORD-019152,2026-09-15,Central,Hardware,152.67
ORD-019153,2026-09-15,Central,Accessories,20.99
ORD-019154,2026-09-15,Central,Services,601.36
ORD-019155,2026-09-15,Central,Hardware,292.10
ORD-019156,2026-09-15,Central,Software,165.00
ORD-019157,2026-09-15,Central,Software,263.60
ORD-019158,2026-09-15,Central,Services,757.96
ORD-019159,2026-09-15,Central,Software,94.50
ORD-019160,2026-09-15,Central,Hardware,1101.88
ORD-019161,2026-09-15,Central,Hardware,268.15
ORD-019162,2026-09-15,Central,Hardware,536.74
ORD-019163,2026-09-15,Central,Services,439.34
ORD-019164,2026-09-15,Central,Hardware,480.10
ORD-019165,2026-09-15,Central,Accessories,46.46
ORD-019166,2026-09-15,Central,,361.59
ORD-019167,2026-09-15,Central,Software,148.05
ORD-019168,2026-09-15,Central,Software,168.88
ORD-019169,2026-09-15,Central,Software,216.04
ORD-019170,2026-09-15,Central,Accessories,20.34
ORD-019171,2026-09-15,Central,Software,197.28
ORD-019172,2026-09-15,Central,Accessories,40.09
ORD-019173,2026-09-15,Central,Software,200.87
ORD-019174,2026-09-15,Central,Software,247.93
ORD-019175,2026-09-15,Central,Software,83.83
ORD-019176,2026-09-15,Central,Hardware,168.53
ORD-019177,2026-09-15,Central,Accessories,27.50
ORD-019178,2026-09-15,Central,Hardware,680.53
ORD-019179,2026-09-15,Central,Accessories,41.91
ORD-019180,2026-09-15,Central,Services,280.33
ORD-019181,2026-09-15,Central,Hardware,292.14
ORD-019182,2026-09-15,Central,Hardware,740.25
ORD-019183,2026-09-15,Central,Hardware,296.60
ORD-019184,2026-09-15,Central,Software,213.56
ORD-019185,2026-09-15,Central,Hardware,163.72
ORD-019186,2026-09-15,Central,Services,739.61
ORD-019187,2026-09-15,South,Software,178.80
ORD-019188,2026-09-15,South,Services,632.12
ORD-019189,2026-09-15,South,Hardware,348.98
ORD-019190,2026-09-15,South,Software,82.43
ORD-019191,2026-09-15,South,Services,495.96
ORD-019192,2026-09-15,South,Hardware,182.36
ORD-019193,2026-09-15,South,Services,564.52
ORD-019194,2026-09-15,South,Software,100.96
ORD-019195,2026-09-15,South,Software,57.04
ORD-019196,2026-09-15,South,Software,235.32
ORD-019197,2026-09-15,South,Hardware,186.22
ORD-019198,2026-09-15,South,Accessories,48.19
ORD-019199,2026-09-15,South,Accessories,33.86
ORD-019200,2026-09-15,South,Hardware,571.49
ORD-019201,2026-09-15,South,Accessories,50.69
ORD-019202,2026-09-15,South,Software,189.98
ORD-019203,2026-09-15,South,Software,441.78
ORD-019204,2026-09-15,South,Hardware,236.53
ORD-019205,2026-09-15,South,Accessories,63.07
ORD-019206,2026-09-15,South,Hardware,477.09
ORD-019207,2026-09-15,South,Hardware,331.76
ORD-019208,2026-09-15,South,Hardware,405.98
ORD-019209,2026-09-15,South,Software,181.06
ORD-019210,2026-09-15,South,Software,217.81
ORD-019211,2026-09-15,South,Software,107.05
ORD-019212,2026-09-15,South,Hardware,175.77
ORD-019213,2026-09-15,South,Software,230.62
ORD-019214,2026-09-15,South,Accessories,36.84
ORD-019215,2026-09-15,South,Hardware,310.13
ORD-019216,2026-09-15,South,Hardware,412.60
ORD-019217,2026-09-15,South,Accessories,13.09
ORD-019218,2026-09-15,South,Services,334.45
ORD-019219,2026-09-15,South,Hardware,304.63
ORD-019220,2026-09-15,South,Accessories,105.57
ORD-019221,2026-09-15,South,Services,484.30
ORD-019222,2026-09-15,South,Accessories,21.77
ORD-019223,2026-09-15,South,Accessories,11.49
ORD-019224,2026-09-16,North,Hardware,305.49
ORD-019225,2026-09-16,North,Accessories,60.92
ORD-019226,2026-09-16,North,Services,653.26
ORD-019227,2026-09-16,North,Software,153.37
ORD-019228,2026-09-16,North,Software,123.12
ORD-019229,2026-09-16,North,Software,169.16
ORD-019230,2026-09-16,North,Hardware,452.18
ORD-019231,2026-09-16,North,Software,122.77
ORD-019232,2026-09-16,North,Hardware,473.20
ORD-019233,2026-09-16,North,Accessories,71.29
ORD-019234,2026-09-16,North,Services,1296.80
ORD-019235,2026-09-16,North,Software,170.70
ORD-019236,2026-09-16,North,Accessories,36.19
ORD-019237,2026-09-16,North,Hardware,315.01
ORD-019238,2026-09-16,North,Software,83.11
ORD-019239,2026-09-16,North,,80.09
ORD-019240,2026-09-16,North,Accessories,22.65
ORD-019241,2026-09-16,North,Software,164.99
ORD-019242,2026-09-16,North,Hardware,186.46
ORD-019243,2026-09-16,North,Hardware,219.21
ORD-019244,2026-09-16,North,Hardware,288.26
ORD-019245,2026-09-16,North,Hardware,471.42
ORD-019246,2026-09-16,North,Services,594.91
ORD-019247,2026-09-16,North,Accessories,99.40
ORD-019248,2026-09-16,North,Services,607.27
ORD-019249,2026-09-16,North,Services,476.68
ORD-019250,2026-09-16,North,Software,70.40
ORD-019251,2026-09-16,North,Software,378.50
ORD-019252,2026-09-16,North,Hardware,402.98
ORD-019253,2026-09-16,North,Software,70.10
ORD-019254,2026-09-16,North,Hardware,416.88
ORD-019255,2026-09-16,North,Accessories,48.84
ORD-019256,2026-09-16,North,Hardware,486.25
ORD-019257,2026-09-16,North,Hardware,525.78
ORD-019258,2026-09-16,North,Accessories,64.66
ORD-019259,2026-09-16,North,Software,95.80
ORD-019260,2026-09-16,North,Hardware,171.93
ORD-019261,2026-09-16,North,Software,311.03
ORD-019262,2026-09-16,North,Services,197.52
ORD-019263,2026-09-16,North,Hardware,504.95
ORD-019264,2026-09-16,North,Accessories,26.93
ORD-019265,2026-09-16,North,Services,450.74
ORD-019266,2026-09-16,North,Software,76.05
ORD-019267,2026-09-16,North,,82.13
ORD-019268,2026-09-16,North,Accessories,31.46
ORD-019269,2026-09-16,North,Hardware,195.25
ORD-019270,2026-09-16,Central,Software,124.74
ORD-019271,2026-09-16,Central,Hardware,360.14
ORD-019272,2026-09-16,Central,Services,938.06
ORD-019273,2026-09-16,Central,Software,187.47
ORD-019274,2026-09-16,Central,Accessories,54.93
ORD-019275,2026-09-16,Central,Accessories,32.57
ORD-019276,2026-09-16,Central,Hardware,404.54
ORD-019277,2026-09-16,Central,Accessories,40.73
ORD-019278,2026-09-16,Central,Services,580.63
ORD-019279,2026-09-16,Central,Hardware,206.14
ORD-019280,2026-09-16,Central,Accessories,19.62
ORD-019281,2026-09-16,Central,Services,420.88
ORD-019282,2026-09-16,Central,Hardware,244.98
ORD-019283,2026-09-16,Central,Accessories,33.57
ORD-019284,2026-09-16,Central,Hardware,472.13
ORD-019285,2026-09-16,Central,Hardware,195.39
ORD-019286,2026-09-16,Central,Hardware,444.03
ORD-019287,2026-09-16,Central,Hardware,284.51
ORD-019288,2026-09-16,Central,Accessories,17.59
ORD-019289,2026-09-16,Central,Hardware,480.19
ORD-019290,2026-09-16,Central,Software,135.74
ORD-019291,2026-09-16,Central,Accessories,70.06
ORD-019292,2026-09-16,Central,Services,899.08
ORD-019293,2026-09-16,Central,Hardware,307.75
ORD-019294,2026-09-16,Central,Software,111.86
ORD-019295,2026-09-16,Central,Hardware,430.98
ORD-019296,2026-09-16,Central,Software,111.53
ORD-019297,2026-09-16,Central,Software,66.05
ORD-019298,2026-09-16,Central,Services,540.49
ORD-019299,2026-09-16,Central,Software,140.35
ORD-019300,2026-09-16,Central,Hardware,331.37
ORD-019301,2026-09-16,Central,Services,389.44
ORD-019302,2026-09-16,Central,Accessories,22.46
ORD-019303,2026-09-16,Central,Software,153.89
ORD-019304,2026-09-16,Central,Services,199.41
ORD-019305,2026-09-16,Central,Hardware,458.83
ORD-019306,2026-09-16,South,Software,176.03
ORD-019307,2026-09-16,South,Accessories,38.32
ORD-019308,2026-09-16,South,Software,110.37
ORD-019309,2026-09-16,South,Hardware,282.57
ORD-019310,2026-09-16,South,Accessories,22.92
ORD-019311,2026-09-16,South,Software,141.83
ORD-019312,2026-09-16,South,Hardware,1006.10
ORD-019313,2026-09-16,South,Accessories,27.34
ORD-019314,2026-09-16,South,Accessories,52.57
ORD-019315,2026-09-16,South,Software,387.78
ORD-019316,2026-09-16,South,Services,600.32
ORD-019317,2026-09-16,South,Services,864.23
ORD-019318,2026-09-16,South,Services,840.60
ORD-019319,2026-09-16,South,Services,1425.00
ORD-019320,2026-09-16,South,Hardware,379.23
ORD-019321,2026-09-16,South,Hardware,204.55
ORD-019322,2026-09-16,South,Accessories,30.03
ORD-019323,2026-09-16,South,Hardware,215.83
ORD-019324,2026-09-16,South,Services,340.11
ORD-019325,2026-09-16,South,Hardware,1178.94
ORD-019326,2026-09-16,South,,349.55
ORD-019327,2026-09-16,South,Hardware,283.60
ORD-019328,2026-09-16,South,Software,128.39
ORD-019329,2026-09-16,South,Hardware,439.66
ORD-019330,2026-09-16,South,Accessories,55.25
ORD-019331,2026-09-16,South,Hardware,101.12
ORD-019332,2026-09-16,South,Software,150.32
ORD-019333,2026-09-16,South,Software,272.15
ORD-019334,2026-09-16,South,Services,310.67
ORD-019335,2026-09-16,South,Accessories,142.57
ORD-019336,2026-09-17,North,Accessories,54.83
ORD-019337,2026-09-17,North,Hardware,260.17
ORD-019338,2026-09-17,North,Software,489.29
ORD-019339,2026-09-17,North,Hardware,396.92
ORD-019340,2026-09-17,North,Services,677.48
ORD-019341,2026-09-17,North,Hardware,166.99
ORD-019342,2026-09-17,North,Accessories,95.76
ORD-019343,2026-09-17,North,,108.60
ORD-019344,2026-09-17,North,Software,128.92
ORD-019345,2026-09-17,North,Hardware,503.94
ORD-019346,2026-09-17,North,Accessories,67.18
ORD-019347,2026-09-17,North,Accessories,79.79
ORD-019348,2026-09-17,North,Accessories,64.13
ORD-019349,2026-09-17,North,Hardware,268.26
ORD-019350,2026-09-17,North,Services,315.23
ORD-019351,2026-09-17,North,Hardware,378.29
ORD-019352,2026-09-17,North,Services,1441.28
ORD-019353,2026-09-17,North,Software,214.54
ORD-019354,2026-09-17,North,Hardware,179.24
ORD-019355,2026-09-17,North,Hardware,175.68
ORD-019356,2026-09-17,North,Accessories,33.63
ORD-019357,2026-09-17,North,Hardware,261.02
ORD-019358,2026-09-17,North,Accessories,19.45
ORD-019359,2026-09-17,North,,19.02
ORD-019360,2026-09-17,North,Software,84.15
ORD-019361,2026-09-17,North,Accessories,36.76
ORD-019362,2026-09-17,North,Services,420.63
ORD-019363,2026-09-17,North,Services,1063.95
ORD-019364,2026-09-17,North,Hardware,932.75
ORD-019365,2026-09-17,North,Hardware,209.40
ORD-019366,2026-09-17,North,Hardware,640.39
ORD-019367,2026-09-17,North,Software,79.12
ORD-019368,2026-09-17,North,Services,506.28
ORD-019369,2026-09-17,North,Accessories,50.59
ORD-019370,2026-09-17,North,Hardware,197.86
ORD-019371,2026-09-17,North,,95.35
ORD-019372,2026-09-17,North,Software,139.88
ORD-019373,2026-09-17,North,Hardware,749.55
ORD-019374,2026-09-17,North,Hardware,445.00
ORD-019375,2026-09-17,North,Accessories,18.30
ORD-019376,2026-09-17,North,Accessories,69.13
ORD-019377,2026-09-17,North,Software,108.30
ORD-019378,2026-09-17,North,Services,584.08
ORD-019379,2026-09-17,North,Hardware,318.41
ORD-019380,2026-09-17,North,Hardware,578.77
ORD-019381,2026-09-17,Central,Services,816.20
ORD-019382,2026-09-17,Central,Hardware,421.30
ORD-019383,2026-09-17,Central,Software,307.80
ORD-019384,2026-09-17,Central,Hardware,363.67
ORD-019385,2026-09-17,Central,Hardware,203.32
ORD-019386,2026-09-17,Central,Hardware,476.03
ORD-019387,2026-09-17,Central,Accessories,45.77
ORD-019388,2026-09-17,Central,Software,169.32
ORD-019389,2026-09-17,Central,Services,272.92
ORD-019390,2026-09-17,Central,Hardware,323.87
ORD-019391,2026-09-17,Central,Services,465.11
ORD-019392,2026-09-17,Central,Software,63.88
ORD-019393,2026-09-17,Central,Accessories,33.84
ORD-019394,2026-09-17,Central,Accessories,26.65
ORD-019395,2026-09-17,Central,Hardware,169.75
ORD-019396,2026-09-17,Central,Hardware,174.27
ORD-019397,2026-09-17,Central,,41.56
ORD-019398,2026-09-17,Central,Accessories,12.30
ORD-019399,2026-09-17,Central,Software,172.67
ORD-019400,2026-09-17,Central,Software,50.80
ORD-019401,2026-09-17,Central,Hardware,175.85
ORD-019402,2026-09-17,Central,Accessories,56.33
ORD-019403,2026-09-17,Central,Software,199.99
ORD-019404,2026-09-17,Central,Software,100.68
ORD-019405,2026-09-17,Central,,54.56
ORD-019406,2026-09-17,Central,Software,245.76
ORD-019407,2026-09-17,Central,Hardware,278.79
ORD-019408,2026-09-17,Central,Hardware,369.23
ORD-019409,2026-09-17,Central,Services,257.77
ORD-019410,2026-09-17,Central,Services,658.21
ORD-019411,2026-09-17,Central,Hardware,206.40
ORD-019412,2026-09-17,Central,Accessories,55.36
ORD-019413,2026-09-17,Central,Services,407.45
ORD-019414,2026-09-17,Central,Services,739.91
ORD-019415,2026-09-17,Central,Services,611.97
ORD-019416,2026-09-17,Central,Services,613.40
ORD-019417,2026-09-17,Central,Hardware,310.96
ORD-019418,2026-09-17,Central,Services,286.46
ORD-019419,2026-09-17,South,Software,268.22
ORD-019420,2026-09-17,South,Hardware,226.53
ORD-019421,2026-09-17,South,Services,340.08
ORD-019422,2026-09-17,South,Software,228.32
ORD-019423,2026-09-17,South,Accessories,16.41
ORD-019424,2026-09-17,South,Hardware,387.92
ORD-019425,2026-09-17,South,Hardware,416.74
ORD-019426,2026-09-17,South,Services,648.35
ORD-019427,2026-09-17,South,Hardware,313.30
ORD-019428,2026-09-17,South,Accessories,22.51
ORD-019429,2026-09-17,South,Software,289.54
ORD-019430,2026-09-17,South,Software,196.70
ORD-019431,2026-09-17,South,Hardware,299.95
ORD-019432,2026-09-17,South,Services,417.75
ORD-019433,2026-09-17,South,Accessories,47.83
ORD-019434,2026-09-17,South,Services,837.76
ORD-019435,2026-09-17,South,Accessories,17.93
ORD-019436,2026-09-17,South,Hardware,201.82
ORD-019437,2026-09-17,South,Accessories,88.17
ORD-019438,2026-09-17,South,Hardware,207.65
ORD-019439,2026-09-17,South,Accessories,77.31
ORD-019440,2026-09-17,South,Software,57.60
ORD-019441,2026-09-17,South,Hardware,264.55
ORD-019442,2026-09-17,South,Accessories,28.95
ORD-019443,2026-09-17,South,Services,541.10
ORD-019444,2026-09-17,South,Accessories,13.85
ORD-019445,2026-09-17,South,Services,237.46
ORD-019446,2026-09-17,South,Software,52.64
ORD-019447,2026-09-17,South,Hardware,247.94
ORD-019448,2026-09-17,South,Accessories,14.82
ORD-019449,2026-09-17,South,Hardware,138.63
ORD-019450,2026-09-18,North,Hardware,307.64
ORD-019451,2026-09-18,North,Hardware,199.14
ORD-019452,2026-09-18,North,Accessories,30.06
ORD-019453,2026-09-18,North,Software,76.08
ORD-019454,2026-09-18,North,Accessories,12.35
ORD-019455,2026-09-18,North,Accessories,15.21
ORD-019456,2026-09-18,North,Services,1574.19
ORD-019457,2026-09-18,North,Accessories,23.59
ORD-019458,2026-09-18,North,Services,744.77
ORD-019459,2026-09-18,North,Software,165.50
ORD-019460,2026-09-18,North,Software,295.76
ORD-019461,2026-09-18,North,Hardware,173.92
ORD-019462,2026-09-18,North,,148.95
ORD-019463,2026-09-18,North,Hardware,549.31
ORD-019464,2026-09-18,North,Hardware,515.60
ORD-019465,2026-09-18,North,Hardware,189.88
ORD-019466,2026-09-18,North,,381.44
ORD-019467,2026-09-18,North,Accessories,134.46
ORD-019468,2026-09-18,North,Accessories,48.19
ORD-019469,2026-09-18,North,Accessories,54.63
ORD-019470,2026-09-18,North,Hardware,484.43
ORD-019471,2026-09-18,North,,123.17
ORD-019472,2026-09-18,North,Services,1379.84
ORD-019473,2026-09-18,North,Software,97.59
ORD-019474,2026-09-18,North,Hardware,698.75
ORD-019475,2026-09-18,North,Services,222.26
ORD-019476,2026-09-18,North,Services,495.90
ORD-019477,2026-09-18,North,Hardware,229.26
ORD-019478,2026-09-18,North,Accessories,151.01
ORD-019479,2026-09-18,North,Hardware,475.91
ORD-019480,2026-09-18,North,Accessories,60.66
ORD-019481,2026-09-18,North,Software,172.53
ORD-019482,2026-09-18,North,Hardware,231.28
ORD-019483,2026-09-18,North,Accessories,135.83
ORD-019484,2026-09-18,North,,416.21
ORD-019485,2026-09-18,North,Software,102.18
ORD-019486,2026-09-18,North,Hardware,679.16
ORD-019487,2026-09-18,North,Hardware,131.89
ORD-019488,2026-09-18,North,Services,271.67
ORD-019489,2026-09-18,Central,Accessories,70.59
ORD-019490,2026-09-18,Central,Hardware,345.19
ORD-019491,2026-09-18,Central,Software,170.76
ORD-019492,2026-09-18,Central,Software,128.80
ORD-019493,2026-09-18,Central,,184.21
ORD-019494,2026-09-18,Central,Services,494.99
ORD-019495,2026-09-18,Central,Services,333.94
ORD-019496,2026-09-18,Central,Services,173.62
ORD-019497,2026-09-18,Central,Software,108.18
ORD-019498,2026-09-18,Central,Software,186.58
ORD-019499,2026-09-18,Central,Services,1100.67
ORD-019500,2026-09-18,Central,Hardware,69.31
ORD-019501,2026-09-18,Central,Services,395.11
ORD-019502,2026-09-18,Central,Hardware,404.56
ORD-019503,2026-09-18,Central,Services,471.37
ORD-019504,2026-09-18,Central,Software,167.43
ORD-019505,2026-09-18,Central,Accessories,15.48
ORD-019506,2026-09-18,Central,Accessories,46.11
ORD-019507,2026-09-18,Central,Hardware,139.86
ORD-019508,2026-09-18,Central,Hardware,478.57
ORD-019509,2026-09-18,Central,Software,271.64
ORD-019510,2026-09-18,Central,Software,304.58
ORD-019511,2026-09-18,Central,Accessories,32.32
ORD-019512,2026-09-18,Central,Software,193.69
ORD-019513,2026-09-18,Central,Hardware,297.94
ORD-019514,2026-09-18,Central,Hardware,519.75
ORD-019515,2026-09-18,Central,Services,268.43
ORD-019516,2026-09-18,Central,Services,778.50
ORD-019517,2026-09-18,Central,Hardware,619.30
ORD-019518,2026-09-18,Central,Hardware,350.49
ORD-019519,2026-09-18,Central,Hardware,406.86
ORD-019520,2026-09-18,Central,Hardware,253.53
ORD-019521,2026-09-18,Central,Accessories,68.95
ORD-019522,2026-09-18,Central,Hardware,470.73
ORD-019523,2026-09-18,Central,Accessories,34.04
ORD-019524,2026-09-18,Central,Services,526.98
ORD-019525,2026-09-18,Central,Software,143.29
ORD-019526,2026-09-18,Central,Accessories,157.99
ORD-019527,2026-09-18,Central,Accessories,32.54
ORD-019528,2026-09-18,Central,Software,385.12
ORD-019529,2026-09-18,Central,Software,76.68
ORD-019530,2026-09-18,Central,Services,558.26
ORD-019531,2026-09-18,Central,Hardware,176.23
ORD-019532,2026-09-18,Central,Hardware,234.84
ORD-019533,2026-09-18,Central,Hardware,301.32
ORD-019534,2026-09-18,Central,Hardware,158.49
ORD-019535,2026-09-18,Central,Hardware,447.69
ORD-019536,2026-09-18,Central,Software,126.68
ORD-019537,2026-09-18,Central,Software,142.72
ORD-019538,2026-09-18,Central,Hardware,183.01
ORD-019539,2026-09-18,Central,Services,1838.28
ORD-019540,2026-09-18,Central,Services,565.98
ORD-019541,2026-09-18,South,Accessories,26.96
ORD-019542,2026-09-18,South,Software,104.36
ORD-019543,2026-09-18,South,Hardware,240.16
ORD-019544,2026-09-18,South,Hardware,676.56
ORD-019545,2026-09-18,South,Hardware,374.33
ORD-019546,2026-09-18,South,Accessories,52.50
ORD-019547,2026-09-18,South,Services,273.46
ORD-019548,2026-09-18,South,Software,91.83
ORD-019549,2026-09-18,South,Services,552.42
ORD-019550,2026-09-18,South,Software,76.26
ORD-019551,2026-09-18,South,Software,164.76
ORD-019552,2026-09-18,South,Accessories,34.40
ORD-019553,2026-09-18,South,Software,85.01
ORD-019554,2026-09-18,South,Software,211.48
ORD-019555,2026-09-18,South,Accessories,67.03
ORD-019556,2026-09-18,South,Hardware,179.68
ORD-019557,2026-09-18,South,Software,186.18
ORD-019558,2026-09-18,South,Hardware,248.17
ORD-019559,2026-09-18,South,Hardware,660.11
ORD-019560,2026-09-18,South,Hardware,333.50
ORD-019561,2026-09-18,South,Services,350.30
ORD-019562,2026-09-18,South,Hardware,398.50
ORD-019563,2026-09-18,South,Hardware,1032.05
ORD-019564,2026-09-18,South,Software,140.77
ORD-019565,2026-09-18,South,Software,90.51
ORD-019566,2026-09-18,South,Software,118.32
ORD-019567,2026-09-18,South,Software,118.05
ORD-019568,2026-09-18,South,Accessories,14.54
ORD-019569,2026-09-18,South,Services,447.69
ORD-019570,2026-09-18,South,Hardware,206.35
ORD-019571,2026-09-18,South,Software,128.67
ORD-019572,2026-09-18,South,Hardware,206.59
ORD-019573,2026-09-18,South,Hardware,152.11
ORD-019574,2026-09-18,South,Accessories,14.11
ORD-019575,2026-09-18,South,Services,602.96
ORD-019576,2026-09-18,South,,57.45
ORD-019577,2026-09-18,South,Hardware,315.17
ORD-019578,2026-09-18,South,Hardware,468.97
ORD-019579,2026-09-18,South,Hardware,172.16
ORD-019580,2026-09-18,South,Accessories,22.94
ORD-019581,2026-09-18,South,Software,168.08
ORD-019582,2026-09-18,South,Hardware,289.20
ORD-019583,2026-09-18,South,Services,693.50
ORD-019584,2026-09-19,North,Services,625.54
ORD-019585,2026-09-19,North,Software,55.82
ORD-019586,2026-09-19,North,Services,701.20
ORD-019587,2026-09-19,North,Software,227.08
ORD-019588,2026-09-19,North,Hardware,399.42
ORD-019589,2026-09-19,North,,365.25
ORD-019590,2026-09-19,North,,188.04
ORD-019591,2026-09-19,North,Services,245.68
ORD-019592,2026-09-19,North,Hardware,177.47
ORD-019593,2026-09-19,North,Services,312.88
ORD-019594,2026-09-19,North,Software,41.75
ORD-019595,2026-09-19,North,Services,689.79
ORD-019596,2026-09-19,North,,387.17
ORD-019597,2026-09-19,North,Accessories,30.35
ORD-019598,2026-09-19,North,Hardware,744.12
ORD-019599,2026-09-19,North,Software,306.75
ORD-019600,2026-09-19,North,Hardware,230.47
ORD-019601,2026-09-19,North,Services,954.02
ORD-019602,2026-09-19,North,Hardware,411.15
ORD-019603,2026-09-19,North,Services,313.21
ORD-019604,2026-09-19,North,Hardware,242.25
ORD-019605,2026-09-19,North,Software,136.52
ORD-019606,2026-09-19,North,Accessories,21.39
ORD-019607,2026-09-19,North,Hardware,512.92
ORD-019608,2026-09-19,North,Accessories,71.73
ORD-019609,2026-09-19,North,Hardware,785.35
ORD-019610,2026-09-19,North,Software,163.62
ORD-019611,2026-09-19,North,Hardware,462.08
ORD-019612,2026-09-19,North,Services,1315.29
ORD-019613,2026-09-19,North,,402.43
ORD-019614,2026-09-19,North,Hardware,126.42
ORD-019615,2026-09-19,North,Services,549.11
ORD-019616,2026-09-19,North,Software,115.36
ORD-019617,2026-09-19,North,Accessories,51.65
ORD-019618,2026-09-19,North,Accessories,15.81
ORD-019619,2026-09-19,North,Services,348.88
ORD-019620,2026-09-19,North,Hardware,355.53
ORD-019621,2026-09-19,North,,201.96
ORD-019622,2026-09-19,North,Services,759.02
ORD-019623,2026-09-19,North,Accessories,40.00
ORD-019624,2026-09-19,North,Services,315.36
ORD-019625,2026-09-19,Central,Services,500.28
ORD-019626,2026-09-19,Central,Hardware,270.67
ORD-019627,2026-09-19,Central,Accessories,36.98
ORD-019628,2026-09-19,Central,Hardware,360.08
ORD-019629,2026-09-19,Central,Accessories,50.21
ORD-019630,2026-09-19,Central,Hardware,117.55
ORD-019631,2026-09-19,Central,Hardware,213.40
ORD-019632,2026-09-19,Central,Hardware,651.62
ORD-019633,2026-09-19,Central,Hardware,235.23
ORD-019634,2026-09-19,Central,Accessories,20.56
ORD-019635,2026-09-19,Central,Accessories,40.72
ORD-019636,2026-09-19,Central,Accessories,19.23
ORD-019637,2026-09-19,Central,Hardware,273.25
ORD-019638,2026-09-19,Central,Services,1805.30
ORD-019639,2026-09-19,Central,Software,148.82
ORD-019640,2026-09-19,Central,Accessories,30.29
ORD-019641,2026-09-19,Central,Accessories,20.49
ORD-019642,2026-09-19,Central,Accessories,14.03
ORD-019643,2026-09-19,Central,Services,719.79
ORD-019644,2026-09-19,Central,Hardware,225.32
ORD-019645,2026-09-19,Central,Hardware,235.26
ORD-019646,2026-09-19,Central,Hardware,98.00
ORD-019647,2026-09-19,Central,Software,334.50
ORD-019648,2026-09-19,Central,Accessories,42.84
ORD-019649,2026-09-19,Central,Software,115.29
ORD-019650,2026-09-19,Central,Services,772.06
ORD-019651,2026-09-19,Central,Accessories,53.21
ORD-019652,2026-09-19,Central,Hardware,574.87
ORD-019653,2026-09-19,Central,Software,476.43
ORD-019654,2026-09-19,Central,Accessories,9.07
ORD-019655,2026-09-19,Central,Software,162.16
ORD-019656,2026-09-19,Central,Accessories,30.78
ORD-019657,2026-09-19,Central,Hardware,198.22
ORD-019658,2026-09-19,Central,Accessories,22.43
ORD-019659,2026-09-19,Central,Hardware,869.99
ORD-019660,2026-09-19,Central,Accessories,42.60
ORD-019661,2026-09-19,Central,Hardware,574.48
ORD-019662,2026-09-19,Central,Services,946.44
ORD-019663,2026-09-19,Central,Accessories,59.26
ORD-019664,2026-09-19,Central,Hardware,808.22
ORD-019665,2026-09-19,Central,Software,92.94
ORD-019666,2026-09-19,Central,Services,335.57
ORD-019667,2026-09-19,Central,Software,83.01
ORD-019668,2026-09-19,Central,Hardware,113.56
ORD-019669,2026-09-19,South,Software,94.17
ORD-019670,2026-09-19,South,Hardware,307.75
ORD-019671,2026-09-19,South,Software,106.78
ORD-019672,2026-09-19,South,Accessories,29.78
ORD-019673,2026-09-19,South,Software,230.38
ORD-019674,2026-09-19,South,Software,197.24
ORD-019675,2026-09-19,South,Hardware,340.36
ORD-019676,2026-09-19,South,Software,334.72
ORD-019677,2026-09-19,South,Services,856.57
ORD-019678,2026-09-19,South,Software,124.01
ORD-019679,2026-09-19,South,Services,385.60
ORD-019680,2026-09-19,South,Software,44.22
ORD-019681,2026-09-19,South,Services,697.74
ORD-019682,2026-09-19,South,Accessories,66.32
ORD-019683,2026-09-19,South,Services,1505.92
ORD-019684,2026-09-19,South,Hardware,243.18
ORD-019685,2026-09-19,South,Services,789.92
ORD-019686,2026-09-19,South,Accessories,36.83
ORD-019687,2026-09-19,South,Hardware,333.00
ORD-019688,2026-09-19,South,Software,61.80
ORD-019689,2026-09-19,South,Software,183.78
ORD-019690,2026-09-19,South,Software,164.75
ORD-019691,2026-09-19,South,Software,138.81
ORD-019692,2026-09-19,South,Software,196.72
ORD-019693,2026-09-19,South,Software,101.71
ORD-019694,2026-09-19,South,Accessories,26.11
ORD-019695,2026-09-19,South,Software,130.88
ORD-019696,2026-09-20,North,Software,127.65
ORD-019697,2026-09-20,North,Hardware,159.58
ORD-019698,2026-09-20,North,Services,488.08
ORD-019699,2026-09-20,North,Software,125.38
ORD-019700,2026-09-20,North,Hardware,1388.67
ORD-019701,2026-09-20,North,Accessories,23.10
ORD-019702,2026-09-20,North,Software,99.64
ORD-019703,2026-09-20,North,Hardware,751.04
ORD-019704,2026-09-20,North,Software,260.02
ORD-019705,2026-09-20,North,Services,423.20
ORD-019706,2026-09-20,North,,79.62
ORD-019707,2026-09-20,North,Services,397.82
ORD-019708,2026-09-20,North,Accessories,29.56
ORD-019709,2026-09-20,North,Hardware,154.65
ORD-019710,2026-09-20,North,Hardware,157.59
ORD-019711,2026-09-20,North,,70.15
ORD-019712,2026-09-20,North,Services,944.77
ORD-019713,2026-09-20,North,Hardware,406.20
ORD-019714,2026-09-20,North,Services,819.60
ORD-019715,2026-09-20,North,Services,658.96
ORD-019716,2026-09-20,North,Accessories,52.55
ORD-019717,2026-09-20,North,Software,178.32
ORD-019718,2026-09-20,North,Hardware,168.24
ORD-019719,2026-09-20,North,,205.79
ORD-019720,2026-09-20,North,Hardware,367.39
ORD-019721,2026-09-20,North,Software,235.79
ORD-019722,2026-09-20,North,Accessories,49.44
ORD-019723,2026-09-20,North,Hardware,377.38
ORD-019724,2026-09-20,North,,335.54
ORD-019725,2026-09-20,North,Software,282.31
ORD-019726,2026-09-20,North,Hardware,225.15
ORD-019727,2026-09-20,North,Services,422.91
ORD-019728,2026-09-20,Central,Hardware,204.51
ORD-019729,2026-09-20,Central,Software,140.03
ORD-019730,2026-09-20,Central,Software,161.31
ORD-019731,2026-09-20,Central,Accessories,26.30
ORD-019732,2026-09-20,Central,Software,143.77
ORD-019733,2026-09-20,Central,Services,737.41
ORD-019734,2026-09-20,Central,Services,425.79
ORD-019735,2026-09-20,Central,Services,417.02
ORD-019736,2026-09-20,Central,Software,63.73
ORD-019737,2026-09-20,Central,Hardware,619.33
ORD-019738,2026-09-20,Central,Software,175.92
ORD-019739,2026-09-20,Central,Accessories,31.26
ORD-019740,2026-09-20,Central,Hardware,255.25
ORD-019741,2026-09-20,Central,Hardware,271.38
ORD-019742,2026-09-20,Central,Software,96.60
ORD-019743,2026-09-20,Central,Hardware,301.39
ORD-019744,2026-09-20,Central,Software,138.12
ORD-019745,2026-09-20,Central,,31.71
ORD-019746,2026-09-20,Central,Software,106.13
ORD-019747,2026-09-20,Central,Accessories,29.71
ORD-019748,2026-09-20,Central,Software,52.35
ORD-019749,2026-09-20,Central,Software,287.52
ORD-019750,2026-09-20,Central,Accessories,73.68
ORD-019751,2026-09-20,Central,Services,568.05
ORD-019752,2026-09-20,Central,Software,224.38
ORD-019753,2026-09-20,Central,Software,290.13
ORD-019754,2026-09-20,Central,Software,476.23
ORD-019755,2026-09-20,Central,Software,61.45
ORD-019756,2026-09-20,Central,Services,457.49
ORD-019757,2026-09-20,Central,Hardware,346.80
ORD-019758,2026-09-20,Central,Software,115.92
ORD-019759,2026-09-20,Central,Accessories,45.26
ORD-019760,2026-09-20,Central,Software,115.21
ORD-019761,2026-09-20,Central,Hardware,284.83
ORD-019762,2026-09-20,Central,Accessories,19.87
ORD-019763,2026-09-20,Central,Accessories,65.50
ORD-019764,2026-09-20,Central,Hardware,534.29
ORD-019765,2026-09-20,Central,Hardware,645.21
ORD-019766,2026-09-20,Central,Services,794.14
ORD-019767,2026-09-20,Central,Software,88.55
ORD-019768,2026-09-20,Central,Accessories,66.67
ORD-019769,2026-09-20,Central,Services,712.75
ORD-019770,2026-09-20,Central,Accessories,20.78
ORD-019771,2026-09-20,South,Hardware,349.29
ORD-019772,2026-09-20,South,Accessories,40.65
ORD-019773,2026-09-20,South,Hardware,95.71
ORD-019774,2026-09-20,South,Accessories,29.26
ORD-019775,2026-09-20,South,Software,380.99
ORD-019776,2026-09-20,South,Software,234.72
ORD-019777,2026-09-20,South,Accessories,9.48
ORD-019778,2026-09-20,South,Software,168.69
ORD-019779,2026-09-20,South,Software,171.00
ORD-019780,2026-09-20,South,Accessories,49.54
ORD-019781,2026-09-20,South,Hardware,352.04
ORD-019782,2026-09-20,South,Services,1042.52
ORD-019783,2026-09-20,South,Accessories,27.24
ORD-019784,2026-09-20,South,Hardware,695.64
ORD-019785,2026-09-20,South,Software,154.10
ORD-019786,2026-09-20,South,Software,114.50
ORD-019787,2026-09-20,South,Hardware,541.99
ORD-019788,2026-09-20,South,Accessories,37.04
ORD-019789,2026-09-20,South,Hardware,261.78
ORD-019790,2026-09-20,South,Software,125.81
ORD-019791,2026-09-20,South,Services,628.14
ORD-019792,2026-09-20,South,Hardware,370.13
ORD-019793,2026-09-20,South,Accessories,20.35
